date,symbol,BB_1pm,BO_1pm,MID_1pm,quote_set,violation_type,BB_c1,BO_c1,Mid_c1,BB_4pm,BO_4pm,Mid_4pm,LBB,LBO,LMid
21/10/1993,AAPL,29.75,28.0,28.875,1pm,BID_GREATER_THAN_ASK,,,,,,,,,
28/10/1993,AAPL,31.875,31.75,31.8125,1pm,BID_GREATER_THAN_ASK,,,,,,,,,
04/11/1993,AAPL,31.5,31.25,31.375,1pm,BID_GREATER_THAN_ASK,,,,,,,,,
18/11/1993,AAPL,33.375,33.25,33.3125,1pm,BID_GREATER_THAN_ASK,,,,,,,,,
02/12/1993,AAPL,31.5,31.125,31.3125,1pm,BID_GREATER_THAN_ASK,,,,,,,,,
10/12/1993,AAPL,30.0,29.5,29.75,1pm,BID_GREATER_THAN_ASK,,,,,,,,,
16/02/1993,GE,83.375,83.125,83.25,1pm,BID_GREATER_THAN_ASK,,,,,,,,,
23/07/1993,INTC,51.25,50.5,50.875,1pm,BID_GREATER_THAN_ASK,,,,,,,,,
27/07/1993,INTC,52.375,52.0,52.1875,1pm,BID_GREATER_THAN_ASK,,,,,,,,,
24/08/1993,INTC,64.125,63.75,63.9375,1pm,BID_GREATER_THAN_ASK,,,,,,,,,
08/09/1993,INTC,62.0,60.75,61.375,1pm,BID_GREATER_THAN_ASK,,,,,,,,,
15/09/1993,INTC,64.0,63.5,63.75,1pm,BID_GREATER_THAN_ASK,,,,,,,,,
28/09/1993,INTC,70.75,70.5,70.625,1pm,BID_GREATER_THAN_ASK,,,,,,,,,
13/10/1993,INTC,64.75,63.25,64.0,1pm,BID_GREATER_THAN_ASK,,,,,,,,,
15/11/1993,INTC,60.75,60.25,60.5,1pm,BID_GREATER_THAN_ASK,,,,,,,,,
17/11/1993,INTC,59.75,59.5,59.625,1pm,BID_GREATER_THAN_ASK,,,,,,,,,
19/11/1993,INTC,58.5,58.25,58.375,1pm,BID_GREATER_THAN_ASK,,,,,,,,,
23/11/1993,INTC,58.5,58.0,58.25,1pm,BID_GREATER_THAN_ASK,,,,,,,,,
29/11/1993,INTC,61.25,60.75,61.0,1pm,BID_GREATER_THAN_ASK,,,,,,,,,
02/12/1993,INTC,62.25,61.75,62.0,1pm,BID_GREATER_THAN_ASK,,,,,,,,,
15/12/1993,INTC,58.25,57.5,57.875,1pm,BID_GREATER_THAN_ASK,,,,,,,,,
16/02/1993,JNJ,42.875,42.625,42.75,1pm,BID_GREATER_THAN_ASK,,,,,,,,,
25/03/1993,JPM,69.125,69.0,69.0625,1pm,BID_GREATER_THAN_ASK,,,,,,,,,
16/02/1993,KO,40.5,40.125,40.3125,1pm,BID_GREATER_THAN_ASK,,,,,,,,,
30/07/1993,ORCL,51.375,50.625,51.0,1pm,BID_GREATER_THAN_ASK,,,,,,,,,
08/09/1993,ORCL,50.375,48.75,49.5625,1pm,BID_GREATER_THAN_ASK,,,,,,,,,
14/09/1993,ORCL,49.0,48.5,48.75,1pm,BID_GREATER_THAN_ASK,,,,,,,,,
07/10/1993,ORCL,59.125,59.0,59.0625,1pm,BID_GREATER_THAN_ASK,,,,,,,,,
13/10/1993,ORCL,63.625,63.0,63.3125,1pm,BID_GREATER_THAN_ASK,,,,,,,,,
26/10/1993,ORCL,59.625,59.0,59.3125,1pm,BID_GREATER_THAN_ASK,,,,,,,,,
04/11/1993,ORCL,57.875,57.0,57.4375,1pm,BID_GREATER_THAN_ASK,,,,,,,,,
08/11/1993,ORCL,60.625,59.0,59.8125,1pm,BID_GREATER_THAN_ASK,,,,,,,,,
09/11/1993,ORCL,31.25,30.75,31.0,1pm,BID_GREATER_THAN_ASK,,,,,,,,,
14/12/1993,ORCL,34.5,34.125,34.3125,1pm,BID_GREATER_THAN_ASK,,,,,,,,,
31/03/1994,AAPL,32.25,32.0,32.125,1pm,BID_GREATER_THAN_ASK,,,,,,,,,
19/05/1994,AAPL,32.0,31.25,31.625,1pm,BID_GREATER_THAN_ASK,,,,,,,,,
23/06/1994,AAPL,25.5,25.375,25.4375,1pm,BID_GREATER_THAN_ASK,,,,,,,,,
13/07/1994,AAPL,29.25,28.625,28.9375,1pm,BID_GREATER_THAN_ASK,,,,,,,,,
29/07/1994,AAPL,33.625,32.125,32.875,1pm,BID_GREATER_THAN_ASK,,,,,,,,,
08/08/1994,AAPL,33.875,33.125,33.5,1pm,BID_GREATER_THAN_ASK,,,,,,,,,
24/08/1994,AAPL,34.625,34.5,34.5625,1pm,BID_GREATER_THAN_ASK,,,,,,,,,
11/10/1994,AAPL,41.375,40.125,40.75,1pm,BID_GREATER_THAN_ASK,,,,,,,,,
14/10/1994,AAPL,41.625,41.375,41.5,1pm,BID_GREATER_THAN_ASK,,,,,,,,,
22/11/1994,AAPL,38.625,37.875,38.25,1pm,BID_GREATER_THAN_ASK,,,,,,,,,
06/12/1994,AAPL,37.875,37.5,37.6875,1pm,BID_GREATER_THAN_ASK,,,,,,,,,
03/01/1994,INTC,61.75,61.5,61.625,1pm,BID_GREATER_THAN_ASK,,,,,,,,,
19/01/1994,INTC,63.5,63.25,63.375,1pm,BID_GREATER_THAN_ASK,,,,,,,,,
25/01/1994,INTC,65.25,65.0,65.125,1pm,BID_GREATER_THAN_ASK,,,,,,,,,
31/03/1994,INTC,66.75,65.75,66.25,1pm,BID_GREATER_THAN_ASK,,,,,,,,,
14/04/1994,INTC,63.75,61.75,62.75,1pm,BID_GREATER_THAN_ASK,,,,,,,,,
09/06/1994,INTC,60.0,59.125,59.5625,1pm,BID_GREATER_THAN_ASK,,,,,,,,,
10/06/1994,INTC,59.875,59.75,59.8125,1pm,BID_GREATER_THAN_ASK,,,,,,,,,
23/06/1994,INTC,59.875,59.25,59.5625,1pm,BID_GREATER_THAN_ASK,,,,,,,,,
04/08/1994,INTC,58.25,57.5,57.875,1pm,BID_GREATER_THAN_ASK,,,,,,,,,
17/08/1994,INTC,63.5,63.25,63.375,1pm,BID_GREATER_THAN_ASK,,,,,,,,,
25/08/1994,INTC,65.0,64.5,64.75,1pm,BID_GREATER_THAN_ASK,,,,,,,,,
26/08/1994,INTC,65.75,65.25,65.5,1pm,BID_GREATER_THAN_ASK,,,,,,,,,
29/08/1994,INTC,66.5,66.25,66.375,1pm,BID_GREATER_THAN_ASK,,,,,,,,,
30/08/1994,INTC,65.875,65.75,65.8125,1pm,BID_GREATER_THAN_ASK,,,,,,,,,
05/10/1994,INTC,58.0,57.625,57.8125,1pm,BID_GREATER_THAN_ASK,,,,,,,,,
06/10/1994,INTC,59.25,59.0,59.125,1pm,BID_GREATER_THAN_ASK,,,,,,,,,
07/10/1994,INTC,59.5,59.0,59.25,1pm,BID_GREATER_THAN_ASK,,,,,,,,,
03/11/1994,INTC,62.75,62.625,62.6875,1pm,BID_GREATER_THAN_ASK,,,,,,,,,
21/11/1994,INTC,66.75,66.375,66.5625,1pm,BID_GREATER_THAN_ASK,,,,,,,,,
01/12/1994,INTC,62.625,62.25,62.4375,1pm,BID_GREATER_THAN_ASK,,,,,,,,,
07/12/1994,INTC,64.625,64.375,64.5,1pm,BID_GREATER_THAN_ASK,,,,,,,,,
29/12/1994,INTC,63.875,63.75,63.8125,1pm,BID_GREATER_THAN_ASK,,,,,,,,,
15/07/1994,MA,38.125,38.0,38.0625,1pm,BID_GREATER_THAN_ASK,,,,,,,,,
15/07/1994,MS,60.75,59.5,60.125,1pm,BID_GREATER_THAN_ASK,,,,,,,,,
22/11/1994,MS,58.125,57.875,58.0,1pm,BID_GREATER_THAN_ASK,,,,,,,,,
03/01/1994,ORCL,28.375,27.75,28.0625,1pm,BID_GREATER_THAN_ASK,,,,,,,,,
05/01/1994,ORCL,30.5,30.375,30.4375,1pm,BID_GREATER_THAN_ASK,,,,,,,,,
07/01/1994,ORCL,32.375,31.5,31.9375,1pm,BID_GREATER_THAN_ASK,,,,,,,,,
10/01/1994,ORCL,33.25,32.125,32.6875,1pm,BID_GREATER_THAN_ASK,,,,,,,,,
13/01/1994,ORCL,34.625,32.625,33.625,1pm,BID_GREATER_THAN_ASK,,,,,,,,,
08/02/1994,ORCL,32.375,32.125,32.25,1pm,BID_GREATER_THAN_ASK,,,,,,,,,
14/02/1994,ORCL,32.75,32.625,32.6875,1pm,BID_GREATER_THAN_ASK,,,,,,,,,
07/03/1994,ORCL,34.75,34.5,34.625,1pm,BID_GREATER_THAN_ASK,,,,,,,,,
23/03/1994,ORCL,34.875,34.0,34.4375,1pm,BID_GREATER_THAN_ASK,,,,,,,,,
14/04/1994,ORCL,30.5,30.375,30.4375,1pm,BID_GREATER_THAN_ASK,,,,,,,,,
13/05/1994,ORCL,30.875,30.75,30.8125,1pm,BID_GREATER_THAN_ASK,,,,,,,,,
20/05/1994,ORCL,31.625,31.5,31.5625,1pm,BID_GREATER_THAN_ASK,,,,,,,,,
03/06/1994,ORCL,37.875,37.0,37.4375,1pm,BID_GREATER_THAN_ASK,,,,,,,,,
30/06/1994,ORCL,37.25,37.125,37.1875,1pm,BID_GREATER_THAN_ASK,,,,,,,,,
08/07/1994,ORCL,38.875,38.625,38.75,1pm,BID_GREATER_THAN_ASK,,,,,,,,,
13/07/1994,ORCL,40.0,39.75,39.875,1pm,BID_GREATER_THAN_ASK,,,,,,,,,
21/07/1994,ORCL,37.0,36.875,36.9375,1pm,BID_GREATER_THAN_ASK,,,,,,,,,
27/07/1994,ORCL,36.75,36.5,36.625,1pm,BID_GREATER_THAN_ASK,,,,,,,,,
05/08/1994,ORCL,36.875,36.75,36.8125,1pm,BID_GREATER_THAN_ASK,,,,,,,,,
27/09/1994,ORCL,42.5,42.0,42.25,1pm,BID_GREATER_THAN_ASK,,,,,,,,,
07/10/1994,ORCL,42.75,42.625,42.6875,1pm,BID_GREATER_THAN_ASK,,,,,,,,,
11/10/1994,ORCL,43.875,42.875,43.375,1pm,BID_GREATER_THAN_ASK,,,,,,,,,
17/10/1994,ORCL,45.75,45.25,45.5,1pm,BID_GREATER_THAN_ASK,,,,,,,,,
01/11/1994,ORCL,45.375,45.25,45.3125,1pm,BID_GREATER_THAN_ASK,,,,,,,,,
08/11/1994,ORCL,44.375,43.625,44.0,1pm,BID_GREATER_THAN_ASK,,,,,,,,,
16/11/1994,ORCL,43.875,43.625,43.75,1pm,BID_GREATER_THAN_ASK,,,,,,,,,
02/03/1994,WFC,135.875,135.75,135.8125,1pm,BID_GREATER_THAN_ASK,,,,,,,,,
09/01/1995,AAPL,41.625,41.375,41.5,1pm,BID_GREATER_THAN_ASK,,,,,,,,,
08/02/1995,AAPL,41.875,41.625,41.75,1pm,BID_GREATER_THAN_ASK,,,,,,,,,
24/04/1995,AAPL,39.125,38.75,38.9375,1pm,BID_GREATER_THAN_ASK,,,,,,,,,
11/05/1995,AAPL,41.25,40.625,40.9375,1pm,BID_GREATER_THAN_ASK,,,,,,,,,
01/06/1995,AAPL,42.25,41.875,42.0625,1pm,BID_GREATER_THAN_ASK,,,,,,,,,
06/06/1995,AAPL,44.0,43.75,43.875,1pm,BID_GREATER_THAN_ASK,,,,,,,,,
19/06/1995,AAPL,44.875,43.875,44.375,1pm,BID_GREATER_THAN_ASK,,,,,,,,,
22/06/1995,AAPL,49.25,49.125,49.1875,1pm,BID_GREATER_THAN_ASK,,,,,,,,,
23/06/1995,AAPL,48.75,48.375,48.5625,1pm,BID_GREATER_THAN_ASK,,,,,,,,,
13/07/1995,AAPL,48.5,47.5,48.0,1pm,BID_GREATER_THAN_ASK,,,,,,,,,
20/07/1995,AAPL,46.625,45.5,46.0625,1pm,BID_GREATER_THAN_ASK,,,,,,,,,
15/09/1995,AAPL,36.75,36.5,36.625,1pm,BID_GREATER_THAN_ASK,,,,,,,,,
25/09/1995,AAPL,37.5,37.25,37.375,1pm,BID_GREATER_THAN_ASK,,,,,,,,,
14/11/1995,AAPL,42.125,41.375,41.75,1pm,BID_GREATER_THAN_ASK,,,,,,,,,
15/11/1995,AAPL,40.75,40.5,40.625,1pm,BID_GREATER_THAN_ASK,,,,,,,,,
21/11/1995,AAPL,38.25,38.0,38.125,1pm,BID_GREATER_THAN_ASK,,,,,,,,,
24/11/1995,AAPL,40.125,39.875,40.0,1pm,BID_GREATER_THAN_ASK,,,,,,,,,
05/12/1995,AAPL,39.375,38.875,39.125,1pm,BID_GREATER_THAN_ASK,,,,,,,,,
06/12/1995,AAPL,39.125,38.875,39.0,1pm,BID_GREATER_THAN_ASK,,,,,,,,,
07/12/1995,AAPL,38.375,38.25,38.3125,1pm,BID_GREATER_THAN_ASK,,,,,,,,,
06/01/1995,INTC,64.75,64.375,64.5625,1pm,BID_GREATER_THAN_ASK,,,,,,,,,
13/01/1995,INTC,68.0,67.875,67.9375,1pm,BID_GREATER_THAN_ASK,,,,,,,,,
18/01/1995,INTC,69.5,68.875,69.1875,1pm,BID_GREATER_THAN_ASK,,,,,,,,,
20/01/1995,INTC,70.125,69.625,69.875,1pm,BID_GREATER_THAN_ASK,,,,,,,,,
01/02/1995,INTC,70.0,69.625,69.8125,1pm,BID_GREATER_THAN_ASK,,,,,,,,,
02/02/1995,INTC,71.75,71.375,71.5625,1pm,BID_GREATER_THAN_ASK,,,,,,,,,
13/02/1995,INTC,77.625,77.0,77.3125,1pm,BID_GREATER_THAN_ASK,,,,,,,,,
27/02/1995,INTC,78.875,78.75,78.8125,1pm,BID_GREATER_THAN_ASK,,,,,,,,,
07/03/1995,INTC,82.0,80.75,81.375,1pm,BID_GREATER_THAN_ASK,,,,,,,,,
16/03/1995,INTC,82.0,81.625,81.8125,1pm,BID_GREATER_THAN_ASK,,,,,,,,,
21/03/1995,INTC,83.875,83.625,83.75,1pm,BID_GREATER_THAN_ASK,,,,,,,,,
23/03/1995,INTC,85.25,84.875,85.0625,1pm,BID_GREATER_THAN_ASK,,,,,,,,,
29/03/1995,INTC,89.625,88.625,89.125,1pm,BID_GREATER_THAN_ASK,,,,,,,,,
04/04/1995,INTC,88.125,87.875,88.0,1pm,BID_GREATER_THAN_ASK,,,,,,,,,
06/04/1995,INTC,87.25,86.125,86.6875,1pm,BID_GREATER_THAN_ASK,,,,,,,,,
12/04/1995,INTC,90.875,90.375,90.625,1pm,BID_GREATER_THAN_ASK,,,,,,,,,
17/04/1995,INTC,96.375,95.75,96.0625,1pm,BID_GREATER_THAN_ASK,,,,,,,,,
18/04/1995,INTC,95.25,94.875,95.0625,1pm,BID_GREATER_THAN_ASK,,,,,,,,,
25/04/1995,INTC,98.125,97.375,97.75,1pm,BID_GREATER_THAN_ASK,,,,,,,,,
09/05/1995,INTC,109.75,109.625,109.6875,1pm,BID_GREATER_THAN_ASK,,,,,,,,,
11/05/1995,INTC,108.5,107.5,108.0,1pm,BID_GREATER_THAN_ASK,,,,,,,,,
12/05/1995,INTC,110.25,109.875,110.0625,1pm,BID_GREATER_THAN_ASK,,,,,,,,,
22/05/1995,INTC,113.375,111.5,112.4375,1pm,BID_GREATER_THAN_ASK,,,,,,,,,
24/05/1995,INTC,117.75,117.625,117.6875,1pm,BID_GREATER_THAN_ASK,,,,,,,,,
30/05/1995,INTC,111.0,110.0,110.5,1pm,BID_GREATER_THAN_ASK,,,,,,,,,
06/06/1995,INTC,115.5,114.5,115.0,1pm,BID_GREATER_THAN_ASK,,,,,,,,,
08/06/1995,INTC,114.125,114.0,114.0625,1pm,BID_GREATER_THAN_ASK,,,,,,,,,
12/06/1995,INTC,113.25,113.125,113.1875,1pm,BID_GREATER_THAN_ASK,,,,,,,,,
16/06/1995,INTC,116.75,115.5,116.125,1pm,BID_GREATER_THAN_ASK,,,,,,,,,
20/06/1995,INTC,64.375,62.0,63.1875,1pm,BID_GREATER_THAN_ASK,,,,,,,,,
23/06/1995,INTC,65.75,65.25,65.5,1pm,BID_GREATER_THAN_ASK,,,,,,,,,
28/06/1995,INTC,63.375,63.0,63.1875,1pm,BID_GREATER_THAN_ASK,,,,,,,,,
29/06/1995,INTC,63.75,63.25,63.5,1pm,BID_GREATER_THAN_ASK,,,,,,,,,
30/06/1995,INTC,64.375,64.0,64.1875,1pm,BID_GREATER_THAN_ASK,,,,,,,,,
14/07/1995,INTC,74.5,73.0,73.75,1pm,BID_GREATER_THAN_ASK,,,,,,,,,
17/07/1995,INTC,76.875,75.875,76.375,1pm,BID_GREATER_THAN_ASK,,,,,,,,,
20/07/1995,INTC,66.0,65.625,65.8125,1pm,BID_GREATER_THAN_ASK,,,,,,,,,
21/07/1995,INTC,64.0,63.875,63.9375,1pm,BID_GREATER_THAN_ASK,,,,,,,,,
03/08/1995,INTC,62.5,62.125,62.3125,1pm,BID_GREATER_THAN_ASK,,,,,,,,,
15/08/1995,INTC,65.625,65.375,65.5,1pm,BID_GREATER_THAN_ASK,,,,,,,,,
16/08/1995,INTC,66.5,66.125,66.3125,1pm,BID_GREATER_THAN_ASK,,,,,,,,,
23/08/1995,INTC,62.5,62.375,62.4375,1pm,BID_GREATER_THAN_ASK,,,,,,,,,
06/09/1995,INTC,63.375,63.0,63.1875,1pm,BID_GREATER_THAN_ASK,,,,,,,,,
07/09/1995,INTC,65.375,64.75,65.0625,1pm,BID_GREATER_THAN_ASK,,,,,,,,,
12/09/1995,INTC,65.875,65.5,65.6875,1pm,BID_GREATER_THAN_ASK,,,,,,,,,
19/09/1995,INTC,63.5,62.875,63.1875,1pm,BID_GREATER_THAN_ASK,,,,,,,,,
26/09/1995,INTC,60.875,60.125,60.5,1pm,BID_GREATER_THAN_ASK,,,,,,,,,
27/09/1995,INTC,58.375,58.125,58.25,1pm,BID_GREATER_THAN_ASK,,,,,,,,,
29/09/1995,INTC,61.875,60.625,61.25,1pm,BID_GREATER_THAN_ASK,,,,,,,,,
04/10/1995,INTC,59.0,58.625,58.8125,1pm,BID_GREATER_THAN_ASK,,,,,,,,,
05/10/1995,INTC,59.75,59.25,59.5,1pm,BID_GREATER_THAN_ASK,,,,,,,,,
06/10/1995,INTC,62.875,62.5,62.6875,1pm,BID_GREATER_THAN_ASK,,,,,,,,,
10/10/1995,INTC,60.125,59.5,59.8125,1pm,BID_GREATER_THAN_ASK,,,,,,,,,
12/10/1995,INTC,64.0,63.25,63.625,1pm,BID_GREATER_THAN_ASK,,,,,,,,,
25/10/1995,INTC,67.25,66.75,67.0,1pm,BID_GREATER_THAN_ASK,,,,,,,,,
30/10/1995,INTC,70.25,70.0,70.125,1pm,BID_GREATER_THAN_ASK,,,,,,,,,
01/11/1995,INTC,70.375,70.0,70.1875,1pm,BID_GREATER_THAN_ASK,,,,,,,,,
03/11/1995,INTC,72.375,72.125,72.25,1pm,BID_GREATER_THAN_ASK,,,,,,,,,
07/11/1995,INTC,66.25,65.875,66.0625,1pm,BID_GREATER_THAN_ASK,,,,,,,,,
09/11/1995,INTC,68.5,68.25,68.375,1pm,BID_GREATER_THAN_ASK,,,,,,,,,
20/11/1995,INTC,63.875,63.75,63.8125,1pm,BID_GREATER_THAN_ASK,,,,,,,,,
28/11/1995,INTC,62.75,62.5,62.625,1pm,BID_GREATER_THAN_ASK,,,,,,,,,
29/11/1995,INTC,63.0,62.375,62.6875,1pm,BID_GREATER_THAN_ASK,,,,,,,,,
13/12/1995,INTC,63.0,62.375,62.6875,1pm,BID_GREATER_THAN_ASK,,,,,,,,,
06/04/1995,ORCL,30.5,30.375,30.4375,1pm,BID_GREATER_THAN_ASK,,,,,,,,,
20/07/1995,ORCL,38.0,37.875,37.9375,1pm,BID_GREATER_THAN_ASK,,,,,,,,,
23/08/1995,ORCL,43.125,42.875,43.0,1pm,BID_GREATER_THAN_ASK,,,,,,,,,
08/09/1995,ORCL,44.0,43.875,43.9375,1pm,BID_GREATER_THAN_ASK,,,,,,,,,
12/09/1995,ORCL,44.625,44.125,44.375,1pm,BID_GREATER_THAN_ASK,,,,,,,,,
14/09/1995,ORCL,45.25,45.125,45.1875,1pm,BID_GREATER_THAN_ASK,,,,,,,,,
27/09/1995,ORCL,38.125,36.75,37.4375,1pm,BID_GREATER_THAN_ASK,,,,,,,,,
06/10/1995,ORCL,39.0,38.375,38.6875,1pm,BID_GREATER_THAN_ASK,,,,,,,,,
12/10/1995,ORCL,39.25,38.875,39.0625,1pm,BID_GREATER_THAN_ASK,,,,,,,,,
23/10/1995,ORCL,44.125,42.375,43.25,1pm,BID_GREATER_THAN_ASK,,,,,,,,,
27/10/1995,ORCL,43.25,42.25,42.75,1pm,BID_GREATER_THAN_ASK,,,,,,,,,
20/12/1995,ORCL,45.875,45.0,45.4375,1pm,BID_GREATER_THAN_ASK,,,,,,,,,
19/01/1996,AAPL,31.125,29.625,30.375,1pm,BID_GREATER_THAN_ASK,,,,,,,,,
25/01/1996,AAPL,31.125,30.875,31.0,1pm,BID_GREATER_THAN_ASK,,,,,,,,,
29/01/1996,AAPL,30.25,29.125,29.6875,1pm,BID_GREATER_THAN_ASK,,,,,,,,,
08/02/1996,AAPL,28.0,27.875,27.9375,1pm,BID_GREATER_THAN_ASK,,,,,,,,,
20/02/1996,AAPL,29.0,28.125,28.5625,1pm,BID_GREATER_THAN_ASK,,,,,,,,,
01/08/1996,AAPL,21.875,21.75,21.8125,1pm,BID_GREATER_THAN_ASK,,,,,,,,,
03/09/1996,BAC,77.25,76.75,77.0,1pm,BID_GREATER_THAN_ASK,,,,,,,,,
03/09/1996,C,28.75,28.5,28.625,1pm,BID_GREATER_THAN_ASK,,,,,,,,,
22/04/1996,DIS,62.625,62.5,62.5625,1pm,BID_GREATER_THAN_ASK,,,,,,,,,
03/09/1996,DIS,56.75,56.625,56.6875,1pm,BID_GREATER_THAN_ASK,,,,,,,,,
03/09/1996,GE,82.75,82.25,82.5,1pm,BID_GREATER_THAN_ASK,,,,,,,,,
03/09/1996,HD,52.75,52.375,52.5625,1pm,BID_GREATER_THAN_ASK,,,,,,,,,
06/02/1996,INTC,59.625,59.125,59.375,1pm,BID_GREATER_THAN_ASK,,,,,,,,,
13/02/1996,INTC,57.75,57.375,57.5625,1pm,BID_GREATER_THAN_ASK,,,,,,,,,
14/02/1996,INTC,57.875,57.625,57.75,1pm,BID_GREATER_THAN_ASK,,,,,,,,,
22/02/1996,INTC,60.5,59.5,60.0,1pm,BID_GREATER_THAN_ASK,,,,,,,,,
29/02/1996,INTC,60.375,59.25,59.8125,1pm,BID_GREATER_THAN_ASK,,,,,,,,,
14/03/1996,INTC,56.875,56.5,56.6875,1pm,BID_GREATER_THAN_ASK,,,,,,,,,
08/04/1996,INTC,59.125,59.0,59.0625,1pm,BID_GREATER_THAN_ASK,,,,,,,,,
09/04/1996,INTC,61.875,61.375,61.625,1pm,BID_GREATER_THAN_ASK,,,,,,,,,
12/04/1996,INTC,60.0,59.625,59.8125,1pm,BID_GREATER_THAN_ASK,,,,,,,,,
16/04/1996,INTC,64.375,64.125,64.25,1pm,BID_GREATER_THAN_ASK,,,,,,,,,
25/04/1996,INTC,69.25,69.125,69.1875,1pm,BID_GREATER_THAN_ASK,,,,,,,,,
07/05/1996,INTC,69.0,68.0,68.5,1pm,BID_GREATER_THAN_ASK,,,,,,,,,
22/05/1996,INTC,69.75,69.5,69.625,1pm,BID_GREATER_THAN_ASK,,,,,,,,,
30/05/1996,INTC,71.375,71.25,71.3125,1pm,BID_GREATER_THAN_ASK,,,,,,,,,
03/06/1996,INTC,76.75,76.5,76.625,1pm,BID_GREATER_THAN_ASK,,,,,,,,,
24/06/1996,INTC,74.0,73.625,73.8125,1pm,BID_GREATER_THAN_ASK,,,,,,,,,
25/06/1996,INTC,73.625,73.0,73.3125,1pm,BID_GREATER_THAN_ASK,,,,,,,,,
16/07/1996,INTC,67.375,65.125,66.25,1pm,BID_GREATER_THAN_ASK,,,,,,,,,
23/07/1996,INTC,71.375,70.625,71.0,1pm,BID_GREATER_THAN_ASK,,,,,,,,,
24/07/1996,INTC,70.125,69.5,69.8125,1pm,BID_GREATER_THAN_ASK,,,,,,,,,
25/07/1996,INTC,71.125,71.0,71.0625,1pm,BID_GREATER_THAN_ASK,,,,,,,,,
26/07/1996,INTC,73.375,73.0,73.1875,1pm,BID_GREATER_THAN_ASK,,,,,,,,,
01/08/1996,INTC,75.625,75.25,75.4375,1pm,BID_GREATER_THAN_ASK,,,,,,,,,
07/08/1996,INTC,80.625,80.125,80.375,1pm,BID_GREATER_THAN_ASK,,,,,,,,,
12/08/1996,INTC,83.0,81.375,82.1875,1pm,BID_GREATER_THAN_ASK,,,,,,,,,
28/08/1996,INTC,81.875,81.375,81.625,1pm,BID_GREATER_THAN_ASK,,,,,,,,,
17/09/1996,INTC,93.875,92.875,93.375,1pm,BID_GREATER_THAN_ASK,,,,,,,,,
24/09/1996,INTC,96.875,96.125,96.5,1pm,BID_GREATER_THAN_ASK,,,,,,,,,
04/10/1996,INTC,101.125,100.5,100.8125,1pm,BID_GREATER_THAN_ASK,,,,,,,,,
10/10/1996,INTC,101.75,101.5,101.625,1pm,BID_GREATER_THAN_ASK,,,,,,,,,
29/10/1996,INTC,105.25,104.25,104.75,1pm,BID_GREATER_THAN_ASK,,,,,,,,,
30/10/1996,INTC,105.75,105.625,105.6875,1pm,BID_GREATER_THAN_ASK,,,,,,,,,
01/11/1996,INTC,108.75,108.375,108.5625,1pm,BID_GREATER_THAN_ASK,,,,,,,,,
05/11/1996,INTC,113.0,112.625,112.8125,1pm,BID_GREATER_THAN_ASK,,,,,,,,,
12/11/1996,INTC,124.75,124.5,124.625,1pm,BID_GREATER_THAN_ASK,,,,,,,,,
14/11/1996,INTC,120.875,119.25,120.0625,1pm,BID_GREATER_THAN_ASK,,,,,,,,,
18/11/1996,INTC,114.5,114.125,114.3125,1pm,BID_GREATER_THAN_ASK,,,,,,,,,
20/11/1996,INTC,122.625,122.0,122.3125,1pm,BID_GREATER_THAN_ASK,,,,,,,,,
25/11/1996,INTC,122.0,120.875,121.4375,1pm,BID_GREATER_THAN_ASK,,,,,,,,,
27/11/1996,INTC,126.125,125.125,125.625,1pm,BID_GREATER_THAN_ASK,,,,,,,,,
06/12/1996,INTC,126.375,125.875,126.125,1pm,BID_GREATER_THAN_ASK,,,,,,,,,
16/12/1996,INTC,132.125,132.0,132.0625,1pm,BID_GREATER_THAN_ASK,,,,,,,,,
19/12/1996,INTC,138.625,136.125,137.375,1pm,BID_GREATER_THAN_ASK,,,,,,,,,
27/12/1996,INTC,137.125,136.125,136.625,1pm,BID_GREATER_THAN_ASK,,,,,,,,,
30/12/1996,INTC,135.75,134.125,134.9375,1pm,BID_GREATER_THAN_ASK,,,,,,,,,
03/09/1996,JNJ,48.75,48.625,48.6875,1pm,BID_GREATER_THAN_ASK,,,,,,,,,
03/09/1996,JPM,88.25,86.75,87.5,1pm,BID_GREATER_THAN_ASK,,,,,,,,,
03/09/1996,KO,50.625,49.75,50.1875,1pm,BID_GREATER_THAN_ASK,,,,,,,,,
11/01/1996,MA,44.0,43.625,43.8125,1pm,BID_GREATER_THAN_ASK,,,,,,,,,
03/09/1996,MS,47.375,47.25,47.3125,1pm,BID_GREATER_THAN_ASK,,,,,,,,,
23/01/1996,ORCL,46.25,46.125,46.1875,1pm,BID_GREATER_THAN_ASK,,,,,,,,,
29/02/1996,ORCL,52.25,51.5,51.875,1pm,BID_GREATER_THAN_ASK,,,,,,,,,
10/07/1996,ORCL,37.75,37.375,37.5625,1pm,BID_GREATER_THAN_ASK,,,,,,,,,
23/09/1996,ORCL,44.0,43.375,43.6875,1pm,BID_GREATER_THAN_ASK,,,,,,,,,
18/10/1996,ORCL,43.875,43.75,43.8125,1pm,BID_GREATER_THAN_ASK,,,,,,,,,
21/10/1996,ORCL,44.625,44.5,44.5625,1pm,BID_GREATER_THAN_ASK,,,,,,,,,
17/12/1996,ORCL,42.125,41.875,42.0,1pm,BID_GREATER_THAN_ASK,,,,,,,,,
03/09/1996,PFE,71.375,70.875,71.125,1pm,BID_GREATER_THAN_ASK,,,,,,,,,
23/07/1996,V,28.875,28.75,28.8125,1pm,BID_GREATER_THAN_ASK,,,,,,,,,
31/03/1997,AAPL,18.75,18.625,18.6875,1pm,BID_GREATER_THAN_ASK,,,,,,,,,
25/02/1997,HD,54.25,54.125,54.1875,1pm,BID_GREATER_THAN_ASK,,,,,,,,,
03/01/1997,INTC,134.875,130.75,132.8125,1pm,BID_GREATER_THAN_ASK,,,,,,,,,
22/01/1997,INTC,151.75,148.75,150.25,1pm,BID_GREATER_THAN_ASK,,,,,,,,,
23/01/1997,INTC,154.75,153.0,153.875,1pm,BID_GREATER_THAN_ASK,,,,,,,,,
11/02/1997,INTC,154.25,151.5,152.875,1pm,BID_GREATER_THAN_ASK,,,,,,,,,
20/02/1997,INTC,151.25,150.0,150.625,1pm,BID_GREATER_THAN_ASK,,,,,,,,,
21/02/1997,INTC,147.125,146.75,146.9375,1pm,BID_GREATER_THAN_ASK,,,,,,,,,
25/02/1997,INTC,148.25,148.0,148.125,1pm,BID_GREATER_THAN_ASK,,,,,,,,,
26/02/1997,INTC,148.125,146.625,147.375,1pm,BID_GREATER_THAN_ASK,,,,,,,,,
13/03/1997,INTC,142.25,140.875,141.5625,1pm,BID_GREATER_THAN_ASK,,,,,,,,,
14/03/1997,INTC,141.5,140.75,141.125,1pm,BID_GREATER_THAN_ASK,,,,,,,,,
17/03/1997,INTC,137.25,132.25,134.75,1pm,BID_GREATER_THAN_ASK,,,,,,,,,
19/03/1997,INTC,134.375,133.5,133.9375,1pm,BID_GREATER_THAN_ASK,,,,,,,,,
26/03/1997,INTC,138.75,134.25,136.5,1pm,BID_GREATER_THAN_ASK,,,,,,,,,
07/04/1997,INTC,148.75,145.625,147.1875,1pm,BID_GREATER_THAN_ASK,,,,,,,,,
09/04/1997,INTC,147.75,147.625,147.6875,1pm,BID_GREATER_THAN_ASK,,,,,,,,,
11/04/1997,INTC,133.375,133.125,133.25,1pm,BID_GREATER_THAN_ASK,,,,,,,,,
15/04/1997,INTC,130.625,130.0,130.3125,1pm,BID_GREATER_THAN_ASK,,,,,,,,,
01/05/1997,INTC,153.75,153.25,153.5,1pm,BID_GREATER_THAN_ASK,,,,,,,,,
02/05/1997,INTC,155.375,154.375,154.875,1pm,BID_GREATER_THAN_ASK,,,,,,,,,
23/05/1997,INTC,163.0,161.75,162.375,1pm,BID_GREATER_THAN_ASK,,,,,,,,,
06/06/1997,INTC,145.75,145.0,145.375,1pm,BID_GREATER_THAN_ASK,,,,,,,,,
09/06/1997,INTC,149.3125,148.25,148.78125,1pm,BID_GREATER_THAN_ASK,,,,,,,,,
19/06/1997,INTC,146.75,146.25,146.5,1pm,BID_GREATER_THAN_ASK,,,,,,,,,
24/06/1997,INTC,146.125,145.9375,146.03125,1pm,BID_GREATER_THAN_ASK,,,,,,,,,
08/07/1997,INTC,149.125,148.25,148.6875,1pm,BID_GREATER_THAN_ASK,,,,,,,,,
09/07/1997,INTC,154.125,151.8125,152.96875,1pm,BID_GREATER_THAN_ASK,,,,,,,,,
25/07/1997,INTC,90.125,89.5,89.8125,1pm,BID_GREATER_THAN_ASK,,,,,,,,,
14/08/1997,INTC,96.625,96.5,96.5625,1pm,BID_GREATER_THAN_ASK,,,,,,,,,
17/10/1997,INTC,83.125,83.0,83.0625,1pm,BID_GREATER_THAN_ASK,,,,,,,,,
23/10/1997,INTC,82.625,82.375,82.5,1pm,BID_GREATER_THAN_ASK,,,,,,,,,
27/10/1997,INTC,77.125,76.625,76.875,1pm,BID_GREATER_THAN_ASK,,,,,,,,,
06/11/1997,INTC,73.25,73.125,73.1875,1pm,BID_GREATER_THAN_ASK,,,,,,,,,
21/11/1997,INTC,80.5,80.375,80.4375,1pm,BID_GREATER_THAN_ASK,,,,,,,,,
01/12/1997,INTC,79.5,78.875,79.1875,1pm,BID_GREATER_THAN_ASK,,,,,,,,,
11/12/1997,INTC,72.375,72.25,72.3125,1pm,BID_GREATER_THAN_ASK,,,,,,,,,
12/12/1997,INTC,70.625,70.5,70.5625,1pm,BID_GREATER_THAN_ASK,,,,,,,,,
30/12/1997,INTC,71.9375,71.375,71.65625,1pm,BID_GREATER_THAN_ASK,,,,,,,,,
31/12/1997,JNJ,66.125,66.0625,66.09375,1pm,BID_GREATER_THAN_ASK,,,,,,,,,
21/03/1997,ORCL,40.0,39.875,39.9375,1pm,BID_GREATER_THAN_ASK,,,,,,,,,
01/05/1997,ORCL,40.875,40.75,40.8125,1pm,BID_GREATER_THAN_ASK,,,,,,,,,
16/05/1997,ORCL,45.125,44.75,44.9375,1pm,BID_GREATER_THAN_ASK,,,,,,,,,
21/05/1997,ORCL,46.75,46.125,46.4375,1pm,BID_GREATER_THAN_ASK,,,,,,,,,
18/09/1997,ORCL,37.1875,36.9375,37.0625,1pm,BID_GREATER_THAN_ASK,,,,,,,,,
27/10/1997,ORCL,33.1875,32.0625,32.625,1pm,BID_GREATER_THAN_ASK,,,,,,,,,
31/12/1997,ORCL,22.3125,22.1875,22.25,1pm,BID_GREATER_THAN_ASK,,,,,,,,,
28/11/1997,PEP,37.125,37.0625,37.09375,1pm,BID_GREATER_THAN_ASK,,,,,,,,,
28/10/1997,SPY,90.0,89.95312,89.97656,1pm,BID_GREATER_THAN_ASK,,,,,,,,,
07/11/1997,SPY,92.39062,92.375,92.38281,1pm,BID_GREATER_THAN_ASK,,,,,,,,,
17/04/1998,AAPL,27.875,27.8125,27.84375,1pm,BID_GREATER_THAN_ASK,,,,,,,,,
12/05/1998,AAPL,30.3125,30.0625,30.1875,1pm,BID_GREATER_THAN_ASK,,,,,,,,,
20/05/1998,AAPL,29.5625,28.875,29.21875,1pm,BID_GREATER_THAN_ASK,,,,,,,,,
23/06/1998,AAPL,27.625,27.5,27.5625,1pm,BID_GREATER_THAN_ASK,,,,,,,,,
25/06/1998,AAPL,28.5625,28.4375,28.5,1pm,BID_GREATER_THAN_ASK,,,,,,,,,
06/07/1998,AAPL,29.8125,29.4375,29.625,1pm,BID_GREATER_THAN_ASK,,,,,,,,,
09/07/1998,AAPL,32.125,31.6875,31.90625,1pm,BID_GREATER_THAN_ASK,,,,,,,,,
17/07/1998,AAPL,36.8125,36.625,36.71875,1pm,BID_GREATER_THAN_ASK,,,,,,,,,
20/07/1998,AAPL,36.0625,36.0,36.03125,1pm,BID_GREATER_THAN_ASK,,,,,,,,,
29/07/1998,AAPL,35.125,34.75,34.9375,1pm,BID_GREATER_THAN_ASK,,,,,,,,,
04/08/1998,AAPL,34.9375,34.375,34.65625,1pm,BID_GREATER_THAN_ASK,,,,,,,,,
05/08/1998,AAPL,35.375,34.1875,34.78125,1pm,BID_GREATER_THAN_ASK,,,,,,,,,
06/08/1998,AAPL,36.4375,36.375,36.40625,1pm,BID_GREATER_THAN_ASK,,,,,,,,,
11/08/1998,AAPL,40.375,39.875,40.125,1pm,BID_GREATER_THAN_ASK,,,,,,,,,
12/08/1998,AAPL,40.3125,40.125,40.21875,1pm,BID_GREATER_THAN_ASK,,,,,,,,,
20/08/1998,AAPL,40.75,40.625,40.6875,1pm,BID_GREATER_THAN_ASK,,,,,,,,,
24/08/1998,AAPL,42.25,42.125,42.1875,1pm,BID_GREATER_THAN_ASK,,,,,,,,,
25/08/1998,AAPL,41.6875,41.5625,41.625,1pm,BID_GREATER_THAN_ASK,,,,,,,,,
28/08/1998,AAPL,35.8125,35.625,35.71875,1pm,BID_GREATER_THAN_ASK,,,,,,,,,
04/09/1998,AAPL,35.5,35.125,35.3125,1pm,BID_GREATER_THAN_ASK,,,,,,,,,
08/09/1998,AAPL,37.0625,37.0,37.03125,1pm,BID_GREATER_THAN_ASK,,,,,,,,,
11/09/1998,AAPL,38.125,37.6875,37.90625,1pm,BID_GREATER_THAN_ASK,,,,,,,,,
17/09/1998,AAPL,36.6875,36.25,36.46875,1pm,BID_GREATER_THAN_ASK,,,,,,,,,
18/09/1998,AAPL,36.375,36.3125,36.34375,1pm,BID_GREATER_THAN_ASK,,,,,,,,,
30/09/1998,AAPL,38.5,38.4375,38.46875,1pm,BID_GREATER_THAN_ASK,,,,,,,,,
05/10/1998,AAPL,33.0,32.875,32.9375,1pm,BID_GREATER_THAN_ASK,,,,,,,,,
08/10/1998,AAPL,30.0,29.9375,29.96875,1pm,BID_GREATER_THAN_ASK,,,,,,,,,
09/10/1998,AAPL,33.625,31.9375,32.78125,1pm,BID_GREATER_THAN_ASK,,,,,,,,,
12/10/1998,AAPL,37.375,36.0,36.6875,1pm,BID_GREATER_THAN_ASK,,,,,,,,,
13/10/1998,AAPL,37.5,37.1875,37.34375,1pm,BID_GREATER_THAN_ASK,,,,,,,,,
05/11/1998,AAPL,39.0625,39.0,39.03125,1pm,BID_GREATER_THAN_ASK,,,,,,,,,
09/11/1998,AAPL,36.75,36.3125,36.53125,1pm,BID_GREATER_THAN_ASK,,,,,,,,,
10/11/1998,AAPL,35.875,35.625,35.75,1pm,BID_GREATER_THAN_ASK,,,,,,,,,
20/11/1998,AAPL,35.125,35.0,35.0625,1pm,BID_GREATER_THAN_ASK,,,,,,,,,
01/12/1998,AAPL,34.5,33.25,33.875,1pm,BID_GREATER_THAN_ASK,,,,,,,,,
02/12/1998,AAPL,35.0,34.75,34.875,1pm,BID_GREATER_THAN_ASK,,,,,,,,,
16/12/1998,AAPL,33.0,32.875,32.9375,1pm,BID_GREATER_THAN_ASK,,,,,,,,,
29/12/1998,AAPL,40.625,40.5,40.5625,1pm,BID_GREATER_THAN_ASK,,,,,,,,,
16/04/1998,AMZN,96.75,95.6875,96.21875,1pm,BID_GREATER_THAN_ASK,,,,,,,,,
06/07/1998,AMZN,136.0,125.0,130.5,1pm,BID_GREATER_THAN_ASK,,,,,,,,,
08/07/1998,AMZN,118.5,107.9375,113.21875,1pm,BID_GREATER_THAN_ASK,,,,,,,,,
26/08/1998,AMZN,129.5,128.375,128.9375,1pm,BID_GREATER_THAN_ASK,,,,,,,,,
28/08/1998,AMZN,110.0,108.375,109.1875,1pm,BID_GREATER_THAN_ASK,,,,,,,,,
09/09/1998,AMZN,91.0,88.5,89.75,1pm,BID_GREATER_THAN_ASK,,,,,,,,,
07/10/1998,AMZN,104.0,95.125,99.5625,1pm,BID_GREATER_THAN_ASK,,,,,,,,,
18/11/1998,AMZN,168.0,154.0,161.0,1pm,BID_GREATER_THAN_ASK,,,,,,,,,
29/12/1998,AMZN,336.4375,336.0,336.21875,1pm,BID_GREATER_THAN_ASK,,,,,,,,,
08/12/1998,DIS,31.9375,31.875,31.90625,1pm,BID_GREATER_THAN_ASK,,,,,,,,,
24/07/1998,GE,90.8125,90.75,90.78125,1pm,BID_GREATER_THAN_ASK,,,,,,,,,
08/01/1998,INTC,74.125,73.8125,73.96875,1pm,BID_GREATER_THAN_ASK,,,,,,,,,
27/01/1998,INTC,79.25,78.875,79.0625,1pm,BID_GREATER_THAN_ASK,,,,,,,,,
28/01/1998,INTC,80.75,80.5,80.625,1pm,BID_GREATER_THAN_ASK,,,,,,,,,
10/02/1998,INTC,87.1875,87.0625,87.125,1pm,BID_GREATER_THAN_ASK,,,,,,,,,
25/03/1998,INTC,76.125,76.0,76.0625,1pm,BID_GREATER_THAN_ASK,,,,,,,,,
27/03/1998,INTC,79.125,78.5,78.8125,1pm,BID_GREATER_THAN_ASK,,,,,,,,,
06/04/1998,INTC,75.25,75.1875,75.21875,1pm,BID_GREATER_THAN_ASK,,,,,,,,,
07/04/1998,INTC,73.3125,73.1875,73.25,1pm,BID_GREATER_THAN_ASK,,,,,,,,,
22/04/1998,INTC,82.75,80.0,81.375,1pm,BID_GREATER_THAN_ASK,,,,,,,,,
29/04/1998,INTC,79.75,79.5,79.625,1pm,BID_GREATER_THAN_ASK,,,,,,,,,
30/04/1998,INTC,80.875,80.375,80.625,1pm,BID_GREATER_THAN_ASK,,,,,,,,,
15/05/1998,INTC,81.5625,80.4375,81.0,1pm,BID_GREATER_THAN_ASK,,,,,,,,,
21/05/1998,INTC,75.0625,74.8125,74.9375,1pm,BID_GREATER_THAN_ASK,,,,,,,,,
26/05/1998,INTC,75.3125,74.875,75.09375,1pm,BID_GREATER_THAN_ASK,,,,,,,,,
10/06/1998,INTC,69.8125,69.6875,69.75,1pm,BID_GREATER_THAN_ASK,,,,,,,,,
12/06/1998,INTC,67.0,66.5625,66.78125,1pm,BID_GREATER_THAN_ASK,,,,,,,,,
15/06/1998,INTC,67.875,67.3125,67.59375,1pm,BID_GREATER_THAN_ASK,,,,,,,,,
23/06/1998,INTC,74.625,74.4375,74.53125,1pm,BID_GREATER_THAN_ASK,,,,,,,,,
01/07/1998,INTC,73.25,72.75,73.0,1pm,BID_GREATER_THAN_ASK,,,,,,,,,
08/07/1998,INTC,77.0625,76.9375,77.0,1pm,BID_GREATER_THAN_ASK,,,,,,,,,
17/07/1998,INTC,83.25,83.0,83.125,1pm,BID_GREATER_THAN_ASK,,,,,,,,,
28/07/1998,INTC,86.875,86.75,86.8125,1pm,BID_GREATER_THAN_ASK,,,,,,,,,
29/07/1998,INTC,85.375,84.9375,85.15625,1pm,BID_GREATER_THAN_ASK,,,,,,,,,
03/08/1998,INTC,84.625,84.1875,84.40625,1pm,BID_GREATER_THAN_ASK,,,,,,,,,
05/08/1998,INTC,84.25,83.375,83.8125,1pm,BID_GREATER_THAN_ASK,,,,,,,,,
06/08/1998,INTC,86.6875,86.375,86.53125,1pm,BID_GREATER_THAN_ASK,,,,,,,,,
27/08/1998,INTC,79.625,79.25,79.4375,1pm,BID_GREATER_THAN_ASK,,,,,,,,,
31/08/1998,INTC,74.25,74.125,74.1875,1pm,BID_GREATER_THAN_ASK,,,,,,,,,
01/09/1998,INTC,73.75,72.625,73.1875,1pm,BID_GREATER_THAN_ASK,,,,,,,,,
03/09/1998,INTC,77.1875,76.9375,77.0625,1pm,BID_GREATER_THAN_ASK,,,,,,,,,
04/09/1998,INTC,78.0,77.125,77.5625,1pm,BID_GREATER_THAN_ASK,,,,,,,,,
05/10/1998,INTC,79.25,78.75,79.0,1pm,BID_GREATER_THAN_ASK,,,,,,,,,
08/10/1998,INTC,76.375,76.0625,76.21875,1pm,BID_GREATER_THAN_ASK,,,,,,,,,
09/10/1998,INTC,81.125,80.5,80.8125,1pm,BID_GREATER_THAN_ASK,,,,,,,,,
16/10/1998,INTC,84.0625,84.0,84.03125,1pm,BID_GREATER_THAN_ASK,,,,,,,,,
22/10/1998,INTC,86.8125,86.5,86.65625,1pm,BID_GREATER_THAN_ASK,,,,,,,,,
26/10/1998,INTC,88.625,88.0,88.3125,1pm,BID_GREATER_THAN_ASK,,,,,,,,,
27/10/1998,INTC,89.125,88.25,88.6875,1pm,BID_GREATER_THAN_ASK,,,,,,,,,
30/10/1998,INTC,90.5,90.3125,90.40625,1pm,BID_GREATER_THAN_ASK,,,,,,,,,
05/11/1998,INTC,94.125,94.0,94.0625,1pm,BID_GREATER_THAN_ASK,,,,,,,,,
10/11/1998,INTC,97.5,97.375,97.4375,1pm,BID_GREATER_THAN_ASK,,,,,,,,,
12/11/1998,INTC,104.1875,102.375,103.28125,1pm,BID_GREATER_THAN_ASK,,,,,,,,,
20/11/1998,INTC,112.0,111.9375,111.96875,1pm,BID_GREATER_THAN_ASK,,,,,,,,,
25/11/1998,INTC,110.1875,109.75,109.96875,1pm,BID_GREATER_THAN_ASK,,,,,,,,,
31/12/1998,INTC,119.5,119.125,119.3125,1pm,BID_GREATER_THAN_ASK,,,,,,,,,
12/01/1998,KO,65.0625,65.0,65.03125,1pm,BID_GREATER_THAN_ASK,,,,,,,,,
08/12/1998,KO,68.3125,68.125,68.21875,1pm,BID_GREATER_THAN_ASK,,,,,,,,,
05/06/1998,MS,11.8125,10.4375,11.125,1pm,BID_GREATER_THAN_ASK,,,,,,,,,
15/01/1998,ORCL,19.25,19.125,19.1875,1pm,BID_GREATER_THAN_ASK,,,,,,,,,
20/01/1998,ORCL,20.1875,20.0625,20.125,1pm,BID_GREATER_THAN_ASK,,,,,,,,,
23/01/1998,ORCL,19.875,19.8125,19.84375,1pm,BID_GREATER_THAN_ASK,,,,,,,,,
02/02/1998,ORCL,24.625,24.5625,24.59375,1pm,BID_GREATER_THAN_ASK,,,,,,,,,
09/02/1998,ORCL,27.6875,27.4375,27.5625,1pm,BID_GREATER_THAN_ASK,,,,,,,,,
25/02/1998,ORCL,26.0625,26.0,26.03125,1pm,BID_GREATER_THAN_ASK,,,,,,,,,
13/03/1998,ORCL,29.4375,29.3125,29.375,1pm,BID_GREATER_THAN_ASK,,,,,,,,,
19/03/1998,ORCL,29.25,29.0625,29.15625,1pm,BID_GREATER_THAN_ASK,,,,,,,,,
20/03/1998,ORCL,29.0,28.9375,28.96875,1pm,BID_GREATER_THAN_ASK,,,,,,,,,
23/04/1998,ORCL,27.1875,27.125,27.15625,1pm,BID_GREATER_THAN_ASK,,,,,,,,,
28/04/1998,ORCL,26.6875,26.5625,26.625,1pm,BID_GREATER_THAN_ASK,,,,,,,,,
07/05/1998,ORCL,26.3125,26.25,26.28125,1pm,BID_GREATER_THAN_ASK,,,,,,,,,
08/05/1998,ORCL,26.5,26.3125,26.40625,1pm,BID_GREATER_THAN_ASK,,,,,,,,,
14/05/1998,ORCL,26.25,26.1875,26.21875,1pm,BID_GREATER_THAN_ASK,,,,,,,,,
20/05/1998,ORCL,25.3125,25.125,25.21875,1pm,BID_GREATER_THAN_ASK,,,,,,,,,
21/05/1998,ORCL,25.0625,25.0,25.03125,1pm,BID_GREATER_THAN_ASK,,,,,,,,,
16/06/1998,ORCL,24.375,24.3125,24.34375,1pm,BID_GREATER_THAN_ASK,,,,,,,,,
22/06/1998,ORCL,24.0625,23.9375,24.0,1pm,BID_GREATER_THAN_ASK,,,,,,,,,
24/07/1998,ORCL,24.5,24.1875,24.34375,1pm,BID_GREATER_THAN_ASK,,,,,,,,,
27/07/1998,ORCL,25.3125,24.8125,25.0625,1pm,BID_GREATER_THAN_ASK,,,,,,,,,
30/07/1998,ORCL,26.75,26.0,26.375,1pm,BID_GREATER_THAN_ASK,,,,,,,,,
04/08/1998,ORCL,26.125,25.75,25.9375,1pm,BID_GREATER_THAN_ASK,,,,,,,,,
11/08/1998,ORCL,24.25,24.1875,24.21875,1pm,BID_GREATER_THAN_ASK,,,,,,,,,
14/08/1998,ORCL,24.0625,23.5625,23.8125,1pm,BID_GREATER_THAN_ASK,,,,,,,,,
18/08/1998,ORCL,23.9375,23.625,23.78125,1pm,BID_GREATER_THAN_ASK,,,,,,,,,
09/10/1998,ORCL,23.8125,23.5625,23.6875,1pm,BID_GREATER_THAN_ASK,,,,,,,,,
19/10/1998,ORCL,27.375,27.3125,27.34375,1pm,BID_GREATER_THAN_ASK,,,,,,,,,
28/10/1998,ORCL,27.875,27.6875,27.78125,1pm,BID_GREATER_THAN_ASK,,,,,,,,,
30/10/1998,ORCL,29.375,29.3125,29.34375,1pm,BID_GREATER_THAN_ASK,,,,,,,,,
25/11/1998,ORCL,34.8125,34.4375,34.625,1pm,BID_GREATER_THAN_ASK,,,,,,,,,
27/11/1998,ORCL,35.875,35.6875,35.78125,1pm,BID_GREATER_THAN_ASK,,,,,,,,,
01/12/1998,ORCL,36.0625,35.75,35.90625,1pm,BID_GREATER_THAN_ASK,,,,,,,,,
03/12/1998,ORCL,36.0625,36.0,36.03125,1pm,BID_GREATER_THAN_ASK,,,,,,,,,
04/12/1998,ORCL,36.0625,36.0,36.03125,1pm,BID_GREATER_THAN_ASK,,,,,,,,,
07/12/1998,ORCL,36.1875,36.0,36.09375,1pm,BID_GREATER_THAN_ASK,,,,,,,,,
08/12/1998,ORCL,36.0,35.875,35.9375,1pm,BID_GREATER_THAN_ASK,,,,,,,,,
11/12/1998,ORCL,37.5,37.4375,37.46875,1pm,BID_GREATER_THAN_ASK,,,,,,,,,
14/12/1998,ORCL,38.0625,38.0,38.03125,1pm,BID_GREATER_THAN_ASK,,,,,,,,,
15/12/1998,ORCL,38.625,38.4375,38.53125,1pm,BID_GREATER_THAN_ASK,,,,,,,,,
22/12/1998,ORCL,39.375,39.25,39.3125,1pm,BID_GREATER_THAN_ASK,,,,,,,,,
24/12/1998,ORCL,41.375,41.1875,41.28125,1pm,BID_GREATER_THAN_ASK,,,,,,,,,
31/12/1998,ORCL,44.1875,44.125,44.15625,1pm,BID_GREATER_THAN_ASK,,,,,,,,,
12/01/1998,PFE,76.4375,76.375,76.40625,1pm,BID_GREATER_THAN_ASK,,,,,,,,,
06/01/1999,AAPL,42.375,41.6875,42.03125,1pm,BID_GREATER_THAN_ASK,,,,,,,,,
08/01/1999,AAPL,45.0,44.8125,44.90625,1pm,BID_GREATER_THAN_ASK,,,,,,,,,
12/01/1999,AAPL,45.375,44.4375,44.90625,1pm,BID_GREATER_THAN_ASK,,,,,,,,,
13/01/1999,AAPL,46.5,46.25,46.375,1pm,BID_GREATER_THAN_ASK,,,,,,,,,
15/01/1999,AAPL,41.0,40.75,40.875,1pm,BID_GREATER_THAN_ASK,,,,,,,,,
25/01/1999,AAPL,39.0,38.9375,38.96875,1pm,BID_GREATER_THAN_ASK,,,,,,,,,
26/01/1999,AAPL,40.5625,40.375,40.46875,1pm,BID_GREATER_THAN_ASK,,,,,,,,,
11/02/1999,AAPL,39.3125,39.25,39.28125,1pm,BID_GREATER_THAN_ASK,,,,,,,,,
16/02/1999,AAPL,38.375,38.3125,38.34375,1pm,BID_GREATER_THAN_ASK,,,,,,,,,
18/02/1999,AAPL,36.5,36.125,36.3125,1pm,BID_GREATER_THAN_ASK,,,,,,,,,
26/02/1999,AAPL,35.25,35.0,35.125,1pm,BID_GREATER_THAN_ASK,,,,,,,,,
15/03/1999,AAPL,34.5,34.375,34.4375,1pm,BID_GREATER_THAN_ASK,,,,,,,,,
29/03/1999,AAPL,34.5,34.25,34.375,1pm,BID_GREATER_THAN_ASK,,,,,,,,,
31/03/1999,AAPL,36.375,36.1875,36.28125,1pm,BID_GREATER_THAN_ASK,,,,,,,,,
08/04/1999,AAPL,37.0,36.75,36.875,1pm,BID_GREATER_THAN_ASK,,,,,,,,,
12/04/1999,AAPL,35.875,35.8125,35.84375,1pm,BID_GREATER_THAN_ASK,,,,,,,,,
10/05/1999,AAPL,46.75,46.25,46.5,1pm,BID_GREATER_THAN_ASK,,,,,,,,,
14/05/1999,AAPL,45.0,44.8125,44.90625,1pm,BID_GREATER_THAN_ASK,,,,,,,,,
26/05/1999,AAPL,43.625,43.5,43.5625,1pm,BID_GREATER_THAN_ASK,,,,,,,,,
01/06/1999,AAPL,44.75,44.5625,44.65625,1pm,BID_GREATER_THAN_ASK,,,,,,,,,
11/06/1999,AAPL,47.5,47.4375,47.46875,1pm,BID_GREATER_THAN_ASK,,,,,,,,,
14/06/1999,AAPL,46.0,45.875,45.9375,1pm,BID_GREATER_THAN_ASK,,,,,,,,,
15/06/1999,AAPL,46.625,46.25,46.4375,1pm,BID_GREATER_THAN_ASK,,,,,,,,,
16/06/1999,AAPL,47.8125,47.5625,47.6875,1pm,BID_GREATER_THAN_ASK,,,,,,,,,
17/06/1999,AAPL,46.25,46.125,46.1875,1pm,BID_GREATER_THAN_ASK,,,,,,,,,
18/06/1999,AAPL,46.75,46.6875,46.71875,1pm,BID_GREATER_THAN_ASK,,,,,,,,,
21/06/1999,AAPL,47.125,46.25,46.6875,1pm,BID_GREATER_THAN_ASK,,,,,,,,,
23/06/1999,AAPL,43.875,43.8125,43.84375,1pm,BID_GREATER_THAN_ASK,,,,,,,,,
24/06/1999,AAPL,42.875,42.8125,42.84375,1pm,BID_GREATER_THAN_ASK,,,,,,,,,
28/06/1999,AAPL,42.75,42.625,42.6875,1pm,BID_GREATER_THAN_ASK,,,,,,,,,
29/06/1999,AAPL,44.0625,43.0,43.53125,1pm,BID_GREATER_THAN_ASK,,,,,,,,,
12/07/1999,AAPL,54.6875,54.4375,54.5625,1pm,BID_GREATER_THAN_ASK,,,,,,,,,
20/07/1999,AAPL,53.875,53.625,53.75,1pm,BID_GREATER_THAN_ASK,,,,,,,,,
21/07/1999,AAPL,54.5,54.125,54.3125,1pm,BID_GREATER_THAN_ASK,,,,,,,,,
22/07/1999,AAPL,51.5625,51.5,51.53125,1pm,BID_GREATER_THAN_ASK,,,,,,,,,
29/07/1999,AAPL,54.875,54.0625,54.46875,1pm,BID_GREATER_THAN_ASK,,,,,,,,,
30/07/1999,AAPL,55.8125,55.75,55.78125,1pm,BID_GREATER_THAN_ASK,,,,,,,,,
03/08/1999,AAPL,55.0625,54.3125,54.6875,1pm,BID_GREATER_THAN_ASK,,,,,,,,,
05/08/1999,AAPL,54.3125,54.1875,54.25,1pm,BID_GREATER_THAN_ASK,,,,,,,,,
16/08/1999,AAPL,60.0,59.8125,59.90625,1pm,BID_GREATER_THAN_ASK,,,,,,,,,
19/08/1999,AAPL,59.625,59.4375,59.53125,1pm,BID_GREATER_THAN_ASK,,,,,,,,,
03/09/1999,AAPL,73.5,73.4375,73.46875,1pm,BID_GREATER_THAN_ASK,,,,,,,,,
09/09/1999,AAPL,74.875,74.6875,74.78125,1pm,BID_GREATER_THAN_ASK,,,,,,,,,
13/09/1999,AAPL,76.25,76.125,76.1875,1pm,BID_GREATER_THAN_ASK,,,,,,,,,
16/09/1999,AAPL,74.5625,74.5,74.53125,1pm,BID_GREATER_THAN_ASK,,,,,,,,,
17/09/1999,AAPL,77.625,76.9375,77.28125,1pm,BID_GREATER_THAN_ASK,,,,,,,,,
16/07/1993,AAPL,,,,c1,BID_GREATER_THAN_ASK,27.75,27.5,27.625,,,,,,
23/07/1993,AAPL,,,,c1,BID_GREATER_THAN_ASK,26.75,26.25,26.5,,,,,,
17/08/1993,AAPL,,,,c1,BID_GREATER_THAN_ASK,28.25,28.0,28.125,,,,,,
01/11/1993,AAPL,,,,c1,BID_GREATER_THAN_ASK,31.25,30.875,31.0625,,,,,,
16/11/1993,AAPL,,,,c1,BID_GREATER_THAN_ASK,33.75,33.25,33.5,,,,,,
02/12/1993,AAPL,,,,c1,BID_GREATER_THAN_ASK,31.75,31.125,31.4375,,,,,,
09/12/1993,AAPL,,,,c1,BID_GREATER_THAN_ASK,30.5,30.0,30.25,,,,,,
10/12/1993,AAPL,,,,c1,BID_GREATER_THAN_ASK,30.0,28.25,29.125,,,,,,
31/12/1993,AAPL,,,,c1,BID_GREATER_THAN_ASK,29.75,29.5,29.625,,,,,,
23/07/1993,INTC,,,,c1,BID_GREATER_THAN_ASK,51.75,50.5,51.125,,,,,,
26/07/1993,INTC,,,,c1,BID_GREATER_THAN_ASK,53.25,53.0,53.125,,,,,,
05/08/1993,INTC,,,,c1,BID_GREATER_THAN_ASK,55.75,55.0,55.375,,,,,,
16/08/1993,INTC,,,,c1,BID_GREATER_THAN_ASK,64.25,64.0,64.125,,,,,,
24/08/1993,INTC,,,,c1,BID_GREATER_THAN_ASK,64.125,63.75,63.9375,,,,,,
26/08/1993,INTC,,,,c1,BID_GREATER_THAN_ASK,63.25,61.5,62.375,,,,,,
15/09/1993,INTC,,,,c1,BID_GREATER_THAN_ASK,64.75,63.5,64.125,,,,,,
17/09/1993,INTC,,,,c1,BID_GREATER_THAN_ASK,64.25,64.0,64.125,,,,,,
28/09/1993,INTC,,,,c1,BID_GREATER_THAN_ASK,72.5,70.5,71.5,,,,,,
13/10/1993,INTC,,,,c1,BID_GREATER_THAN_ASK,64.75,63.75,64.25,,,,,,
19/10/1993,INTC,,,,c1,BID_GREATER_THAN_ASK,62.625,62.25,62.4375,,,,,,
09/11/1993,INTC,,,,c1,BID_GREATER_THAN_ASK,61.625,61.25,61.4375,,,,,,
15/11/1993,INTC,,,,c1,BID_GREATER_THAN_ASK,60.75,60.25,60.5,,,,,,
17/11/1993,INTC,,,,c1,BID_GREATER_THAN_ASK,59.75,59.0,59.375,,,,,,
23/11/1993,INTC,,,,c1,BID_GREATER_THAN_ASK,58.75,58.0,58.375,,,,,,
02/12/1993,INTC,,,,c1,BID_GREATER_THAN_ASK,62.75,61.75,62.25,,,,,,
06/12/1993,INTC,,,,c1,BID_GREATER_THAN_ASK,59.25,58.5,58.875,,,,,,
08/12/1993,INTC,,,,c1,BID_GREATER_THAN_ASK,59.75,59.5,59.625,,,,,,
14/12/1993,INTC,,,,c1,BID_GREATER_THAN_ASK,57.25,57.0,57.125,,,,,,
15/12/1993,INTC,,,,c1,BID_GREATER_THAN_ASK,58.75,58.625,58.6875,,,,,,
22/12/1993,INTC,,,,c1,BID_GREATER_THAN_ASK,61.75,61.25,61.5,,,,,,
14/07/1993,JNJ,,,,c1,BID_GREATER_THAN_ASK,40.5,40.375,40.4375,,,,,,
30/07/1993,ORCL,,,,c1,BID_GREATER_THAN_ASK,51.375,50.375,50.875,,,,,,
25/08/1993,ORCL,,,,c1,BID_GREATER_THAN_ASK,55.375,54.875,55.125,,,,,,
27/08/1993,ORCL,,,,c1,BID_GREATER_THAN_ASK,51.25,50.25,50.75,,,,,,
02/09/1993,ORCL,,,,c1,BID_GREATER_THAN_ASK,52.625,52.5,52.5625,,,,,,
09/09/1993,ORCL,,,,c1,BID_GREATER_THAN_ASK,51.25,51.125,51.1875,,,,,,
14/09/1993,ORCL,,,,c1,BID_GREATER_THAN_ASK,49.0,48.75,48.875,,,,,,
07/10/1993,ORCL,,,,c1,BID_GREATER_THAN_ASK,59.125,58.5,58.8125,,,,,,
13/10/1993,ORCL,,,,c1,BID_GREATER_THAN_ASK,63.75,63.0,63.375,,,,,,
15/10/1993,ORCL,,,,c1,BID_GREATER_THAN_ASK,64.125,63.875,64.0,,,,,,
26/10/1993,ORCL,,,,c1,BID_GREATER_THAN_ASK,59.625,59.0,59.3125,,,,,,
28/10/1993,ORCL,,,,c1,BID_GREATER_THAN_ASK,60.25,58.25,59.25,,,,,,
04/11/1993,ORCL,,,,c1,BID_GREATER_THAN_ASK,57.875,55.75,56.8125,,,,,,
08/11/1993,ORCL,,,,c1,BID_GREATER_THAN_ASK,61.125,59.0,60.0625,,,,,,
18/11/1993,ORCL,,,,c1,BID_GREATER_THAN_ASK,31.5,31.125,31.3125,,,,,,
03/12/1993,ORCL,,,,c1,BID_GREATER_THAN_ASK,35.0,34.75,34.875,,,,,,
13/12/1993,ORCL,,,,c1,BID_GREATER_THAN_ASK,36.625,36.125,36.375,,,,,,
27/12/1993,ORCL,,,,c1,BID_GREATER_THAN_ASK,29.75,29.625,29.6875,,,,,,
30/03/1993,PFE,,,,c1,BID_GREATER_THAN_ASK,62.25,62.125,62.1875,,,,,,
20/01/1994,AAPL,,,,c1,BID_GREATER_THAN_ASK,30.25,30.0,30.125,,,,,,
21/01/1994,AAPL,,,,c1,BID_GREATER_THAN_ASK,33.25,32.75,33.0,,,,,,
31/03/1994,AAPL,,,,c1,BID_GREATER_THAN_ASK,33.0,32.0,32.5,,,,,,
25/04/1994,AAPL,,,,c1,BID_GREATER_THAN_ASK,30.75,30.0,30.375,,,,,,
06/05/1994,AAPL,,,,c1,BID_GREATER_THAN_ASK,32.25,32.125,32.1875,,,,,,
19/05/1994,AAPL,,,,c1,BID_GREATER_THAN_ASK,32.0,31.25,31.625,,,,,,
23/06/1994,AAPL,,,,c1,BID_GREATER_THAN_ASK,25.5,25.125,25.3125,,,,,,
13/07/1994,AAPL,,,,c1,BID_GREATER_THAN_ASK,29.625,28.625,29.125,,,,,,
20/07/1994,AAPL,,,,c1,BID_GREATER_THAN_ASK,27.25,26.75,27.0,,,,,,
22/07/1994,AAPL,,,,c1,BID_GREATER_THAN_ASK,30.875,30.625,30.75,,,,,,
25/07/1994,AAPL,,,,c1,BID_GREATER_THAN_ASK,31.625,31.5,31.5625,,,,,,
29/07/1994,AAPL,,,,c1,BID_GREATER_THAN_ASK,33.625,32.125,32.875,,,,,,
03/08/1994,AAPL,,,,c1,BID_GREATER_THAN_ASK,33.125,32.625,32.875,,,,,,
08/08/1994,AAPL,,,,c1,BID_GREATER_THAN_ASK,33.625,33.125,33.375,,,,,,
24/08/1994,AAPL,,,,c1,BID_GREATER_THAN_ASK,34.75,34.5,34.625,,,,,,
09/09/1994,AAPL,,,,c1,BID_GREATER_THAN_ASK,35.75,35.625,35.6875,,,,,,
05/10/1994,AAPL,,,,c1,BID_GREATER_THAN_ASK,37.875,35.5,36.6875,,,,,,
11/10/1994,AAPL,,,,c1,BID_GREATER_THAN_ASK,41.375,39.75,40.5625,,,,,,
18/10/1994,AAPL,,,,c1,BID_GREATER_THAN_ASK,41.125,41.0,41.0625,,,,,,
21/11/1994,AAPL,,,,c1,BID_GREATER_THAN_ASK,38.625,38.25,38.4375,,,,,,
22/11/1994,AAPL,,,,c1,BID_GREATER_THAN_ASK,38.125,37.625,37.875,,,,,,
12/12/1994,AAPL,,,,c1,BID_GREATER_THAN_ASK,36.5,36.125,36.3125,,,,,,
01/08/1994,BAC,,,,c1,BID_GREATER_THAN_ASK,47.75,47.5,47.625,,,,,,
03/01/1994,INTC,,,,c1,BID_GREATER_THAN_ASK,61.75,61.5,61.625,,,,,,
07/01/1994,INTC,,,,c1,BID_GREATER_THAN_ASK,65.75,65.0,65.375,,,,,,
19/01/1994,INTC,,,,c1,BID_GREATER_THAN_ASK,63.5,62.5,63.0,,,,,,
16/02/1994,INTC,,,,c1,BID_GREATER_THAN_ASK,67.0,66.5,66.75,,,,,,
01/03/1994,INTC,,,,c1,BID_GREATER_THAN_ASK,67.5,67.0,67.25,,,,,,
17/03/1994,INTC,,,,c1,BID_GREATER_THAN_ASK,73.25,72.5,72.875,,,,,,
07/04/1994,INTC,,,,c1,BID_GREATER_THAN_ASK,70.5,70.0,70.25,,,,,,
13/04/1994,INTC,,,,c1,BID_GREATER_THAN_ASK,64.5,64.0,64.25,,,,,,
14/04/1994,INTC,,,,c1,BID_GREATER_THAN_ASK,63.75,60.0,61.875,,,,,,
23/05/1994,INTC,,,,c1,BID_GREATER_THAN_ASK,59.75,59.5,59.625,,,,,,
03/06/1994,INTC,,,,c1,BID_GREATER_THAN_ASK,63.5,63.0,63.25,,,,,,
09/06/1994,INTC,,,,c1,BID_GREATER_THAN_ASK,60.0,59.0,59.5,,,,,,
10/06/1994,INTC,,,,c1,BID_GREATER_THAN_ASK,59.875,59.75,59.8125,,,,,,
23/06/1994,INTC,,,,c1,BID_GREATER_THAN_ASK,59.875,58.375,59.125,,,,,,
29/06/1994,INTC,,,,c1,BID_GREATER_THAN_ASK,60.0,59.5,59.75,,,,,,
01/07/1994,INTC,,,,c1,BID_GREATER_THAN_ASK,58.5,58.25,58.375,,,,,,
11/07/1994,INTC,,,,c1,BID_GREATER_THAN_ASK,60.0,59.5,59.75,,,,,,
10/08/1994,INTC,,,,c1,BID_GREATER_THAN_ASK,59.75,59.5,59.625,,,,,,
25/08/1994,INTC,,,,c1,BID_GREATER_THAN_ASK,65.0,64.5,64.75,,,,,,
26/08/1994,INTC,,,,c1,BID_GREATER_THAN_ASK,66.0,65.25,65.625,,,,,,
29/08/1994,INTC,,,,c1,BID_GREATER_THAN_ASK,66.5,66.25,66.375,,,,,,
30/08/1994,INTC,,,,c1,BID_GREATER_THAN_ASK,67.0,65.75,66.375,,,,,,
02/09/1994,INTC,,,,c1,BID_GREATER_THAN_ASK,64.0,63.875,63.9375,,,,,,
06/09/1994,INTC,,,,c1,BID_GREATER_THAN_ASK,65.0,64.0,64.5,,,,,,
07/09/1994,INTC,,,,c1,BID_GREATER_THAN_ASK,66.75,66.5,66.625,,,,,,
22/09/1994,INTC,,,,c1,BID_GREATER_THAN_ASK,65.0,64.75,64.875,,,,,,
29/09/1994,INTC,,,,c1,BID_GREATER_THAN_ASK,61.5,60.75,61.125,,,,,,
05/10/1994,INTC,,,,c1,BID_GREATER_THAN_ASK,58.75,58.5,58.625,,,,,,
07/10/1994,INTC,,,,c1,BID_GREATER_THAN_ASK,59.25,59.0,59.125,,,,,,
11/10/1994,INTC,,,,c1,BID_GREATER_THAN_ASK,61.25,60.5,60.875,,,,,,
24/10/1994,INTC,,,,c1,BID_GREATER_THAN_ASK,59.75,59.5,59.625,,,,,,
02/11/1994,INTC,,,,c1,BID_GREATER_THAN_ASK,63.375,62.5,62.9375,,,,,,
03/11/1994,INTC,,,,c1,BID_GREATER_THAN_ASK,62.75,61.875,62.3125,,,,,,
04/11/1994,INTC,,,,c1,BID_GREATER_THAN_ASK,61.25,60.5,60.875,,,,,,
18/11/1994,INTC,,,,c1,BID_GREATER_THAN_ASK,63.875,62.75,63.3125,,,,,,
21/11/1994,INTC,,,,c1,BID_GREATER_THAN_ASK,66.875,66.25,66.5625,,,,,,
22/11/1994,INTC,,,,c1,BID_GREATER_THAN_ASK,65.875,64.75,65.3125,,,,,,
23/11/1994,INTC,,,,c1,BID_GREATER_THAN_ASK,64.875,64.125,64.5,,,,,,
06/12/1994,INTC,,,,c1,BID_GREATER_THAN_ASK,65.0,64.625,64.8125,,,,,,
07/12/1994,INTC,,,,c1,BID_GREATER_THAN_ASK,64.5,64.375,64.4375,,,,,,
20/12/1994,INTC,,,,c1,BID_GREATER_THAN_ASK,61.25,60.75,61.0,,,,,,
29/12/1994,INTC,,,,c1,BID_GREATER_THAN_ASK,64.375,63.75,64.0625,,,,,,
15/07/1994,JNJ,,,,c1,BID_GREATER_THAN_ASK,43.625,43.5,43.5625,,,,,,
30/03/1994,MS,,,,c1,BID_GREATER_THAN_ASK,64.875,64.75,64.8125,,,,,,
21/04/1994,MS,,,,c1,BID_GREATER_THAN_ASK,62.125,61.875,62.0,,,,,,
15/06/1994,MS,,,,c1,BID_GREATER_THAN_ASK,60.25,59.75,60.0,,,,,,
14/07/1994,MS,,,,c1,BID_GREATER_THAN_ASK,60.375,59.5,59.9375,,,,,,
15/07/1994,MS,,,,c1,BID_GREATER_THAN_ASK,60.75,59.5,60.125,,,,,,
22/11/1994,MS,,,,c1,BID_GREATER_THAN_ASK,58.125,57.125,57.625,,,,,,
03/01/1994,ORCL,,,,c1,BID_GREATER_THAN_ASK,28.5,28.0,28.25,,,,,,
05/01/1994,ORCL,,,,c1,BID_GREATER_THAN_ASK,31.125,30.375,30.75,,,,,,
07/01/1994,ORCL,,,,c1,BID_GREATER_THAN_ASK,31.75,31.5,31.625,,,,,,
10/01/1994,ORCL,,,,c1,BID_GREATER_THAN_ASK,33.0,32.125,32.5625,,,,,,
13/01/1994,ORCL,,,,c1,BID_GREATER_THAN_ASK,34.625,32.5,33.5625,,,,,,
08/02/1994,ORCL,,,,c1,BID_GREATER_THAN_ASK,32.75,32.125,32.4375,,,,,,
07/03/1994,ORCL,,,,c1,BID_GREATER_THAN_ASK,35.125,34.5,34.8125,,,,,,
23/03/1994,ORCL,,,,c1,BID_GREATER_THAN_ASK,35.0,34.0,34.5,,,,,,
28/03/1994,ORCL,,,,c1,BID_GREATER_THAN_ASK,31.875,31.75,31.8125,,,,,,
15/04/1994,ORCL,,,,c1,BID_GREATER_THAN_ASK,30.0,29.875,29.9375,,,,,,
13/05/1994,ORCL,,,,c1,BID_GREATER_THAN_ASK,31.0,30.75,30.875,,,,,,
20/05/1994,ORCL,,,,c1,BID_GREATER_THAN_ASK,31.875,31.5,31.6875,,,,,,
03/06/1994,ORCL,,,,c1,BID_GREATER_THAN_ASK,37.875,37.0,37.4375,,,,,,
29/06/1994,ORCL,,,,c1,BID_GREATER_THAN_ASK,37.875,37.75,37.8125,,,,,,
30/06/1994,ORCL,,,,c1,BID_GREATER_THAN_ASK,37.375,37.125,37.25,,,,,,
08/07/1994,ORCL,,,,c1,BID_GREATER_THAN_ASK,38.875,38.0,38.4375,,,,,,
13/07/1994,ORCL,,,,c1,BID_GREATER_THAN_ASK,40.0,39.75,39.875,,,,,,
27/07/1994,ORCL,,,,c1,BID_GREATER_THAN_ASK,36.75,36.0,36.375,,,,,,
02/08/1994,ORCL,,,,c1,BID_GREATER_THAN_ASK,37.875,37.625,37.75,,,,,,
30/08/1994,ORCL,,,,c1,BID_GREATER_THAN_ASK,43.5,42.875,43.1875,,,,,,
27/09/1994,ORCL,,,,c1,BID_GREATER_THAN_ASK,42.75,42.0,42.375,,,,,,
28/09/1994,ORCL,,,,c1,BID_GREATER_THAN_ASK,42.875,42.375,42.625,,,,,,
11/10/1994,ORCL,,,,c1,BID_GREATER_THAN_ASK,44.375,42.875,43.625,,,,,,
27/10/1994,ORCL,,,,c1,BID_GREATER_THAN_ASK,44.125,44.0,44.0625,,,,,,
08/11/1994,ORCL,,,,c1,BID_GREATER_THAN_ASK,44.625,43.625,44.125,,,,,,
16/11/1994,ORCL,,,,c1,BID_GREATER_THAN_ASK,44.0,43.625,43.8125,,,,,,
22/11/1994,ORCL,,,,c1,BID_GREATER_THAN_ASK,41.125,39.75,40.4375,,,,,,
30/11/1994,ORCL,,,,c1,BID_GREATER_THAN_ASK,41.5,41.375,41.4375,,,,,,
02/12/1994,ORCL,,,,c1,BID_GREATER_THAN_ASK,40.375,39.25,39.8125,,,,,,
16/12/1994,ORCL,,,,c1,BID_GREATER_THAN_ASK,39.125,38.625,38.875,,,,,,
15/07/1994,PFE,,,,c1,BID_GREATER_THAN_ASK,62.75,62.5,62.625,,,,,,
04/02/1994,WFC,,,,c1,BID_GREATER_THAN_ASK,128.25,128.125,128.1875,,,,,,
16/03/1994,WFC,,,,c1,BID_GREATER_THAN_ASK,144.0,140.5,142.25,,,,,,
30/03/1994,WFC,,,,c1,BID_GREATER_THAN_ASK,140.875,140.75,140.8125,,,,,,
09/01/1995,AAPL,,,,c1,BID_GREATER_THAN_ASK,41.625,41.25,41.4375,,,,,,
20/01/1995,AAPL,,,,c1,BID_GREATER_THAN_ASK,42.875,42.625,42.75,,,,,,
24/01/1995,AAPL,,,,c1,BID_GREATER_THAN_ASK,41.75,41.625,41.6875,,,,,,
08/02/1995,AAPL,,,,c1,BID_GREATER_THAN_ASK,42.25,41.625,41.9375,,,,,,
13/02/1995,AAPL,,,,c1,BID_GREATER_THAN_ASK,44.25,43.75,44.0,,,,,,
15/02/1995,AAPL,,,,c1,BID_GREATER_THAN_ASK,42.875,42.75,42.8125,,,,,,
21/02/1995,AAPL,,,,c1,BID_GREATER_THAN_ASK,41.375,41.0,41.1875,,,,,,
27/03/1995,AAPL,,,,c1,BID_GREATER_THAN_ASK,37.125,36.875,37.0,,,,,,
30/03/1995,AAPL,,,,c1,BID_GREATER_THAN_ASK,35.25,35.0,35.125,,,,,,
17/04/1995,AAPL,,,,c1,BID_GREATER_THAN_ASK,38.875,38.5,38.6875,,,,,,
11/05/1995,AAPL,,,,c1,BID_GREATER_THAN_ASK,41.25,41.0,41.125,,,,,,
18/05/1995,AAPL,,,,c1,BID_GREATER_THAN_ASK,43.75,43.5,43.625,,,,,,
01/06/1995,AAPL,,,,c1,BID_GREATER_THAN_ASK,42.125,41.875,42.0,,,,,,
06/06/1995,AAPL,,,,c1,BID_GREATER_THAN_ASK,44.0,43.75,43.875,,,,,,
19/06/1995,AAPL,,,,c1,BID_GREATER_THAN_ASK,44.25,43.875,44.0625,,,,,,
23/06/1995,AAPL,,,,c1,BID_GREATER_THAN_ASK,48.5,48.0,48.25,,,,,,
07/07/1995,AAPL,,,,c1,BID_GREATER_THAN_ASK,48.5,47.875,48.1875,,,,,,
13/07/1995,AAPL,,,,c1,BID_GREATER_THAN_ASK,47.625,47.5,47.5625,,,,,,
18/07/1995,AAPL,,,,c1,BID_GREATER_THAN_ASK,48.25,48.125,48.1875,,,,,,
19/07/1995,AAPL,,,,c1,BID_GREATER_THAN_ASK,45.625,45.5,45.5625,,,,,,
16/08/1995,AAPL,,,,c1,BID_GREATER_THAN_ASK,44.25,43.875,44.0625,,,,,,
14/09/1995,AAPL,,,,c1,BID_GREATER_THAN_ASK,40.5,40.125,40.3125,,,,,,
25/09/1995,AAPL,,,,c1,BID_GREATER_THAN_ASK,37.5,37.25,37.375,,,,,,
27/09/1995,AAPL,,,,c1,BID_GREATER_THAN_ASK,36.125,35.0,35.5625,,,,,,
16/10/1995,AAPL,,,,c1,BID_GREATER_THAN_ASK,36.625,36.125,36.375,,,,,,
14/11/1995,AAPL,,,,c1,BID_GREATER_THAN_ASK,41.5,41.375,41.4375,,,,,,
15/11/1995,AAPL,,,,c1,BID_GREATER_THAN_ASK,40.875,40.375,40.625,,,,,,
21/11/1995,AAPL,,,,c1,BID_GREATER_THAN_ASK,38.375,38.0,38.1875,,,,,,
24/11/1995,AAPL,,,,c1,BID_GREATER_THAN_ASK,40.125,39.875,40.0,,,,,,
06/12/1995,AAPL,,,,c1,BID_GREATER_THAN_ASK,39.125,38.75,38.9375,,,,,,
08/12/1995,AAPL,,,,c1,BID_GREATER_THAN_ASK,39.25,38.5,38.875,,,,,,
20/06/1995,BAC,,,,c1,BID_GREATER_THAN_ASK,53.625,53.5,53.5625,,,,,,
20/04/1995,GE,,,,c1,BID_GREATER_THAN_ASK,54.125,54.0,54.0625,,,,,,
13/01/1995,INTC,,,,c1,BID_GREATER_THAN_ASK,68.0,67.875,67.9375,,,,,,
20/01/1995,INTC,,,,c1,BID_GREATER_THAN_ASK,70.125,68.875,69.5,,,,,,
23/01/1995,INTC,,,,c1,BID_GREATER_THAN_ASK,70.375,70.25,70.3125,,,,,,
26/01/1995,INTC,,,,c1,BID_GREATER_THAN_ASK,70.625,70.5,70.5625,,,,,,
08/02/1995,INTC,,,,c1,BID_GREATER_THAN_ASK,76.625,76.0,76.3125,,,,,,
09/02/1995,INTC,,,,c1,BID_GREATER_THAN_ASK,78.375,77.625,78.0,,,,,,
13/02/1995,INTC,,,,c1,BID_GREATER_THAN_ASK,77.125,77.0,77.0625,,,,,,
14/02/1995,INTC,,,,c1,BID_GREATER_THAN_ASK,78.25,78.0,78.125,,,,,,
27/02/1995,INTC,,,,c1,BID_GREATER_THAN_ASK,78.5,78.25,78.375,,,,,,
09/03/1995,INTC,,,,c1,BID_GREATER_THAN_ASK,80.125,79.875,80.0,,,,,,
23/03/1995,INTC,,,,c1,BID_GREATER_THAN_ASK,85.375,84.875,85.125,,,,,,
28/03/1995,INTC,,,,c1,BID_GREATER_THAN_ASK,88.75,88.5,88.625,,,,,,
30/03/1995,INTC,,,,c1,BID_GREATER_THAN_ASK,85.25,84.25,84.75,,,,,,
31/03/1995,INTC,,,,c1,BID_GREATER_THAN_ASK,85.875,84.875,85.375,,,,,,
03/04/1995,INTC,,,,c1,BID_GREATER_THAN_ASK,88.375,86.0,87.1875,,,,,,
04/04/1995,INTC,,,,c1,BID_GREATER_THAN_ASK,88.125,86.625,87.375,,,,,,
12/04/1995,INTC,,,,c1,BID_GREATER_THAN_ASK,91.625,90.375,91.0,,,,,,
17/04/1995,INTC,,,,c1,BID_GREATER_THAN_ASK,94.375,94.125,94.25,,,,,,
27/04/1995,INTC,,,,c1,BID_GREATER_THAN_ASK,101.125,100.625,100.875,,,,,,
01/05/1995,INTC,,,,c1,BID_GREATER_THAN_ASK,104.75,104.125,104.4375,,,,,,
04/05/1995,INTC,,,,c1,BID_GREATER_THAN_ASK,109.875,109.5,109.6875,,,,,,
09/05/1995,INTC,,,,c1,BID_GREATER_THAN_ASK,111.25,109.625,110.4375,,,,,,
11/05/1995,INTC,,,,c1,BID_GREATER_THAN_ASK,109.125,108.75,108.9375,,,,,,
12/05/1995,INTC,,,,c1,BID_GREATER_THAN_ASK,110.25,108.75,109.5,,,,,,
16/05/1995,INTC,,,,c1,BID_GREATER_THAN_ASK,109.875,108.875,109.375,,,,,,
18/05/1995,INTC,,,,c1,BID_GREATER_THAN_ASK,113.625,110.875,112.25,,,,,,
19/05/1995,INTC,,,,c1,BID_GREATER_THAN_ASK,111.375,111.0,111.1875,,,,,,
25/05/1995,INTC,,,,c1,BID_GREATER_THAN_ASK,118.0,117.5,117.75,,,,,,
01/06/1995,INTC,,,,c1,BID_GREATER_THAN_ASK,114.75,114.5,114.625,,,,,,
02/06/1995,INTC,,,,c1,BID_GREATER_THAN_ASK,116.5,116.125,116.3125,,,,,,
06/06/1995,INTC,,,,c1,BID_GREATER_THAN_ASK,113.5,112.5,113.0,,,,,,
08/06/1995,INTC,,,,c1,BID_GREATER_THAN_ASK,114.125,113.875,114.0,,,,,,
09/06/1995,INTC,,,,c1,BID_GREATER_THAN_ASK,112.875,112.75,112.8125,,,,,,
16/06/1995,INTC,,,,c1,BID_GREATER_THAN_ASK,116.0,115.5,115.75,,,,,,
21/06/1995,INTC,,,,c1,BID_GREATER_THAN_ASK,64.5,63.75,64.125,,,,,,
23/06/1995,INTC,,,,c1,BID_GREATER_THAN_ASK,65.625,65.25,65.4375,,,,,,
26/06/1995,INTC,,,,c1,BID_GREATER_THAN_ASK,65.0,64.625,64.8125,,,,,,
29/06/1995,INTC,,,,c1,BID_GREATER_THAN_ASK,64.0,63.875,63.9375,,,,,,
07/07/1995,INTC,,,,c1,BID_GREATER_THAN_ASK,68.125,68.0,68.0625,,,,,,
10/07/1995,INTC,,,,c1,BID_GREATER_THAN_ASK,70.25,69.625,69.9375,,,,,,
17/07/1995,INTC,,,,c1,BID_GREATER_THAN_ASK,76.375,75.875,76.125,,,,,,
19/07/1995,INTC,,,,c1,BID_GREATER_THAN_ASK,65.25,63.25,64.25,,,,,,
21/07/1995,INTC,,,,c1,BID_GREATER_THAN_ASK,63.375,63.0,63.1875,,,,,,
03/08/1995,INTC,,,,c1,BID_GREATER_THAN_ASK,62.0,61.25,61.625,,,,,,
04/08/1995,INTC,,,,c1,BID_GREATER_THAN_ASK,62.5,62.0,62.25,,,,,,
08/08/1995,INTC,,,,c1,BID_GREATER_THAN_ASK,65.0,64.875,64.9375,,,,,,
11/08/1995,INTC,,,,c1,BID_GREATER_THAN_ASK,66.0,65.75,65.875,,,,,,
15/08/1995,INTC,,,,c1,BID_GREATER_THAN_ASK,65.5,65.375,65.4375,,,,,,
24/08/1995,INTC,,,,c1,BID_GREATER_THAN_ASK,61.5,61.125,61.3125,,,,,,
05/09/1995,INTC,,,,c1,BID_GREATER_THAN_ASK,63.625,62.625,63.125,,,,,,
06/09/1995,INTC,,,,c1,BID_GREATER_THAN_ASK,63.375,62.625,63.0,,,,,,
07/09/1995,INTC,,,,c1,BID_GREATER_THAN_ASK,65.5,65.0,65.25,,,,,,
11/09/1995,INTC,,,,c1,BID_GREATER_THAN_ASK,65.875,65.75,65.8125,,,,,,
12/09/1995,INTC,,,,c1,BID_GREATER_THAN_ASK,65.875,65.0,65.4375,,,,,,
14/09/1995,INTC,,,,c1,BID_GREATER_THAN_ASK,64.75,63.75,64.25,,,,,,
15/09/1995,INTC,,,,c1,BID_GREATER_THAN_ASK,62.125,62.0,62.0625,,,,,,
21/09/1995,INTC,,,,c1,BID_GREATER_THAN_ASK,61.5,61.25,61.375,,,,,,
26/09/1995,INTC,,,,c1,BID_GREATER_THAN_ASK,60.125,59.75,59.9375,,,,,,
29/09/1995,INTC,,,,c1,BID_GREATER_THAN_ASK,61.875,60.25,61.0625,,,,,,
03/10/1995,INTC,,,,c1,BID_GREATER_THAN_ASK,59.75,59.625,59.6875,,,,,,
04/10/1995,INTC,,,,c1,BID_GREATER_THAN_ASK,59.0,58.75,58.875,,,,,,
11/10/1995,INTC,,,,c1,BID_GREATER_THAN_ASK,62.75,62.625,62.6875,,,,,,
12/10/1995,INTC,,,,c1,BID_GREATER_THAN_ASK,63.625,63.375,63.5,,,,,,
17/10/1995,INTC,,,,c1,BID_GREATER_THAN_ASK,65.375,64.625,65.0,,,,,,
18/10/1995,INTC,,,,c1,BID_GREATER_THAN_ASK,68.0,67.75,67.875,,,,,,
24/10/1995,INTC,,,,c1,BID_GREATER_THAN_ASK,68.0,67.875,67.9375,,,,,,
31/10/1995,INTC,,,,c1,BID_GREATER_THAN_ASK,70.5,70.0,70.25,,,,,,
01/11/1995,INTC,,,,c1,BID_GREATER_THAN_ASK,70.75,70.5,70.625,,,,,,
02/11/1995,INTC,,,,c1,BID_GREATER_THAN_ASK,72.875,72.75,72.8125,,,,,,
03/11/1995,INTC,,,,c1,BID_GREATER_THAN_ASK,72.375,72.125,72.25,,,,,,
08/11/1995,INTC,,,,c1,BID_GREATER_THAN_ASK,65.875,65.375,65.625,,,,,,
09/11/1995,INTC,,,,c1,BID_GREATER_THAN_ASK,68.875,68.25,68.5625,,,,,,
13/11/1995,INTC,,,,c1,BID_GREATER_THAN_ASK,67.875,67.125,67.5,,,,,,
16/11/1995,INTC,,,,c1,BID_GREATER_THAN_ASK,64.125,63.0,63.5625,,,,,,
20/11/1995,INTC,,,,c1,BID_GREATER_THAN_ASK,63.875,62.125,63.0,,,,,,
21/11/1995,INTC,,,,c1,BID_GREATER_THAN_ASK,63.375,63.0,63.1875,,,,,,
29/11/1995,INTC,,,,c1,BID_GREATER_THAN_ASK,62.875,62.375,62.625,,,,,,
04/12/1995,INTC,,,,c1,BID_GREATER_THAN_ASK,62.0,61.75,61.875,,,,,,
08/12/1995,INTC,,,,c1,BID_GREATER_THAN_ASK,63.125,62.125,62.625,,,,,,
13/12/1995,INTC,,,,c1,BID_GREATER_THAN_ASK,62.5,62.375,62.4375,,,,,,
21/03/1995,MA,,,,c1,BID_GREATER_THAN_ASK,35.625,35.5,35.5625,,,,,,
26/04/1995,ORCL,,,,c1,BID_GREATER_THAN_ASK,29.5,29.0,29.25,,,,,,
23/06/1995,ORCL,,,,c1,BID_GREATER_THAN_ASK,39.125,39.0,39.0625,,,,,,
20/07/1995,ORCL,,,,c1,BID_GREATER_THAN_ASK,38.25,37.875,38.0625,,,,,,
12/09/1995,ORCL,,,,c1,BID_GREATER_THAN_ASK,44.75,44.125,44.4375,,,,,,
15/09/1995,ORCL,,,,c1,BID_GREATER_THAN_ASK,37.875,37.625,37.75,,,,,,
03/10/1995,ORCL,,,,c1,BID_GREATER_THAN_ASK,38.5,37.875,38.1875,,,,,,
12/10/1995,ORCL,,,,c1,BID_GREATER_THAN_ASK,39.75,38.875,39.3125,,,,,,
13/10/1995,ORCL,,,,c1,BID_GREATER_THAN_ASK,39.5,39.25,39.375,,,,,,
23/10/1995,ORCL,,,,c1,BID_GREATER_THAN_ASK,44.125,42.75,43.4375,,,,,,
27/10/1995,ORCL,,,,c1,BID_GREATER_THAN_ASK,43.125,42.25,42.6875,,,,,,
08/11/1995,ORCL,,,,c1,BID_GREATER_THAN_ASK,45.125,44.875,45.0,,,,,,
13/11/1995,ORCL,,,,c1,BID_GREATER_THAN_ASK,47.125,46.125,46.625,,,,,,
20/12/1995,ORCL,,,,c1,BID_GREATER_THAN_ASK,45.875,43.0,44.4375,,,,,,
30/08/1995,PEP,,,,c1,BID_GREATER_THAN_ASK,45.625,45.5,45.5625,,,,,,
30/08/1995,PFE,,,,c1,BID_GREATER_THAN_ASK,49.625,49.25,49.4375,,,,,,
27/01/1995,WFC,,,,c1,BID_GREATER_THAN_ASK,147.875,147.625,147.75,,,,,,
30/08/1995,WFC,,,,c1,BID_GREATER_THAN_ASK,187.875,187.625,187.75,,,,,,
19/01/1996,AAPL,,,,c1,BID_GREATER_THAN_ASK,31.125,29.875,30.5,,,,,,
25/01/1996,AAPL,,,,c1,BID_GREATER_THAN_ASK,31.125,30.375,30.75,,,,,,
29/01/1996,AAPL,,,,c1,BID_GREATER_THAN_ASK,30.25,29.25,29.75,,,,,,
08/02/1996,AAPL,,,,c1,BID_GREATER_THAN_ASK,28.0,27.875,27.9375,,,,,,
20/02/1996,AAPL,,,,c1,BID_GREATER_THAN_ASK,28.875,28.125,28.5,,,,,,
01/08/1996,AAPL,,,,c1,BID_GREATER_THAN_ASK,21.875,21.25,21.5625,,,,,,
20/12/1996,AAPL,,,,c1,BID_GREATER_THAN_ASK,23.5,22.375,22.9375,,,,,,
10/07/1996,BAC,,,,c1,BID_GREATER_THAN_ASK,77.0,75.875,76.4375,,,,,,
03/09/1996,BAC,,,,c1,BID_GREATER_THAN_ASK,77.375,76.75,77.0625,,,,,,
10/07/1996,C,,,,c1,BID_GREATER_THAN_ASK,58.0,57.75,57.875,,,,,,
21/03/1996,DIS,,,,c1,BID_GREATER_THAN_ASK,64.375,64.25,64.3125,,,,,,
03/09/1996,DIS,,,,c1,BID_GREATER_THAN_ASK,56.75,56.625,56.6875,,,,,,
03/09/1996,GE,,,,c1,BID_GREATER_THAN_ASK,84.0,82.25,83.125,,,,,,
10/07/1996,HD,,,,c1,BID_GREATER_THAN_ASK,52.0,51.875,51.9375,,,,,,
03/09/1996,HD,,,,c1,BID_GREATER_THAN_ASK,52.75,52.375,52.5625,,,,,,
15/01/1996,INTC,,,,c1,BID_GREATER_THAN_ASK,54.625,53.5,54.0625,,,,,,
01/02/1996,INTC,,,,c1,BID_GREATER_THAN_ASK,56.125,56.0,56.0625,,,,,,
13/02/1996,INTC,,,,c1,BID_GREATER_THAN_ASK,57.75,57.125,57.4375,,,,,,
15/02/1996,INTC,,,,c1,BID_GREATER_THAN_ASK,58.125,57.5,57.8125,,,,,,
21/02/1996,INTC,,,,c1,BID_GREATER_THAN_ASK,59.125,58.5,58.8125,,,,,,
22/02/1996,INTC,,,,c1,BID_GREATER_THAN_ASK,60.875,59.5,60.1875,,,,,,
28/02/1996,INTC,,,,c1,BID_GREATER_THAN_ASK,61.25,60.75,61.0,,,,,,
29/02/1996,INTC,,,,c1,BID_GREATER_THAN_ASK,59.25,58.875,59.0625,,,,,,
13/03/1996,INTC,,,,c1,BID_GREATER_THAN_ASK,56.5,56.125,56.3125,,,,,,
09/04/1996,INTC,,,,c1,BID_GREATER_THAN_ASK,61.875,61.375,61.625,,,,,,
10/04/1996,INTC,,,,c1,BID_GREATER_THAN_ASK,62.375,61.875,62.125,,,,,,
22/04/1996,INTC,,,,c1,BID_GREATER_THAN_ASK,67.625,67.25,67.4375,,,,,,
01/05/1996,INTC,,,,c1,BID_GREATER_THAN_ASK,68.0,67.875,67.9375,,,,,,
07/05/1996,INTC,,,,c1,BID_GREATER_THAN_ASK,69.0,68.0,68.5,,,,,,
09/05/1996,INTC,,,,c1,BID_GREATER_THAN_ASK,69.25,68.75,69.0,,,,,,
23/05/1996,INTC,,,,c1,BID_GREATER_THAN_ASK,71.375,70.875,71.125,,,,,,
28/05/1996,INTC,,,,c1,BID_GREATER_THAN_ASK,72.5,72.375,72.4375,,,,,,
05/06/1996,INTC,,,,c1,BID_GREATER_THAN_ASK,76.75,76.0,76.375,,,,,,
06/06/1996,INTC,,,,c1,BID_GREATER_THAN_ASK,76.25,75.25,75.75,,,,,,
14/06/1996,INTC,,,,c1,BID_GREATER_THAN_ASK,73.5,73.125,73.3125,,,,,,
25/06/1996,INTC,,,,c1,BID_GREATER_THAN_ASK,73.625,73.0,73.3125,,,,,,
12/07/1996,INTC,,,,c1,BID_GREATER_THAN_ASK,71.125,70.625,70.875,,,,,,
19/07/1996,INTC,,,,c1,BID_GREATER_THAN_ASK,72.75,72.375,72.5625,,,,,,
23/07/1996,INTC,,,,c1,BID_GREATER_THAN_ASK,70.0,69.5,69.75,,,,,,
25/07/1996,INTC,,,,c1,BID_GREATER_THAN_ASK,72.0,71.0,71.5,,,,,,
26/07/1996,INTC,,,,c1,BID_GREATER_THAN_ASK,74.125,73.0,73.5625,,,,,,
01/08/1996,INTC,,,,c1,BID_GREATER_THAN_ASK,76.875,75.875,76.375,,,,,,
05/08/1996,INTC,,,,c1,BID_GREATER_THAN_ASK,78.5,78.25,78.375,,,,,,
07/08/1996,INTC,,,,c1,BID_GREATER_THAN_ASK,82.25,80.125,81.1875,,,,,,
09/08/1996,INTC,,,,c1,BID_GREATER_THAN_ASK,82.25,82.125,82.1875,,,,,,
12/08/1996,INTC,,,,c1,BID_GREATER_THAN_ASK,83.0,82.125,82.5625,,,,,,
15/08/1996,INTC,,,,c1,BID_GREATER_THAN_ASK,82.125,81.875,82.0,,,,,,
06/09/1996,INTC,,,,c1,BID_GREATER_THAN_ASK,82.0,81.25,81.625,,,,,,
17/09/1996,INTC,,,,c1,BID_GREATER_THAN_ASK,94.25,92.875,93.5625,,,,,,
24/09/1996,INTC,,,,c1,BID_GREATER_THAN_ASK,96.375,96.125,96.25,,,,,,
27/09/1996,INTC,,,,c1,BID_GREATER_THAN_ASK,97.125,96.875,97.0,,,,,,
04/10/1996,INTC,,,,c1,BID_GREATER_THAN_ASK,101.625,100.5,101.0625,,,,,,
09/10/1996,INTC,,,,c1,BID_GREATER_THAN_ASK,101.5,101.0,101.25,,,,,,
15/10/1996,INTC,,,,c1,BID_GREATER_THAN_ASK,111.875,111.25,111.5625,,,,,,
18/10/1996,INTC,,,,c1,BID_GREATER_THAN_ASK,109.875,109.625,109.75,,,,,,
24/10/1996,INTC,,,,c1,BID_GREATER_THAN_ASK,108.625,107.625,108.125,,,,,,
28/10/1996,INTC,,,,c1,BID_GREATER_THAN_ASK,106.125,106.0,106.0625,,,,,,
01/11/1996,INTC,,,,c1,BID_GREATER_THAN_ASK,108.625,108.375,108.5,,,,,,
05/11/1996,INTC,,,,c1,BID_GREATER_THAN_ASK,114.0,112.625,113.3125,,,,,,
12/11/1996,INTC,,,,c1,BID_GREATER_THAN_ASK,121.5,121.0,121.25,,,,,,
13/11/1996,INTC,,,,c1,BID_GREATER_THAN_ASK,120.5,119.5,120.0,,,,,,
14/11/1996,INTC,,,,c1,BID_GREATER_THAN_ASK,119.875,119.25,119.5625,,,,,,
18/11/1996,INTC,,,,c1,BID_GREATER_THAN_ASK,115.25,114.125,114.6875,,,,,,
19/11/1996,INTC,,,,c1,BID_GREATER_THAN_ASK,120.75,119.75,120.25,,,,,,
22/11/1996,INTC,,,,c1,BID_GREATER_THAN_ASK,122.5,121.25,121.875,,,,,,
25/11/1996,INTC,,,,c1,BID_GREATER_THAN_ASK,122.0,121.625,121.8125,,,,,,
27/11/1996,INTC,,,,c1,BID_GREATER_THAN_ASK,126.875,126.625,126.75,,,,,,
04/12/1996,INTC,,,,c1,BID_GREATER_THAN_ASK,129.5,128.75,129.125,,,,,,
10/12/1996,INTC,,,,c1,BID_GREATER_THAN_ASK,132.25,129.125,130.6875,,,,,,
19/12/1996,INTC,,,,c1,BID_GREATER_THAN_ASK,137.5,136.125,136.8125,,,,,,
27/12/1996,INTC,,,,c1,BID_GREATER_THAN_ASK,137.125,135.5,136.3125,,,,,,
30/12/1996,INTC,,,,c1,BID_GREATER_THAN_ASK,135.75,133.375,134.5625,,,,,,
10/07/1996,JNJ,,,,c1,BID_GREATER_THAN_ASK,47.875,47.625,47.75,,,,,,
03/09/1996,JNJ,,,,c1,BID_GREATER_THAN_ASK,49.0,48.625,48.8125,,,,,,
10/07/1996,JPM,,,,c1,BID_GREATER_THAN_ASK,82.75,82.5,82.625,,,,,,
03/09/1996,JPM,,,,c1,BID_GREATER_THAN_ASK,88.375,86.75,87.5625,,,,,,
10/07/1996,KO,,,,c1,BID_GREATER_THAN_ASK,47.875,47.625,47.75,,,,,,
03/09/1996,KO,,,,c1,BID_GREATER_THAN_ASK,50.875,49.75,50.3125,,,,,,
30/01/1996,MS,,,,c1,BID_GREATER_THAN_ASK,47.25,46.875,47.0625,,,,,,
03/09/1996,MS,,,,c1,BID_GREATER_THAN_ASK,47.75,47.25,47.5,,,,,,
16/01/1996,ORCL,,,,c1,BID_GREATER_THAN_ASK,41.75,40.375,41.0625,,,,,,
29/02/1996,ORCL,,,,c1,BID_GREATER_THAN_ASK,52.25,52.125,52.1875,,,,,,
08/04/1996,ORCL,,,,c1,BID_GREATER_THAN_ASK,43.5,43.375,43.4375,,,,,,
07/08/1996,ORCL,,,,c1,BID_GREATER_THAN_ASK,41.625,41.5,41.5625,,,,,,
23/09/1996,ORCL,,,,c1,BID_GREATER_THAN_ASK,44.0,43.0,43.5,,,,,,
04/10/1996,ORCL,,,,c1,BID_GREATER_THAN_ASK,45.125,44.75,44.9375,,,,,,
18/10/1996,ORCL,,,,c1,BID_GREATER_THAN_ASK,44.375,43.75,44.0625,,,,,,
21/10/1996,ORCL,,,,c1,BID_GREATER_THAN_ASK,44.625,43.25,43.9375,,,,,,
06/12/1996,ORCL,,,,c1,BID_GREATER_THAN_ASK,46.125,45.75,45.9375,,,,,,
19/12/1996,ORCL,,,,c1,BID_GREATER_THAN_ASK,42.125,41.875,42.0,,,,,,
10/07/1996,PEP,,,,c1,BID_GREATER_THAN_ASK,33.375,33.125,33.25,,,,,,
21/03/1996,PFE,,,,c1,BID_GREATER_THAN_ASK,67.125,67.0,67.0625,,,,,,
03/09/1996,PFE,,,,c1,BID_GREATER_THAN_ASK,71.0,70.875,70.9375,,,,,,
10/07/1996,SPY,,,,c1,BID_GREATER_THAN_ASK,65.71875,65.625,65.671875,,,,,,
07/06/1996,WFC,,,,c1,BID_GREATER_THAN_ASK,247.5,247.375,247.4375,,,,,,
10/01/1997,AAPL,,,,c1,BID_GREATER_THAN_ASK,18.125,17.875,18.0,,,,,,
28/02/1997,AAPL,,,,c1,BID_GREATER_THAN_ASK,16.5,16.375,16.4375,,,,,,
31/03/1997,AAPL,,,,c1,BID_GREATER_THAN_ASK,18.75,18.375,18.5625,,,,,,
16/06/1997,AAPL,,,,c1,BID_GREATER_THAN_ASK,15.625,15.5,15.5625,,,,,,
19/08/1997,BAC,,,,c1,BID_GREATER_THAN_ASK,67.625,67.5625,67.59375,,,,,,
25/11/1997,BAC,,,,c1,BID_GREATER_THAN_ASK,75.1875,75.0,75.09375,,,,,,
30/12/1997,DIS,,,,c1,BID_GREATER_THAN_ASK,99.25,99.1875,99.21875,,,,,,
31/03/1997,GE,,,,c1,BID_GREATER_THAN_ASK,99.875,99.0,99.4375,,,,,,
15/04/1997,GE,,,,c1,BID_GREATER_THAN_ASK,103.625,102.875,103.25,,,,,,
27/10/1997,GE,,,,c1,BID_GREATER_THAN_ASK,63.125,61.9375,62.53125,,,,,,
03/01/1997,INTC,,,,c1,BID_GREATER_THAN_ASK,138.25,130.75,134.5,,,,,,
06/01/1997,INTC,,,,c1,BID_GREATER_THAN_ASK,138.75,138.625,138.6875,,,,,,
08/01/1997,INTC,,,,c1,BID_GREATER_THAN_ASK,144.25,142.25,143.25,,,,,,
23/01/1997,INTC,,,,c1,BID_GREATER_THAN_ASK,154.75,151.75,153.25,,,,,,
30/01/1997,INTC,,,,c1,BID_GREATER_THAN_ASK,160.125,159.375,159.75,,,,,,
04/02/1997,INTC,,,,c1,BID_GREATER_THAN_ASK,164.75,164.375,164.5625,,,,,,
18/02/1997,INTC,,,,c1,BID_GREATER_THAN_ASK,154.5,153.875,154.1875,,,,,,
19/02/1997,INTC,,,,c1,BID_GREATER_THAN_ASK,154.375,153.875,154.125,,,,,,
26/02/1997,INTC,,,,c1,BID_GREATER_THAN_ASK,148.125,146.625,147.375,,,,,,
28/02/1997,INTC,,,,c1,BID_GREATER_THAN_ASK,142.625,142.0,142.3125,,,,,,
04/03/1997,INTC,,,,c1,BID_GREATER_THAN_ASK,148.375,146.25,147.3125,,,,,,
05/03/1997,INTC,,,,c1,BID_GREATER_THAN_ASK,149.375,148.625,149.0,,,,,,
06/03/1997,INTC,,,,c1,BID_GREATER_THAN_ASK,145.875,145.5,145.6875,,,,,,
07/03/1997,INTC,,,,c1,BID_GREATER_THAN_ASK,147.375,143.5,145.4375,,,,,,
13/03/1997,INTC,,,,c1,BID_GREATER_THAN_ASK,142.25,141.25,141.75,,,,,,
14/03/1997,INTC,,,,c1,BID_GREATER_THAN_ASK,141.5,137.875,139.6875,,,,,,
17/03/1997,INTC,,,,c1,BID_GREATER_THAN_ASK,137.25,136.5,136.875,,,,,,
18/03/1997,INTC,,,,c1,BID_GREATER_THAN_ASK,137.0,136.875,136.9375,,,,,,
19/03/1997,INTC,,,,c1,BID_GREATER_THAN_ASK,134.75,133.5,134.125,,,,,,
26/03/1997,INTC,,,,c1,BID_GREATER_THAN_ASK,140.5,134.25,137.375,,,,,,
09/04/1997,INTC,,,,c1,BID_GREATER_THAN_ASK,144.875,142.375,143.625,,,,,,
10/04/1997,INTC,,,,c1,BID_GREATER_THAN_ASK,138.875,137.25,138.0625,,,,,,
14/04/1997,INTC,,,,c1,BID_GREATER_THAN_ASK,133.625,132.875,133.25,,,,,,
25/04/1997,INTC,,,,c1,BID_GREATER_THAN_ASK,144.625,144.0,144.3125,,,,,,
01/05/1997,INTC,,,,c1,BID_GREATER_THAN_ASK,153.75,153.25,153.5,,,,,,
02/05/1997,INTC,,,,c1,BID_GREATER_THAN_ASK,157.5,155.75,156.625,,,,,,
07/05/1997,INTC,,,,c1,BID_GREATER_THAN_ASK,158.0,155.875,156.9375,,,,,,
23/05/1997,INTC,,,,c1,BID_GREATER_THAN_ASK,163.125,161.75,162.4375,,,,,,
27/05/1997,INTC,,,,c1,BID_GREATER_THAN_ASK,169.25,168.875,169.0625,,,,,,
06/06/1997,INTC,,,,c1,BID_GREATER_THAN_ASK,146.6875,146.0,146.34375,,,,,,
09/06/1997,INTC,,,,c1,BID_GREATER_THAN_ASK,149.1875,148.25,148.71875,,,,,,
19/06/1997,INTC,,,,c1,BID_GREATER_THAN_ASK,147.0,146.5,146.75,,,,,,
20/06/1997,INTC,,,,c1,BID_GREATER_THAN_ASK,148.1875,146.75,147.46875,,,,,,
23/06/1997,INTC,,,,c1,BID_GREATER_THAN_ASK,146.375,145.1875,145.78125,,,,,,
30/06/1997,INTC,,,,c1,BID_GREATER_THAN_ASK,142.3125,141.625,141.96875,,,,,,
09/07/1997,INTC,,,,c1,BID_GREATER_THAN_ASK,153.375,152.75,153.0625,,,,,,
17/07/1997,INTC,,,,c1,BID_GREATER_THAN_ASK,88.1875,87.8125,88.0,,,,,,
23/07/1997,INTC,,,,c1,BID_GREATER_THAN_ASK,89.9375,89.375,89.65625,,,,,,
14/08/1997,INTC,,,,c1,BID_GREATER_THAN_ASK,96.625,95.875,96.25,,,,,,
04/09/1997,INTC,,,,c1,BID_GREATER_THAN_ASK,95.125,94.625,94.875,,,,,,
20/10/1997,INTC,,,,c1,BID_GREATER_THAN_ASK,84.5,84.0625,84.28125,,,,,,
22/10/1997,INTC,,,,c1,BID_GREATER_THAN_ASK,84.3125,83.9375,84.125,,,,,,
27/10/1997,INTC,,,,c1,BID_GREATER_THAN_ASK,77.125,74.8125,75.96875,,,,,,
28/10/1997,INTC,,,,c1,BID_GREATER_THAN_ASK,85.0,81.875,83.4375,,,,,,
05/11/1997,INTC,,,,c1,BID_GREATER_THAN_ASK,74.75,74.625,74.6875,,,,,,
10/11/1997,INTC,,,,c1,BID_GREATER_THAN_ASK,76.625,75.1875,75.90625,,,,,,
12/11/1997,INTC,,,,c1,BID_GREATER_THAN_ASK,75.75,74.9375,75.34375,,,,,,
13/11/1997,INTC,,,,c1,BID_GREATER_THAN_ASK,77.875,75.3125,76.59375,,,,,,
19/11/1997,INTC,,,,c1,BID_GREATER_THAN_ASK,79.0,78.75,78.875,,,,,,
25/11/1997,INTC,,,,c1,BID_GREATER_THAN_ASK,76.75,76.4375,76.59375,,,,,,
01/12/1997,INTC,,,,c1,BID_GREATER_THAN_ASK,81.5,78.875,80.1875,,,,,,
03/12/1997,INTC,,,,c1,BID_GREATER_THAN_ASK,79.0625,78.5,78.78125,,,,,,
09/12/1997,INTC,,,,c1,BID_GREATER_THAN_ASK,75.75,75.625,75.6875,,,,,,
10/12/1997,INTC,,,,c1,BID_GREATER_THAN_ASK,74.6875,74.375,74.53125,,,,,,
19/12/1997,INTC,,,,c1,BID_GREATER_THAN_ASK,69.9375,69.25,69.59375,,,,,,
30/12/1997,INTC,,,,c1,BID_GREATER_THAN_ASK,71.9375,71.75,71.84375,,,,,,
27/03/1997,JPM,,,,c1,BID_GREATER_THAN_ASK,102.25,101.25,101.75,,,,,,
08/07/1997,JPM,,,,c1,BID_GREATER_THAN_ASK,109.125,109.0,109.0625,,,,,,
28/10/1997,JPM,,,,c1,BID_GREATER_THAN_ASK,113.875,113.5,113.6875,,,,,,
03/01/1997,ORCL,,,,c1,BID_GREATER_THAN_ASK,44.5,44.25,44.375,,,,,,
23/01/1997,ORCL,,,,c1,BID_GREATER_THAN_ASK,41.25,40.625,40.9375,,,,,,
11/03/1997,ORCL,,,,c1,BID_GREATER_THAN_ASK,36.25,35.75,36.0,,,,,,
17/04/1997,ORCL,,,,c1,BID_GREATER_THAN_ASK,37.75,37.125,37.4375,,,,,,
01/05/1997,ORCL,,,,c1,BID_GREATER_THAN_ASK,40.875,40.625,40.75,,,,,,
16/05/1997,ORCL,,,,c1,BID_GREATER_THAN_ASK,44.625,44.5,44.5625,,,,,,
16/09/1997,ORCL,,,,c1,BID_GREATER_THAN_ASK,39.5,39.125,39.3125,,,,,,
18/09/1997,ORCL,,,,c1,BID_GREATER_THAN_ASK,37.1875,36.6875,36.9375,,,,,,
07/10/1997,ORCL,,,,c1,BID_GREATER_THAN_ASK,37.5,37.375,37.4375,,,,,,
15/10/1997,ORCL,,,,c1,BID_GREATER_THAN_ASK,34.875,34.8125,34.84375,,,,,,
20/10/1997,ORCL,,,,c1,BID_GREATER_THAN_ASK,34.6875,34.5,34.59375,,,,,,
27/10/1997,ORCL,,,,c1,BID_GREATER_THAN_ASK,33.1875,31.3125,32.25,,,,,,
30/10/1997,ORCL,,,,c1,BID_GREATER_THAN_ASK,35.25,33.875,34.5625,,,,,,
03/11/1997,ORCL,,,,c1,BID_GREATER_THAN_ASK,36.0625,35.875,35.96875,,,,,,
05/11/1997,ORCL,,,,c1,BID_GREATER_THAN_ASK,37.0625,36.3125,36.6875,,,,,,
10/11/1997,ORCL,,,,c1,BID_GREATER_THAN_ASK,35.0625,34.625,34.84375,,,,,,
10/12/1997,ORCL,,,,c1,BID_GREATER_THAN_ASK,23.375,23.1875,23.28125,,,,,,
17/12/1997,ORCL,,,,c1,BID_GREATER_THAN_ASK,22.625,22.4375,22.53125,,,,,,
23/12/1997,ORCL,,,,c1,BID_GREATER_THAN_ASK,21.1875,21.125,21.15625,,,,,,
28/11/1997,PEP,,,,c1,BID_GREATER_THAN_ASK,37.125,37.0625,37.09375,,,,,,
07/07/1997,PFE,,,,c1,BID_GREATER_THAN_ASK,62.0,61.9375,61.96875,,,,,,
15/04/1997,SPY,,,,c1,BID_GREATER_THAN_ASK,75.46875,75.375,75.421875,,,,,,
26/11/1997,SPY,,,,c1,BID_GREATER_THAN_ASK,95.5,95.4375,95.46875,,,,,,
19/12/1997,SPY,,,,c1,BID_GREATER_THAN_ASK,94.8125,94.71875,94.765625,,,,,,
28/10/1997,UNH,,,,c1,BID_GREATER_THAN_ASK,46.9375,46.875,46.90625,,,,,,
13/04/1998,AAPL,,,,c1,BID_GREATER_THAN_ASK,26.4375,26.0,26.21875,,,,,,
20/04/1998,AAPL,,,,c1,BID_GREATER_THAN_ASK,28.9375,28.875,28.90625,,,,,,
21/04/1998,AAPL,,,,c1,BID_GREATER_THAN_ASK,28.9375,28.875,28.90625,,,,,,
22/04/1998,AAPL,,,,c1,BID_GREATER_THAN_ASK,28.0,27.625,27.8125,,,,,,
06/05/1998,AAPL,,,,c1,BID_GREATER_THAN_ASK,30.3125,29.875,30.09375,,,,,,
08/05/1998,AAPL,,,,c1,BID_GREATER_THAN_ASK,30.4375,30.375,30.40625,,,,,,
13/05/1998,AAPL,,,,c1,BID_GREATER_THAN_ASK,30.5,30.4375,30.46875,,,,,,
14/05/1998,AAPL,,,,c1,BID_GREATER_THAN_ASK,30.1875,30.125,30.15625,,,,,,
19/05/1998,AAPL,,,,c1,BID_GREATER_THAN_ASK,29.3125,29.0,29.15625,,,,,,
04/06/1998,AAPL,,,,c1,BID_GREATER_THAN_ASK,26.75,26.625,26.6875,,,,,,
25/06/1998,AAPL,,,,c1,BID_GREATER_THAN_ASK,28.5,28.375,28.4375,,,,,,
06/07/1998,AAPL,,,,c1,BID_GREATER_THAN_ASK,30.25,30.0,30.125,,,,,,
07/07/1998,AAPL,,,,c1,BID_GREATER_THAN_ASK,30.5,30.25,30.375,,,,,,
09/07/1998,AAPL,,,,c1,BID_GREATER_THAN_ASK,32.125,31.6875,31.90625,,,,,,
10/07/1998,AAPL,,,,c1,BID_GREATER_THAN_ASK,32.25,32.0625,32.15625,,,,,,
15/07/1998,AAPL,,,,c1,BID_GREATER_THAN_ASK,34.4375,34.25,34.34375,,,,,,
17/07/1998,AAPL,,,,c1,BID_GREATER_THAN_ASK,36.8125,36.75,36.78125,,,,,,
20/07/1998,AAPL,,,,c1,BID_GREATER_THAN_ASK,36.1875,36.0625,36.125,,,,,,
21/07/1998,AAPL,,,,c1,BID_GREATER_THAN_ASK,35.75,35.625,35.6875,,,,,,
29/07/1998,AAPL,,,,c1,BID_GREATER_THAN_ASK,35.0625,34.75,34.90625,,,,,,
31/07/1998,AAPL,,,,c1,BID_GREATER_THAN_ASK,35.0,34.625,34.8125,,,,,,
05/08/1998,AAPL,,,,c1,BID_GREATER_THAN_ASK,35.9375,35.5,35.71875,,,,,,
06/08/1998,AAPL,,,,c1,BID_GREATER_THAN_ASK,36.8125,36.375,36.59375,,,,,,
10/08/1998,AAPL,,,,c1,BID_GREATER_THAN_ASK,37.9375,37.875,37.90625,,,,,,
13/08/1998,AAPL,,,,c1,BID_GREATER_THAN_ASK,39.5,39.4375,39.46875,,,,,,
16/07/1993,AAPL,,,,4pm,BID_GREATER_THAN_ASK,,,,27.75,27.5,27.625,,,
23/07/1993,AAPL,,,,4pm,BID_GREATER_THAN_ASK,,,,26.75,26.25,26.5,,,
17/08/1993,AAPL,,,,4pm,BID_GREATER_THAN_ASK,,,,28.25,28.0,28.125,,,
01/11/1993,AAPL,,,,4pm,BID_GREATER_THAN_ASK,,,,31.25,30.875,31.0625,,,
16/11/1993,AAPL,,,,4pm,BID_GREATER_THAN_ASK,,,,33.75,33.25,33.5,,,
02/12/1993,AAPL,,,,4pm,BID_GREATER_THAN_ASK,,,,31.75,31.125,31.4375,,,
09/12/1993,AAPL,,,,4pm,BID_GREATER_THAN_ASK,,,,30.5,30.0,30.25,,,
10/12/1993,AAPL,,,,4pm,BID_GREATER_THAN_ASK,,,,30.0,28.25,29.125,,,
31/12/1993,AAPL,,,,4pm,BID_GREATER_THAN_ASK,,,,29.75,29.5,29.625,,,
23/07/1993,INTC,,,,4pm,BID_GREATER_THAN_ASK,,,,51.75,50.5,51.125,,,
26/07/1993,INTC,,,,4pm,BID_GREATER_THAN_ASK,,,,53.25,53.0,53.125,,,
05/08/1993,INTC,,,,4pm,BID_GREATER_THAN_ASK,,,,55.75,55.0,55.375,,,
16/08/1993,INTC,,,,4pm,BID_GREATER_THAN_ASK,,,,64.25,64.0,64.125,,,
24/08/1993,INTC,,,,4pm,BID_GREATER_THAN_ASK,,,,64.125,63.75,63.9375,,,
26/08/1993,INTC,,,,4pm,BID_GREATER_THAN_ASK,,,,63.25,61.5,62.375,,,
15/09/1993,INTC,,,,4pm,BID_GREATER_THAN_ASK,,,,64.75,63.5,64.125,,,
17/09/1993,INTC,,,,4pm,BID_GREATER_THAN_ASK,,,,64.25,64.0,64.125,,,
28/09/1993,INTC,,,,4pm,BID_GREATER_THAN_ASK,,,,72.5,70.5,71.5,,,
13/10/1993,INTC,,,,4pm,BID_GREATER_THAN_ASK,,,,64.75,63.75,64.25,,,
19/10/1993,INTC,,,,4pm,BID_GREATER_THAN_ASK,,,,62.625,62.25,62.4375,,,
09/11/1993,INTC,,,,4pm,BID_GREATER_THAN_ASK,,,,61.625,61.25,61.4375,,,
15/11/1993,INTC,,,,4pm,BID_GREATER_THAN_ASK,,,,60.75,60.25,60.5,,,
17/11/1993,INTC,,,,4pm,BID_GREATER_THAN_ASK,,,,59.75,59.0,59.375,,,
23/11/1993,INTC,,,,4pm,BID_GREATER_THAN_ASK,,,,58.75,58.0,58.375,,,
02/12/1993,INTC,,,,4pm,BID_GREATER_THAN_ASK,,,,62.75,61.75,62.25,,,
06/12/1993,INTC,,,,4pm,BID_GREATER_THAN_ASK,,,,59.25,58.5,58.875,,,
08/12/1993,INTC,,,,4pm,BID_GREATER_THAN_ASK,,,,59.75,59.5,59.625,,,
14/12/1993,INTC,,,,4pm,BID_GREATER_THAN_ASK,,,,57.25,57.0,57.125,,,
15/12/1993,INTC,,,,4pm,BID_GREATER_THAN_ASK,,,,58.75,58.625,58.6875,,,
22/12/1993,INTC,,,,4pm,BID_GREATER_THAN_ASK,,,,61.75,61.25,61.5,,,
14/07/1993,JNJ,,,,4pm,BID_GREATER_THAN_ASK,,,,40.5,40.375,40.4375,,,
30/07/1993,ORCL,,,,4pm,BID_GREATER_THAN_ASK,,,,51.375,50.375,50.875,,,
25/08/1993,ORCL,,,,4pm,BID_GREATER_THAN_ASK,,,,55.375,54.875,55.125,,,
27/08/1993,ORCL,,,,4pm,BID_GREATER_THAN_ASK,,,,51.25,50.25,50.75,,,
02/09/1993,ORCL,,,,4pm,BID_GREATER_THAN_ASK,,,,52.625,52.5,52.5625,,,
09/09/1993,ORCL,,,,4pm,BID_GREATER_THAN_ASK,,,,51.25,51.125,51.1875,,,
14/09/1993,ORCL,,,,4pm,BID_GREATER_THAN_ASK,,,,49.0,48.75,48.875,,,
07/10/1993,ORCL,,,,4pm,BID_GREATER_THAN_ASK,,,,59.125,58.5,58.8125,,,
13/10/1993,ORCL,,,,4pm,BID_GREATER_THAN_ASK,,,,63.75,63.0,63.375,,,
15/10/1993,ORCL,,,,4pm,BID_GREATER_THAN_ASK,,,,64.125,63.875,64.0,,,
26/10/1993,ORCL,,,,4pm,BID_GREATER_THAN_ASK,,,,59.625,59.0,59.3125,,,
28/10/1993,ORCL,,,,4pm,BID_GREATER_THAN_ASK,,,,60.25,58.25,59.25,,,
04/11/1993,ORCL,,,,4pm,BID_GREATER_THAN_ASK,,,,57.875,55.75,56.8125,,,
08/11/1993,ORCL,,,,4pm,BID_GREATER_THAN_ASK,,,,61.125,59.0,60.0625,,,
18/11/1993,ORCL,,,,4pm,BID_GREATER_THAN_ASK,,,,31.5,31.125,31.3125,,,
03/12/1993,ORCL,,,,4pm,BID_GREATER_THAN_ASK,,,,35.0,34.75,34.875,,,
13/12/1993,ORCL,,,,4pm,BID_GREATER_THAN_ASK,,,,36.625,36.125,36.375,,,
27/12/1993,ORCL,,,,4pm,BID_GREATER_THAN_ASK,,,,29.75,29.625,29.6875,,,
30/03/1993,PFE,,,,4pm,BID_GREATER_THAN_ASK,,,,62.25,62.125,62.1875,,,
20/01/1994,AAPL,,,,4pm,BID_GREATER_THAN_ASK,,,,30.25,30.0,30.125,,,
21/01/1994,AAPL,,,,4pm,BID_GREATER_THAN_ASK,,,,33.25,32.75,33.0,,,
31/03/1994,AAPL,,,,4pm,BID_GREATER_THAN_ASK,,,,33.0,32.0,32.5,,,
25/04/1994,AAPL,,,,4pm,BID_GREATER_THAN_ASK,,,,30.75,30.0,30.375,,,
06/05/1994,AAPL,,,,4pm,BID_GREATER_THAN_ASK,,,,32.25,32.125,32.1875,,,
19/05/1994,AAPL,,,,4pm,BID_GREATER_THAN_ASK,,,,32.0,31.25,31.625,,,
23/06/1994,AAPL,,,,4pm,BID_GREATER_THAN_ASK,,,,25.5,25.125,25.3125,,,
13/07/1994,AAPL,,,,4pm,BID_GREATER_THAN_ASK,,,,29.625,28.625,29.125,,,
20/07/1994,AAPL,,,,4pm,BID_GREATER_THAN_ASK,,,,27.25,26.75,27.0,,,
22/07/1994,AAPL,,,,4pm,BID_GREATER_THAN_ASK,,,,30.875,30.625,30.75,,,
25/07/1994,AAPL,,,,4pm,BID_GREATER_THAN_ASK,,,,31.625,31.5,31.5625,,,
29/07/1994,AAPL,,,,4pm,BID_GREATER_THAN_ASK,,,,33.625,32.125,32.875,,,
03/08/1994,AAPL,,,,4pm,BID_GREATER_THAN_ASK,,,,33.125,32.625,32.875,,,
08/08/1994,AAPL,,,,4pm,BID_GREATER_THAN_ASK,,,,33.625,33.125,33.375,,,
24/08/1994,AAPL,,,,4pm,BID_GREATER_THAN_ASK,,,,34.75,34.5,34.625,,,
09/09/1994,AAPL,,,,4pm,BID_GREATER_THAN_ASK,,,,35.75,35.625,35.6875,,,
05/10/1994,AAPL,,,,4pm,BID_GREATER_THAN_ASK,,,,37.875,35.5,36.6875,,,
11/10/1994,AAPL,,,,4pm,BID_GREATER_THAN_ASK,,,,41.375,39.75,40.5625,,,
18/10/1994,AAPL,,,,4pm,BID_GREATER_THAN_ASK,,,,41.125,41.0,41.0625,,,
21/11/1994,AAPL,,,,4pm,BID_GREATER_THAN_ASK,,,,38.625,38.25,38.4375,,,
22/11/1994,AAPL,,,,4pm,BID_GREATER_THAN_ASK,,,,38.125,37.625,37.875,,,
12/12/1994,AAPL,,,,4pm,BID_GREATER_THAN_ASK,,,,36.5,36.125,36.3125,,,
01/08/1994,BAC,,,,4pm,BID_GREATER_THAN_ASK,,,,47.75,47.5,47.625,,,
03/01/1994,INTC,,,,4pm,BID_GREATER_THAN_ASK,,,,61.75,61.5,61.625,,,
07/01/1994,INTC,,,,4pm,BID_GREATER_THAN_ASK,,,,65.75,65.0,65.375,,,
19/01/1994,INTC,,,,4pm,BID_GREATER_THAN_ASK,,,,63.5,62.5,63.0,,,
16/02/1994,INTC,,,,4pm,BID_GREATER_THAN_ASK,,,,67.0,66.5,66.75,,,
01/03/1994,INTC,,,,4pm,BID_GREATER_THAN_ASK,,,,67.5,67.0,67.25,,,
17/03/1994,INTC,,,,4pm,BID_GREATER_THAN_ASK,,,,73.25,72.5,72.875,,,
07/04/1994,INTC,,,,4pm,BID_GREATER_THAN_ASK,,,,70.5,70.0,70.25,,,
13/04/1994,INTC,,,,4pm,BID_GREATER_THAN_ASK,,,,64.5,64.0,64.25,,,
14/04/1994,INTC,,,,4pm,BID_GREATER_THAN_ASK,,,,63.75,60.0,61.875,,,
23/05/1994,INTC,,,,4pm,BID_GREATER_THAN_ASK,,,,59.75,59.5,59.625,,,
03/06/1994,INTC,,,,4pm,BID_GREATER_THAN_ASK,,,,63.5,63.0,63.25,,,
09/06/1994,INTC,,,,4pm,BID_GREATER_THAN_ASK,,,,60.0,59.0,59.5,,,
10/06/1994,INTC,,,,4pm,BID_GREATER_THAN_ASK,,,,59.875,59.75,59.8125,,,
23/06/1994,INTC,,,,4pm,BID_GREATER_THAN_ASK,,,,59.875,58.375,59.125,,,
29/06/1994,INTC,,,,4pm,BID_GREATER_THAN_ASK,,,,60.0,59.5,59.75,,,
01/07/1994,INTC,,,,4pm,BID_GREATER_THAN_ASK,,,,58.5,58.25,58.375,,,
11/07/1994,INTC,,,,4pm,BID_GREATER_THAN_ASK,,,,60.0,59.5,59.75,,,
10/08/1994,INTC,,,,4pm,BID_GREATER_THAN_ASK,,,,59.75,59.5,59.625,,,
25/08/1994,INTC,,,,4pm,BID_GREATER_THAN_ASK,,,,65.0,64.5,64.75,,,
26/08/1994,INTC,,,,4pm,BID_GREATER_THAN_ASK,,,,66.0,65.25,65.625,,,
29/08/1994,INTC,,,,4pm,BID_GREATER_THAN_ASK,,,,66.5,66.25,66.375,,,
30/08/1994,INTC,,,,4pm,BID_GREATER_THAN_ASK,,,,67.0,65.75,66.375,,,
02/09/1994,INTC,,,,4pm,BID_GREATER_THAN_ASK,,,,64.0,63.875,63.9375,,,
06/09/1994,INTC,,,,4pm,BID_GREATER_THAN_ASK,,,,65.0,64.0,64.5,,,
07/09/1994,INTC,,,,4pm,BID_GREATER_THAN_ASK,,,,66.75,66.5,66.625,,,
22/09/1994,INTC,,,,4pm,BID_GREATER_THAN_ASK,,,,65.0,64.75,64.875,,,
29/09/1994,INTC,,,,4pm,BID_GREATER_THAN_ASK,,,,61.5,60.75,61.125,,,
05/10/1994,INTC,,,,4pm,BID_GREATER_THAN_ASK,,,,58.75,58.5,58.625,,,
07/10/1994,INTC,,,,4pm,BID_GREATER_THAN_ASK,,,,59.25,59.0,59.125,,,
11/10/1994,INTC,,,,4pm,BID_GREATER_THAN_ASK,,,,61.25,60.5,60.875,,,
24/10/1994,INTC,,,,4pm,BID_GREATER_THAN_ASK,,,,59.75,59.5,59.625,,,
02/11/1994,INTC,,,,4pm,BID_GREATER_THAN_ASK,,,,63.375,62.5,62.9375,,,
03/11/1994,INTC,,,,4pm,BID_GREATER_THAN_ASK,,,,62.75,61.875,62.3125,,,
04/11/1994,INTC,,,,4pm,BID_GREATER_THAN_ASK,,,,61.25,60.5,60.875,,,
18/11/1994,INTC,,,,4pm,BID_GREATER_THAN_ASK,,,,63.875,62.75,63.3125,,,
21/11/1994,INTC,,,,4pm,BID_GREATER_THAN_ASK,,,,66.875,66.25,66.5625,,,
22/11/1994,INTC,,,,4pm,BID_GREATER_THAN_ASK,,,,65.875,64.75,65.3125,,,
23/11/1994,INTC,,,,4pm,BID_GREATER_THAN_ASK,,,,64.875,64.125,64.5,,,
06/12/1994,INTC,,,,4pm,BID_GREATER_THAN_ASK,,,,65.0,64.625,64.8125,,,
07/12/1994,INTC,,,,4pm,BID_GREATER_THAN_ASK,,,,64.5,64.375,64.4375,,,
20/12/1994,INTC,,,,4pm,BID_GREATER_THAN_ASK,,,,61.25,60.75,61.0,,,
29/12/1994,INTC,,,,4pm,BID_GREATER_THAN_ASK,,,,64.375,63.75,64.0625,,,
15/07/1994,JNJ,,,,4pm,BID_GREATER_THAN_ASK,,,,43.625,43.5,43.5625,,,
30/03/1994,MS,,,,4pm,BID_GREATER_THAN_ASK,,,,64.875,64.75,64.8125,,,
21/04/1994,MS,,,,4pm,BID_GREATER_THAN_ASK,,,,62.125,61.875,62.0,,,
15/06/1994,MS,,,,4pm,BID_GREATER_THAN_ASK,,,,60.25,59.75,60.0,,,
14/07/1994,MS,,,,4pm,BID_GREATER_THAN_ASK,,,,60.375,59.5,59.9375,,,
15/07/1994,MS,,,,4pm,BID_GREATER_THAN_ASK,,,,60.75,59.5,60.125,,,
22/11/1994,MS,,,,4pm,BID_GREATER_THAN_ASK,,,,58.125,57.125,57.625,,,
03/01/1994,ORCL,,,,4pm,BID_GREATER_THAN_ASK,,,,28.5,28.0,28.25,,,
05/01/1994,ORCL,,,,4pm,BID_GREATER_THAN_ASK,,,,31.125,30.375,30.75,,,
07/01/1994,ORCL,,,,4pm,BID_GREATER_THAN_ASK,,,,31.75,31.5,31.625,,,
10/01/1994,ORCL,,,,4pm,BID_GREATER_THAN_ASK,,,,33.0,32.125,32.5625,,,
13/01/1994,ORCL,,,,4pm,BID_GREATER_THAN_ASK,,,,34.625,32.5,33.5625,,,
08/02/1994,ORCL,,,,4pm,BID_GREATER_THAN_ASK,,,,32.75,32.125,32.4375,,,
07/03/1994,ORCL,,,,4pm,BID_GREATER_THAN_ASK,,,,35.125,34.5,34.8125,,,
23/03/1994,ORCL,,,,4pm,BID_GREATER_THAN_ASK,,,,35.0,34.0,34.5,,,
28/03/1994,ORCL,,,,4pm,BID_GREATER_THAN_ASK,,,,31.875,31.75,31.8125,,,
15/04/1994,ORCL,,,,4pm,BID_GREATER_THAN_ASK,,,,30.0,29.875,29.9375,,,
13/05/1994,ORCL,,,,4pm,BID_GREATER_THAN_ASK,,,,31.0,30.75,30.875,,,
20/05/1994,ORCL,,,,4pm,BID_GREATER_THAN_ASK,,,,31.875,31.5,31.6875,,,
03/06/1994,ORCL,,,,4pm,BID_GREATER_THAN_ASK,,,,37.875,37.0,37.4375,,,
29/06/1994,ORCL,,,,4pm,BID_GREATER_THAN_ASK,,,,37.875,37.75,37.8125,,,
30/06/1994,ORCL,,,,4pm,BID_GREATER_THAN_ASK,,,,37.375,37.125,37.25,,,
08/07/1994,ORCL,,,,4pm,BID_GREATER_THAN_ASK,,,,38.875,38.0,38.4375,,,
13/07/1994,ORCL,,,,4pm,BID_GREATER_THAN_ASK,,,,40.0,39.75,39.875,,,
27/07/1994,ORCL,,,,4pm,BID_GREATER_THAN_ASK,,,,36.75,36.0,36.375,,,
02/08/1994,ORCL,,,,4pm,BID_GREATER_THAN_ASK,,,,37.875,37.625,37.75,,,
30/08/1994,ORCL,,,,4pm,BID_GREATER_THAN_ASK,,,,43.5,42.875,43.1875,,,
27/09/1994,ORCL,,,,4pm,BID_GREATER_THAN_ASK,,,,42.75,42.0,42.375,,,
28/09/1994,ORCL,,,,4pm,BID_GREATER_THAN_ASK,,,,42.875,42.375,42.625,,,
11/10/1994,ORCL,,,,4pm,BID_GREATER_THAN_ASK,,,,44.375,42.875,43.625,,,
27/10/1994,ORCL,,,,4pm,BID_GREATER_THAN_ASK,,,,44.125,44.0,44.0625,,,
08/11/1994,ORCL,,,,4pm,BID_GREATER_THAN_ASK,,,,44.625,43.625,44.125,,,
16/11/1994,ORCL,,,,4pm,BID_GREATER_THAN_ASK,,,,44.0,43.625,43.8125,,,
22/11/1994,ORCL,,,,4pm,BID_GREATER_THAN_ASK,,,,41.125,39.75,40.4375,,,
30/11/1994,ORCL,,,,4pm,BID_GREATER_THAN_ASK,,,,41.5,41.375,41.4375,,,
02/12/1994,ORCL,,,,4pm,BID_GREATER_THAN_ASK,,,,40.375,39.25,39.8125,,,
16/12/1994,ORCL,,,,4pm,BID_GREATER_THAN_ASK,,,,39.125,38.625,38.875,,,
15/07/1994,PFE,,,,4pm,BID_GREATER_THAN_ASK,,,,62.75,62.5,62.625,,,
04/02/1994,WFC,,,,4pm,BID_GREATER_THAN_ASK,,,,128.25,128.125,128.1875,,,
16/03/1994,WFC,,,,4pm,BID_GREATER_THAN_ASK,,,,144.0,140.5,142.25,,,
30/03/1994,WFC,,,,4pm,BID_GREATER_THAN_ASK,,,,140.875,140.75,140.8125,,,
09/01/1995,AAPL,,,,4pm,BID_GREATER_THAN_ASK,,,,41.625,41.25,41.4375,,,
20/01/1995,AAPL,,,,4pm,BID_GREATER_THAN_ASK,,,,42.875,42.625,42.75,,,
24/01/1995,AAPL,,,,4pm,BID_GREATER_THAN_ASK,,,,41.75,41.625,41.6875,,,
08/02/1995,AAPL,,,,4pm,BID_GREATER_THAN_ASK,,,,42.25,41.625,41.9375,,,
13/02/1995,AAPL,,,,4pm,BID_GREATER_THAN_ASK,,,,44.25,43.75,44.0,,,
15/02/1995,AAPL,,,,4pm,BID_GREATER_THAN_ASK,,,,42.875,42.75,42.8125,,,
21/02/1995,AAPL,,,,4pm,BID_GREATER_THAN_ASK,,,,41.375,41.0,41.1875,,,
27/03/1995,AAPL,,,,4pm,BID_GREATER_THAN_ASK,,,,37.125,36.875,37.0,,,
30/03/1995,AAPL,,,,4pm,BID_GREATER_THAN_ASK,,,,35.25,35.0,35.125,,,
17/04/1995,AAPL,,,,4pm,BID_GREATER_THAN_ASK,,,,38.875,38.5,38.6875,,,
11/05/1995,AAPL,,,,4pm,BID_GREATER_THAN_ASK,,,,41.25,41.0,41.125,,,
18/05/1995,AAPL,,,,4pm,BID_GREATER_THAN_ASK,,,,43.75,43.5,43.625,,,
01/06/1995,AAPL,,,,4pm,BID_GREATER_THAN_ASK,,,,42.125,41.875,42.0,,,
06/06/1995,AAPL,,,,4pm,BID_GREATER_THAN_ASK,,,,44.0,43.75,43.875,,,
19/06/1995,AAPL,,,,4pm,BID_GREATER_THAN_ASK,,,,44.25,43.875,44.0625,,,
23/06/1995,AAPL,,,,4pm,BID_GREATER_THAN_ASK,,,,48.5,48.0,48.25,,,
07/07/1995,AAPL,,,,4pm,BID_GREATER_THAN_ASK,,,,48.5,47.875,48.1875,,,
13/07/1995,AAPL,,,,4pm,BID_GREATER_THAN_ASK,,,,47.625,47.5,47.5625,,,
18/07/1995,AAPL,,,,4pm,BID_GREATER_THAN_ASK,,,,48.25,48.125,48.1875,,,
19/07/1995,AAPL,,,,4pm,BID_GREATER_THAN_ASK,,,,45.625,45.5,45.5625,,,
16/08/1995,AAPL,,,,4pm,BID_GREATER_THAN_ASK,,,,44.25,43.875,44.0625,,,
14/09/1995,AAPL,,,,4pm,BID_GREATER_THAN_ASK,,,,40.5,40.125,40.3125,,,
25/09/1995,AAPL,,,,4pm,BID_GREATER_THAN_ASK,,,,37.5,37.25,37.375,,,
27/09/1995,AAPL,,,,4pm,BID_GREATER_THAN_ASK,,,,36.125,35.0,35.5625,,,
16/10/1995,AAPL,,,,4pm,BID_GREATER_THAN_ASK,,,,36.625,36.125,36.375,,,
14/11/1995,AAPL,,,,4pm,BID_GREATER_THAN_ASK,,,,41.5,41.375,41.4375,,,
15/11/1995,AAPL,,,,4pm,BID_GREATER_THAN_ASK,,,,40.875,40.375,40.625,,,
21/11/1995,AAPL,,,,4pm,BID_GREATER_THAN_ASK,,,,38.375,38.0,38.1875,,,
24/11/1995,AAPL,,,,4pm,BID_GREATER_THAN_ASK,,,,40.125,39.875,40.0,,,
06/12/1995,AAPL,,,,4pm,BID_GREATER_THAN_ASK,,,,39.125,38.75,38.9375,,,
08/12/1995,AAPL,,,,4pm,BID_GREATER_THAN_ASK,,,,39.25,38.5,38.875,,,
20/06/1995,BAC,,,,4pm,BID_GREATER_THAN_ASK,,,,53.625,53.5,53.5625,,,
20/04/1995,GE,,,,4pm,BID_GREATER_THAN_ASK,,,,54.125,54.0,54.0625,,,
13/01/1995,INTC,,,,4pm,BID_GREATER_THAN_ASK,,,,68.0,67.875,67.9375,,,
20/01/1995,INTC,,,,4pm,BID_GREATER_THAN_ASK,,,,70.125,68.875,69.5,,,
23/01/1995,INTC,,,,4pm,BID_GREATER_THAN_ASK,,,,70.375,70.25,70.3125,,,
26/01/1995,INTC,,,,4pm,BID_GREATER_THAN_ASK,,,,70.625,70.5,70.5625,,,
08/02/1995,INTC,,,,4pm,BID_GREATER_THAN_ASK,,,,76.625,76.0,76.3125,,,
09/02/1995,INTC,,,,4pm,BID_GREATER_THAN_ASK,,,,78.375,77.625,78.0,,,
13/02/1995,INTC,,,,4pm,BID_GREATER_THAN_ASK,,,,77.125,77.0,77.0625,,,
14/02/1995,INTC,,,,4pm,BID_GREATER_THAN_ASK,,,,78.25,78.0,78.125,,,
27/02/1995,INTC,,,,4pm,BID_GREATER_THAN_ASK,,,,78.5,78.25,78.375,,,
09/03/1995,INTC,,,,4pm,BID_GREATER_THAN_ASK,,,,80.125,79.875,80.0,,,
23/03/1995,INTC,,,,4pm,BID_GREATER_THAN_ASK,,,,85.375,84.875,85.125,,,
28/03/1995,INTC,,,,4pm,BID_GREATER_THAN_ASK,,,,88.75,88.5,88.625,,,
30/03/1995,INTC,,,,4pm,BID_GREATER_THAN_ASK,,,,85.25,84.25,84.75,,,
31/03/1995,INTC,,,,4pm,BID_GREATER_THAN_ASK,,,,85.875,84.875,85.375,,,
03/04/1995,INTC,,,,4pm,BID_GREATER_THAN_ASK,,,,88.375,86.0,87.1875,,,
04/04/1995,INTC,,,,4pm,BID_GREATER_THAN_ASK,,,,88.125,86.625,87.375,,,
12/04/1995,INTC,,,,4pm,BID_GREATER_THAN_ASK,,,,91.625,90.375,91.0,,,
17/04/1995,INTC,,,,4pm,BID_GREATER_THAN_ASK,,,,94.375,94.125,94.25,,,
27/04/1995,INTC,,,,4pm,BID_GREATER_THAN_ASK,,,,101.125,100.625,100.875,,,
01/05/1995,INTC,,,,4pm,BID_GREATER_THAN_ASK,,,,104.75,104.125,104.4375,,,
04/05/1995,INTC,,,,4pm,BID_GREATER_THAN_ASK,,,,109.875,109.5,109.6875,,,
09/05/1995,INTC,,,,4pm,BID_GREATER_THAN_ASK,,,,111.25,109.625,110.4375,,,
11/05/1995,INTC,,,,4pm,BID_GREATER_THAN_ASK,,,,109.125,108.75,108.9375,,,
12/05/1995,INTC,,,,4pm,BID_GREATER_THAN_ASK,,,,110.25,108.75,109.5,,,
16/05/1995,INTC,,,,4pm,BID_GREATER_THAN_ASK,,,,109.875,108.875,109.375,,,
18/05/1995,INTC,,,,4pm,BID_GREATER_THAN_ASK,,,,113.625,110.875,112.25,,,
19/05/1995,INTC,,,,4pm,BID_GREATER_THAN_ASK,,,,111.375,111.0,111.1875,,,
25/05/1995,INTC,,,,4pm,BID_GREATER_THAN_ASK,,,,118.0,117.5,117.75,,,
01/06/1995,INTC,,,,4pm,BID_GREATER_THAN_ASK,,,,114.75,114.5,114.625,,,
02/06/1995,INTC,,,,4pm,BID_GREATER_THAN_ASK,,,,116.5,116.125,116.3125,,,
06/06/1995,INTC,,,,4pm,BID_GREATER_THAN_ASK,,,,113.5,112.5,113.0,,,
08/06/1995,INTC,,,,4pm,BID_GREATER_THAN_ASK,,,,114.125,113.875,114.0,,,
09/06/1995,INTC,,,,4pm,BID_GREATER_THAN_ASK,,,,112.875,112.75,112.8125,,,
16/06/1995,INTC,,,,4pm,BID_GREATER_THAN_ASK,,,,116.0,115.5,115.75,,,
21/06/1995,INTC,,,,4pm,BID_GREATER_THAN_ASK,,,,64.5,63.75,64.125,,,
23/06/1995,INTC,,,,4pm,BID_GREATER_THAN_ASK,,,,65.625,65.25,65.4375,,,
26/06/1995,INTC,,,,4pm,BID_GREATER_THAN_ASK,,,,65.0,64.625,64.8125,,,
29/06/1995,INTC,,,,4pm,BID_GREATER_THAN_ASK,,,,64.0,63.875,63.9375,,,
07/07/1995,INTC,,,,4pm,BID_GREATER_THAN_ASK,,,,68.125,68.0,68.0625,,,
10/07/1995,INTC,,,,4pm,BID_GREATER_THAN_ASK,,,,70.25,69.625,69.9375,,,
17/07/1995,INTC,,,,4pm,BID_GREATER_THAN_ASK,,,,76.375,75.875,76.125,,,
19/07/1995,INTC,,,,4pm,BID_GREATER_THAN_ASK,,,,65.25,63.25,64.25,,,
21/07/1995,INTC,,,,4pm,BID_GREATER_THAN_ASK,,,,63.375,63.0,63.1875,,,
03/08/1995,INTC,,,,4pm,BID_GREATER_THAN_ASK,,,,62.0,61.25,61.625,,,
04/08/1995,INTC,,,,4pm,BID_GREATER_THAN_ASK,,,,62.5,62.0,62.25,,,
08/08/1995,INTC,,,,4pm,BID_GREATER_THAN_ASK,,,,65.0,64.875,64.9375,,,
11/08/1995,INTC,,,,4pm,BID_GREATER_THAN_ASK,,,,66.0,65.75,65.875,,,
15/08/1995,INTC,,,,4pm,BID_GREATER_THAN_ASK,,,,65.5,65.375,65.4375,,,
24/08/1995,INTC,,,,4pm,BID_GREATER_THAN_ASK,,,,61.5,61.125,61.3125,,,
05/09/1995,INTC,,,,4pm,BID_GREATER_THAN_ASK,,,,63.625,62.625,63.125,,,
06/09/1995,INTC,,,,4pm,BID_GREATER_THAN_ASK,,,,63.375,62.625,63.0,,,
07/09/1995,INTC,,,,4pm,BID_GREATER_THAN_ASK,,,,65.5,65.0,65.25,,,
11/09/1995,INTC,,,,4pm,BID_GREATER_THAN_ASK,,,,65.875,65.75,65.8125,,,
12/09/1995,INTC,,,,4pm,BID_GREATER_THAN_ASK,,,,65.875,65.0,65.4375,,,
14/09/1995,INTC,,,,4pm,BID_GREATER_THAN_ASK,,,,64.75,63.75,64.25,,,
15/09/1995,INTC,,,,4pm,BID_GREATER_THAN_ASK,,,,62.125,62.0,62.0625,,,
21/09/1995,INTC,,,,4pm,BID_GREATER_THAN_ASK,,,,61.5,61.25,61.375,,,
26/09/1995,INTC,,,,4pm,BID_GREATER_THAN_ASK,,,,60.125,59.75,59.9375,,,
29/09/1995,INTC,,,,4pm,BID_GREATER_THAN_ASK,,,,61.875,60.25,61.0625,,,
03/10/1995,INTC,,,,4pm,BID_GREATER_THAN_ASK,,,,59.75,59.625,59.6875,,,
04/10/1995,INTC,,,,4pm,BID_GREATER_THAN_ASK,,,,59.0,58.75,58.875,,,
11/10/1995,INTC,,,,4pm,BID_GREATER_THAN_ASK,,,,62.75,62.625,62.6875,,,
12/10/1995,INTC,,,,4pm,BID_GREATER_THAN_ASK,,,,63.625,63.375,63.5,,,
17/10/1995,INTC,,,,4pm,BID_GREATER_THAN_ASK,,,,65.375,64.625,65.0,,,
18/10/1995,INTC,,,,4pm,BID_GREATER_THAN_ASK,,,,68.0,67.75,67.875,,,
24/10/1995,INTC,,,,4pm,BID_GREATER_THAN_ASK,,,,68.0,67.875,67.9375,,,
31/10/1995,INTC,,,,4pm,BID_GREATER_THAN_ASK,,,,70.5,70.0,70.25,,,
01/11/1995,INTC,,,,4pm,BID_GREATER_THAN_ASK,,,,70.75,70.5,70.625,,,
02/11/1995,INTC,,,,4pm,BID_GREATER_THAN_ASK,,,,72.875,72.75,72.8125,,,
03/11/1995,INTC,,,,4pm,BID_GREATER_THAN_ASK,,,,72.375,72.125,72.25,,,
08/11/1995,INTC,,,,4pm,BID_GREATER_THAN_ASK,,,,65.875,65.375,65.625,,,
09/11/1995,INTC,,,,4pm,BID_GREATER_THAN_ASK,,,,68.875,68.25,68.5625,,,
13/11/1995,INTC,,,,4pm,BID_GREATER_THAN_ASK,,,,67.875,67.125,67.5,,,
16/11/1995,INTC,,,,4pm,BID_GREATER_THAN_ASK,,,,64.125,63.0,63.5625,,,
20/11/1995,INTC,,,,4pm,BID_GREATER_THAN_ASK,,,,63.875,62.125,63.0,,,
21/11/1995,INTC,,,,4pm,BID_GREATER_THAN_ASK,,,,63.375,63.0,63.1875,,,
29/11/1995,INTC,,,,4pm,BID_GREATER_THAN_ASK,,,,62.875,62.375,62.625,,,
04/12/1995,INTC,,,,4pm,BID_GREATER_THAN_ASK,,,,62.0,61.75,61.875,,,
08/12/1995,INTC,,,,4pm,BID_GREATER_THAN_ASK,,,,63.125,62.125,62.625,,,
13/12/1995,INTC,,,,4pm,BID_GREATER_THAN_ASK,,,,62.5,62.375,62.4375,,,
21/03/1995,MA,,,,4pm,BID_GREATER_THAN_ASK,,,,35.625,35.5,35.5625,,,
26/04/1995,ORCL,,,,4pm,BID_GREATER_THAN_ASK,,,,29.5,29.0,29.25,,,
23/06/1995,ORCL,,,,4pm,BID_GREATER_THAN_ASK,,,,39.125,39.0,39.0625,,,
20/07/1995,ORCL,,,,4pm,BID_GREATER_THAN_ASK,,,,38.25,37.875,38.0625,,,
12/09/1995,ORCL,,,,4pm,BID_GREATER_THAN_ASK,,,,44.75,44.125,44.4375,,,
15/09/1995,ORCL,,,,4pm,BID_GREATER_THAN_ASK,,,,37.875,37.625,37.75,,,
03/10/1995,ORCL,,,,4pm,BID_GREATER_THAN_ASK,,,,38.5,37.875,38.1875,,,
12/10/1995,ORCL,,,,4pm,BID_GREATER_THAN_ASK,,,,39.75,38.875,39.3125,,,
13/10/1995,ORCL,,,,4pm,BID_GREATER_THAN_ASK,,,,39.5,39.25,39.375,,,
23/10/1995,ORCL,,,,4pm,BID_GREATER_THAN_ASK,,,,44.125,42.75,43.4375,,,
27/10/1995,ORCL,,,,4pm,BID_GREATER_THAN_ASK,,,,43.125,42.25,42.6875,,,
08/11/1995,ORCL,,,,4pm,BID_GREATER_THAN_ASK,,,,45.125,44.875,45.0,,,
13/11/1995,ORCL,,,,4pm,BID_GREATER_THAN_ASK,,,,47.125,46.125,46.625,,,
20/12/1995,ORCL,,,,4pm,BID_GREATER_THAN_ASK,,,,45.875,43.0,44.4375,,,
30/08/1995,PEP,,,,4pm,BID_GREATER_THAN_ASK,,,,45.625,45.5,45.5625,,,
30/08/1995,PFE,,,,4pm,BID_GREATER_THAN_ASK,,,,49.625,49.25,49.4375,,,
27/01/1995,WFC,,,,4pm,BID_GREATER_THAN_ASK,,,,147.875,147.625,147.75,,,
30/08/1995,WFC,,,,4pm,BID_GREATER_THAN_ASK,,,,187.875,187.625,187.75,,,
19/01/1996,AAPL,,,,4pm,BID_GREATER_THAN_ASK,,,,31.125,29.875,30.5,,,
25/01/1996,AAPL,,,,4pm,BID_GREATER_THAN_ASK,,,,31.125,30.375,30.75,,,
29/01/1996,AAPL,,,,4pm,BID_GREATER_THAN_ASK,,,,30.25,29.25,29.75,,,
08/02/1996,AAPL,,,,4pm,BID_GREATER_THAN_ASK,,,,28.0,27.875,27.9375,,,
20/02/1996,AAPL,,,,4pm,BID_GREATER_THAN_ASK,,,,28.875,28.125,28.5,,,
01/08/1996,AAPL,,,,4pm,BID_GREATER_THAN_ASK,,,,21.875,21.25,21.5625,,,
20/12/1996,AAPL,,,,4pm,BID_GREATER_THAN_ASK,,,,23.5,22.375,22.9375,,,
10/07/1996,BAC,,,,4pm,BID_GREATER_THAN_ASK,,,,77.0,75.875,76.4375,,,
03/09/1996,BAC,,,,4pm,BID_GREATER_THAN_ASK,,,,77.375,76.75,77.0625,,,
10/07/1996,C,,,,4pm,BID_GREATER_THAN_ASK,,,,58.0,57.75,57.875,,,
21/03/1996,DIS,,,,4pm,BID_GREATER_THAN_ASK,,,,64.375,64.25,64.3125,,,
03/09/1996,DIS,,,,4pm,BID_GREATER_THAN_ASK,,,,56.75,56.625,56.6875,,,
03/09/1996,GE,,,,4pm,BID_GREATER_THAN_ASK,,,,84.0,82.25,83.125,,,
10/07/1996,HD,,,,4pm,BID_GREATER_THAN_ASK,,,,52.0,51.875,51.9375,,,
03/09/1996,HD,,,,4pm,BID_GREATER_THAN_ASK,,,,52.75,52.375,52.5625,,,
15/01/1996,INTC,,,,4pm,BID_GREATER_THAN_ASK,,,,54.625,53.5,54.0625,,,
01/02/1996,INTC,,,,4pm,BID_GREATER_THAN_ASK,,,,56.125,56.0,56.0625,,,
13/02/1996,INTC,,,,4pm,BID_GREATER_THAN_ASK,,,,57.75,57.125,57.4375,,,
15/02/1996,INTC,,,,4pm,BID_GREATER_THAN_ASK,,,,58.125,57.5,57.8125,,,
21/02/1996,INTC,,,,4pm,BID_GREATER_THAN_ASK,,,,59.125,58.5,58.8125,,,
22/02/1996,INTC,,,,4pm,BID_GREATER_THAN_ASK,,,,60.875,59.5,60.1875,,,
28/02/1996,INTC,,,,4pm,BID_GREATER_THAN_ASK,,,,61.25,60.75,61.0,,,
29/02/1996,INTC,,,,4pm,BID_GREATER_THAN_ASK,,,,59.25,58.875,59.0625,,,
13/03/1996,INTC,,,,4pm,BID_GREATER_THAN_ASK,,,,56.5,56.125,56.3125,,,
09/04/1996,INTC,,,,4pm,BID_GREATER_THAN_ASK,,,,61.875,61.375,61.625,,,
10/04/1996,INTC,,,,4pm,BID_GREATER_THAN_ASK,,,,62.375,61.875,62.125,,,
22/04/1996,INTC,,,,4pm,BID_GREATER_THAN_ASK,,,,67.625,67.25,67.4375,,,
01/05/1996,INTC,,,,4pm,BID_GREATER_THAN_ASK,,,,68.0,67.875,67.9375,,,
07/05/1996,INTC,,,,4pm,BID_GREATER_THAN_ASK,,,,69.0,68.0,68.5,,,
09/05/1996,INTC,,,,4pm,BID_GREATER_THAN_ASK,,,,69.25,68.75,69.0,,,
23/05/1996,INTC,,,,4pm,BID_GREATER_THAN_ASK,,,,71.375,70.875,71.125,,,
28/05/1996,INTC,,,,4pm,BID_GREATER_THAN_ASK,,,,72.5,72.375,72.4375,,,
05/06/1996,INTC,,,,4pm,BID_GREATER_THAN_ASK,,,,76.75,76.0,76.375,,,
06/06/1996,INTC,,,,4pm,BID_GREATER_THAN_ASK,,,,76.25,75.25,75.75,,,
14/06/1996,INTC,,,,4pm,BID_GREATER_THAN_ASK,,,,73.5,73.125,73.3125,,,
25/06/1996,INTC,,,,4pm,BID_GREATER_THAN_ASK,,,,73.625,73.0,73.3125,,,
12/07/1996,INTC,,,,4pm,BID_GREATER_THAN_ASK,,,,71.125,70.625,70.875,,,
19/07/1996,INTC,,,,4pm,BID_GREATER_THAN_ASK,,,,72.75,72.375,72.5625,,,
23/07/1996,INTC,,,,4pm,BID_GREATER_THAN_ASK,,,,70.0,69.5,69.75,,,
25/07/1996,INTC,,,,4pm,BID_GREATER_THAN_ASK,,,,72.0,71.0,71.5,,,
26/07/1996,INTC,,,,4pm,BID_GREATER_THAN_ASK,,,,74.125,73.0,73.5625,,,
01/08/1996,INTC,,,,4pm,BID_GREATER_THAN_ASK,,,,76.875,75.875,76.375,,,
05/08/1996,INTC,,,,4pm,BID_GREATER_THAN_ASK,,,,78.5,78.25,78.375,,,
07/08/1996,INTC,,,,4pm,BID_GREATER_THAN_ASK,,,,82.25,80.125,81.1875,,,
09/08/1996,INTC,,,,4pm,BID_GREATER_THAN_ASK,,,,82.25,82.125,82.1875,,,
12/08/1996,INTC,,,,4pm,BID_GREATER_THAN_ASK,,,,83.0,82.125,82.5625,,,
15/08/1996,INTC,,,,4pm,BID_GREATER_THAN_ASK,,,,82.125,81.875,82.0,,,
06/09/1996,INTC,,,,4pm,BID_GREATER_THAN_ASK,,,,82.0,81.25,81.625,,,
17/09/1996,INTC,,,,4pm,BID_GREATER_THAN_ASK,,,,94.25,92.875,93.5625,,,
24/09/1996,INTC,,,,4pm,BID_GREATER_THAN_ASK,,,,96.375,96.125,96.25,,,
27/09/1996,INTC,,,,4pm,BID_GREATER_THAN_ASK,,,,97.125,96.875,97.0,,,
04/10/1996,INTC,,,,4pm,BID_GREATER_THAN_ASK,,,,101.625,100.5,101.0625,,,
09/10/1996,INTC,,,,4pm,BID_GREATER_THAN_ASK,,,,101.5,101.0,101.25,,,
15/10/1996,INTC,,,,4pm,BID_GREATER_THAN_ASK,,,,111.875,111.25,111.5625,,,
18/10/1996,INTC,,,,4pm,BID_GREATER_THAN_ASK,,,,109.875,109.625,109.75,,,
24/10/1996,INTC,,,,4pm,BID_GREATER_THAN_ASK,,,,108.625,107.625,108.125,,,
28/10/1996,INTC,,,,4pm,BID_GREATER_THAN_ASK,,,,106.125,106.0,106.0625,,,
01/11/1996,INTC,,,,4pm,BID_GREATER_THAN_ASK,,,,108.625,108.375,108.5,,,
05/11/1996,INTC,,,,4pm,BID_GREATER_THAN_ASK,,,,114.0,112.625,113.3125,,,
12/11/1996,INTC,,,,4pm,BID_GREATER_THAN_ASK,,,,121.5,121.0,121.25,,,
13/11/1996,INTC,,,,4pm,BID_GREATER_THAN_ASK,,,,120.5,119.5,120.0,,,
14/11/1996,INTC,,,,4pm,BID_GREATER_THAN_ASK,,,,119.875,119.25,119.5625,,,
18/11/1996,INTC,,,,4pm,BID_GREATER_THAN_ASK,,,,115.25,114.125,114.6875,,,
19/11/1996,INTC,,,,4pm,BID_GREATER_THAN_ASK,,,,120.75,119.75,120.25,,,
22/11/1996,INTC,,,,4pm,BID_GREATER_THAN_ASK,,,,122.5,121.25,121.875,,,
25/11/1996,INTC,,,,4pm,BID_GREATER_THAN_ASK,,,,122.0,121.625,121.8125,,,
27/11/1996,INTC,,,,4pm,BID_GREATER_THAN_ASK,,,,126.875,126.625,126.75,,,
04/12/1996,INTC,,,,4pm,BID_GREATER_THAN_ASK,,,,129.5,128.75,129.125,,,
10/12/1996,INTC,,,,4pm,BID_GREATER_THAN_ASK,,,,132.25,129.125,130.6875,,,
19/12/1996,INTC,,,,4pm,BID_GREATER_THAN_ASK,,,,137.5,136.125,136.8125,,,
27/12/1996,INTC,,,,4pm,BID_GREATER_THAN_ASK,,,,137.125,135.5,136.3125,,,
30/12/1996,INTC,,,,4pm,BID_GREATER_THAN_ASK,,,,135.75,133.375,134.5625,,,
10/07/1996,JNJ,,,,4pm,BID_GREATER_THAN_ASK,,,,47.875,47.625,47.75,,,
03/09/1996,JNJ,,,,4pm,BID_GREATER_THAN_ASK,,,,49.0,48.625,48.8125,,,
10/07/1996,JPM,,,,4pm,BID_GREATER_THAN_ASK,,,,82.75,82.5,82.625,,,
03/09/1996,JPM,,,,4pm,BID_GREATER_THAN_ASK,,,,88.375,86.75,87.5625,,,
10/07/1996,KO,,,,4pm,BID_GREATER_THAN_ASK,,,,47.875,47.625,47.75,,,
03/09/1996,KO,,,,4pm,BID_GREATER_THAN_ASK,,,,50.875,49.75,50.3125,,,
30/01/1996,MS,,,,4pm,BID_GREATER_THAN_ASK,,,,47.25,46.875,47.0625,,,
03/09/1996,MS,,,,4pm,BID_GREATER_THAN_ASK,,,,47.75,47.25,47.5,,,
16/01/1996,ORCL,,,,4pm,BID_GREATER_THAN_ASK,,,,41.75,40.375,41.0625,,,
29/02/1996,ORCL,,,,4pm,BID_GREATER_THAN_ASK,,,,52.25,52.125,52.1875,,,
08/04/1996,ORCL,,,,4pm,BID_GREATER_THAN_ASK,,,,43.5,43.375,43.4375,,,
07/08/1996,ORCL,,,,4pm,BID_GREATER_THAN_ASK,,,,41.625,41.5,41.5625,,,
23/09/1996,ORCL,,,,4pm,BID_GREATER_THAN_ASK,,,,44.0,43.0,43.5,,,
04/10/1996,ORCL,,,,4pm,BID_GREATER_THAN_ASK,,,,45.125,44.75,44.9375,,,
18/10/1996,ORCL,,,,4pm,BID_GREATER_THAN_ASK,,,,44.375,43.75,44.0625,,,
21/10/1996,ORCL,,,,4pm,BID_GREATER_THAN_ASK,,,,44.625,43.25,43.9375,,,
06/12/1996,ORCL,,,,4pm,BID_GREATER_THAN_ASK,,,,46.125,45.75,45.9375,,,
19/12/1996,ORCL,,,,4pm,BID_GREATER_THAN_ASK,,,,42.125,41.875,42.0,,,
10/07/1996,PEP,,,,4pm,BID_GREATER_THAN_ASK,,,,33.375,33.125,33.25,,,
21/03/1996,PFE,,,,4pm,BID_GREATER_THAN_ASK,,,,67.125,67.0,67.0625,,,
03/09/1996,PFE,,,,4pm,BID_GREATER_THAN_ASK,,,,71.0,70.875,70.9375,,,
10/07/1996,SPY,,,,4pm,BID_GREATER_THAN_ASK,,,,65.71875,65.625,65.671875,,,
07/06/1996,WFC,,,,4pm,BID_GREATER_THAN_ASK,,,,247.5,247.375,247.4375,,,
10/01/1997,AAPL,,,,4pm,BID_GREATER_THAN_ASK,,,,18.125,17.875,18.0,,,
28/02/1997,AAPL,,,,4pm,BID_GREATER_THAN_ASK,,,,16.5,16.375,16.4375,,,
31/03/1997,AAPL,,,,4pm,BID_GREATER_THAN_ASK,,,,18.75,18.375,18.5625,,,
16/06/1997,AAPL,,,,4pm,BID_GREATER_THAN_ASK,,,,15.625,15.5,15.5625,,,
19/08/1997,BAC,,,,4pm,BID_GREATER_THAN_ASK,,,,67.625,67.5625,67.59375,,,
25/11/1997,BAC,,,,4pm,BID_GREATER_THAN_ASK,,,,75.1875,75.0,75.09375,,,
03/07/1997,DIS,,,,4pm,BID_GREATER_THAN_ASK,,,,77.4375,77.25,77.34375,,,
30/12/1997,DIS,,,,4pm,BID_GREATER_THAN_ASK,,,,99.25,99.1875,99.21875,,,
31/03/1997,GE,,,,4pm,BID_GREATER_THAN_ASK,,,,99.875,99.0,99.4375,,,
15/04/1997,GE,,,,4pm,BID_GREATER_THAN_ASK,,,,103.625,102.875,103.25,,,
27/10/1997,GE,,,,4pm,BID_GREATER_THAN_ASK,,,,63.125,61.9375,62.53125,,,
03/01/1997,INTC,,,,4pm,BID_GREATER_THAN_ASK,,,,138.25,130.75,134.5,,,
06/01/1997,INTC,,,,4pm,BID_GREATER_THAN_ASK,,,,138.75,138.625,138.6875,,,
08/01/1997,INTC,,,,4pm,BID_GREATER_THAN_ASK,,,,144.25,142.25,143.25,,,
23/01/1997,INTC,,,,4pm,BID_GREATER_THAN_ASK,,,,154.75,151.75,153.25,,,
30/01/1997,INTC,,,,4pm,BID_GREATER_THAN_ASK,,,,160.125,159.375,159.75,,,
04/02/1997,INTC,,,,4pm,BID_GREATER_THAN_ASK,,,,164.75,164.375,164.5625,,,
18/02/1997,INTC,,,,4pm,BID_GREATER_THAN_ASK,,,,154.5,153.875,154.1875,,,
19/02/1997,INTC,,,,4pm,BID_GREATER_THAN_ASK,,,,154.375,153.875,154.125,,,
26/02/1997,INTC,,,,4pm,BID_GREATER_THAN_ASK,,,,148.125,146.625,147.375,,,
28/02/1997,INTC,,,,4pm,BID_GREATER_THAN_ASK,,,,142.625,142.0,142.3125,,,
04/03/1997,INTC,,,,4pm,BID_GREATER_THAN_ASK,,,,148.375,146.25,147.3125,,,
05/03/1997,INTC,,,,4pm,BID_GREATER_THAN_ASK,,,,149.375,148.625,149.0,,,
06/03/1997,INTC,,,,4pm,BID_GREATER_THAN_ASK,,,,145.875,145.5,145.6875,,,
07/03/1997,INTC,,,,4pm,BID_GREATER_THAN_ASK,,,,147.375,143.5,145.4375,,,
13/03/1997,INTC,,,,4pm,BID_GREATER_THAN_ASK,,,,142.25,141.25,141.75,,,
14/03/1997,INTC,,,,4pm,BID_GREATER_THAN_ASK,,,,141.5,137.875,139.6875,,,
17/03/1997,INTC,,,,4pm,BID_GREATER_THAN_ASK,,,,137.25,136.5,136.875,,,
18/03/1997,INTC,,,,4pm,BID_GREATER_THAN_ASK,,,,137.0,136.875,136.9375,,,
19/03/1997,INTC,,,,4pm,BID_GREATER_THAN_ASK,,,,134.75,133.5,134.125,,,
26/03/1997,INTC,,,,4pm,BID_GREATER_THAN_ASK,,,,140.5,134.25,137.375,,,
09/04/1997,INTC,,,,4pm,BID_GREATER_THAN_ASK,,,,144.875,142.375,143.625,,,
10/04/1997,INTC,,,,4pm,BID_GREATER_THAN_ASK,,,,138.875,137.25,138.0625,,,
14/04/1997,INTC,,,,4pm,BID_GREATER_THAN_ASK,,,,133.625,132.875,133.25,,,
25/04/1997,INTC,,,,4pm,BID_GREATER_THAN_ASK,,,,144.625,144.0,144.3125,,,
01/05/1997,INTC,,,,4pm,BID_GREATER_THAN_ASK,,,,153.75,153.25,153.5,,,
02/05/1997,INTC,,,,4pm,BID_GREATER_THAN_ASK,,,,157.5,155.75,156.625,,,
07/05/1997,INTC,,,,4pm,BID_GREATER_THAN_ASK,,,,158.0,155.875,156.9375,,,
23/05/1997,INTC,,,,4pm,BID_GREATER_THAN_ASK,,,,163.125,161.75,162.4375,,,
27/05/1997,INTC,,,,4pm,BID_GREATER_THAN_ASK,,,,169.25,168.875,169.0625,,,
06/06/1997,INTC,,,,4pm,BID_GREATER_THAN_ASK,,,,146.6875,146.0,146.34375,,,
09/06/1997,INTC,,,,4pm,BID_GREATER_THAN_ASK,,,,149.1875,148.25,148.71875,,,
19/06/1997,INTC,,,,4pm,BID_GREATER_THAN_ASK,,,,147.0,146.5,146.75,,,
20/06/1997,INTC,,,,4pm,BID_GREATER_THAN_ASK,,,,148.1875,146.75,147.46875,,,
23/06/1997,INTC,,,,4pm,BID_GREATER_THAN_ASK,,,,146.375,145.1875,145.78125,,,
30/06/1997,INTC,,,,4pm,BID_GREATER_THAN_ASK,,,,142.3125,141.625,141.96875,,,
09/07/1997,INTC,,,,4pm,BID_GREATER_THAN_ASK,,,,153.375,152.75,153.0625,,,
17/07/1997,INTC,,,,4pm,BID_GREATER_THAN_ASK,,,,88.1875,87.8125,88.0,,,
23/07/1997,INTC,,,,4pm,BID_GREATER_THAN_ASK,,,,89.9375,89.375,89.65625,,,
14/08/1997,INTC,,,,4pm,BID_GREATER_THAN_ASK,,,,96.625,95.875,96.25,,,
04/09/1997,INTC,,,,4pm,BID_GREATER_THAN_ASK,,,,95.125,94.625,94.875,,,
20/10/1997,INTC,,,,4pm,BID_GREATER_THAN_ASK,,,,84.5,84.0625,84.28125,,,
22/10/1997,INTC,,,,4pm,BID_GREATER_THAN_ASK,,,,84.3125,83.9375,84.125,,,
27/10/1997,INTC,,,,4pm,BID_GREATER_THAN_ASK,,,,77.125,74.8125,75.96875,,,
28/10/1997,INTC,,,,4pm,BID_GREATER_THAN_ASK,,,,85.0,81.875,83.4375,,,
05/11/1997,INTC,,,,4pm,BID_GREATER_THAN_ASK,,,,74.75,74.625,74.6875,,,
10/11/1997,INTC,,,,4pm,BID_GREATER_THAN_ASK,,,,76.625,75.1875,75.90625,,,
12/11/1997,INTC,,,,4pm,BID_GREATER_THAN_ASK,,,,75.75,74.9375,75.34375,,,
13/11/1997,INTC,,,,4pm,BID_GREATER_THAN_ASK,,,,77.875,75.3125,76.59375,,,
19/11/1997,INTC,,,,4pm,BID_GREATER_THAN_ASK,,,,79.0,78.75,78.875,,,
25/11/1997,INTC,,,,4pm,BID_GREATER_THAN_ASK,,,,76.75,76.4375,76.59375,,,
01/12/1997,INTC,,,,4pm,BID_GREATER_THAN_ASK,,,,81.5,78.875,80.1875,,,
03/12/1997,INTC,,,,4pm,BID_GREATER_THAN_ASK,,,,79.0625,78.5,78.78125,,,
09/12/1997,INTC,,,,4pm,BID_GREATER_THAN_ASK,,,,75.75,75.625,75.6875,,,
10/12/1997,INTC,,,,4pm,BID_GREATER_THAN_ASK,,,,74.6875,74.375,74.53125,,,
19/12/1997,INTC,,,,4pm,BID_GREATER_THAN_ASK,,,,69.9375,69.25,69.59375,,,
30/12/1997,INTC,,,,4pm,BID_GREATER_THAN_ASK,,,,71.9375,71.75,71.84375,,,
27/03/1997,JPM,,,,4pm,BID_GREATER_THAN_ASK,,,,102.25,101.25,101.75,,,
08/07/1997,JPM,,,,4pm,BID_GREATER_THAN_ASK,,,,109.125,109.0,109.0625,,,
28/10/1997,JPM,,,,4pm,BID_GREATER_THAN_ASK,,,,113.875,113.5,113.6875,,,
03/01/1997,ORCL,,,,4pm,BID_GREATER_THAN_ASK,,,,44.5,44.25,44.375,,,
23/01/1997,ORCL,,,,4pm,BID_GREATER_THAN_ASK,,,,41.25,40.625,40.9375,,,
11/03/1997,ORCL,,,,4pm,BID_GREATER_THAN_ASK,,,,36.25,35.75,36.0,,,
17/04/1997,ORCL,,,,4pm,BID_GREATER_THAN_ASK,,,,37.75,37.125,37.4375,,,
01/05/1997,ORCL,,,,4pm,BID_GREATER_THAN_ASK,,,,40.875,40.625,40.75,,,
16/05/1997,ORCL,,,,4pm,BID_GREATER_THAN_ASK,,,,44.625,44.5,44.5625,,,
16/09/1997,ORCL,,,,4pm,BID_GREATER_THAN_ASK,,,,39.5,39.125,39.3125,,,
18/09/1997,ORCL,,,,4pm,BID_GREATER_THAN_ASK,,,,37.1875,36.6875,36.9375,,,
07/10/1997,ORCL,,,,4pm,BID_GREATER_THAN_ASK,,,,37.5,37.375,37.4375,,,
15/10/1997,ORCL,,,,4pm,BID_GREATER_THAN_ASK,,,,34.875,34.8125,34.84375,,,
20/10/1997,ORCL,,,,4pm,BID_GREATER_THAN_ASK,,,,34.6875,34.5,34.59375,,,
27/10/1997,ORCL,,,,4pm,BID_GREATER_THAN_ASK,,,,33.1875,31.3125,32.25,,,
30/10/1997,ORCL,,,,4pm,BID_GREATER_THAN_ASK,,,,35.25,33.875,34.5625,,,
03/11/1997,ORCL,,,,4pm,BID_GREATER_THAN_ASK,,,,36.0625,35.875,35.96875,,,
05/11/1997,ORCL,,,,4pm,BID_GREATER_THAN_ASK,,,,37.0625,36.3125,36.6875,,,
10/11/1997,ORCL,,,,4pm,BID_GREATER_THAN_ASK,,,,35.0625,34.625,34.84375,,,
10/12/1997,ORCL,,,,4pm,BID_GREATER_THAN_ASK,,,,23.375,23.1875,23.28125,,,
17/12/1997,ORCL,,,,4pm,BID_GREATER_THAN_ASK,,,,22.625,22.4375,22.53125,,,
23/12/1997,ORCL,,,,4pm,BID_GREATER_THAN_ASK,,,,21.1875,21.125,21.15625,,,
28/11/1997,PEP,,,,4pm,BID_GREATER_THAN_ASK,,,,37.0,36.9375,36.96875,,,
07/07/1997,PFE,,,,4pm,BID_GREATER_THAN_ASK,,,,62.0,61.9375,61.96875,,,
15/04/1997,SPY,,,,4pm,BID_GREATER_THAN_ASK,,,,75.46875,75.375,75.421875,,,
26/11/1997,SPY,,,,4pm,BID_GREATER_THAN_ASK,,,,95.5,95.4375,95.46875,,,
19/12/1997,SPY,,,,4pm,BID_GREATER_THAN_ASK,,,,94.8125,94.6875,94.75,,,
28/10/1997,UNH,,,,4pm,BID_GREATER_THAN_ASK,,,,46.9375,46.875,46.90625,,,
13/04/1998,AAPL,,,,4pm,BID_GREATER_THAN_ASK,,,,26.4375,26.0,26.21875,,,
20/04/1998,AAPL,,,,4pm,BID_GREATER_THAN_ASK,,,,28.9375,28.875,28.90625,,,
21/04/1998,AAPL,,,,4pm,BID_GREATER_THAN_ASK,,,,28.9375,28.875,28.90625,,,
22/04/1998,AAPL,,,,4pm,BID_GREATER_THAN_ASK,,,,28.0,27.625,27.8125,,,
06/05/1998,AAPL,,,,4pm,BID_GREATER_THAN_ASK,,,,30.3125,29.875,30.09375,,,
08/05/1998,AAPL,,,,4pm,BID_GREATER_THAN_ASK,,,,30.4375,30.375,30.40625,,,
13/05/1998,AAPL,,,,4pm,BID_GREATER_THAN_ASK,,,,30.5,30.4375,30.46875,,,
14/05/1998,AAPL,,,,4pm,BID_GREATER_THAN_ASK,,,,30.1875,30.125,30.15625,,,
19/05/1998,AAPL,,,,4pm,BID_GREATER_THAN_ASK,,,,29.3125,29.0,29.15625,,,
04/06/1998,AAPL,,,,4pm,BID_GREATER_THAN_ASK,,,,26.75,26.625,26.6875,,,
25/06/1998,AAPL,,,,4pm,BID_GREATER_THAN_ASK,,,,28.5,28.375,28.4375,,,
06/07/1998,AAPL,,,,4pm,BID_GREATER_THAN_ASK,,,,30.25,30.0,30.125,,,
07/07/1998,AAPL,,,,4pm,BID_GREATER_THAN_ASK,,,,30.5,30.25,30.375,,,
09/07/1998,AAPL,,,,4pm,BID_GREATER_THAN_ASK,,,,32.125,31.6875,31.90625,,,
10/07/1998,AAPL,,,,4pm,BID_GREATER_THAN_ASK,,,,32.25,32.0625,32.15625,,,
15/07/1998,AAPL,,,,4pm,BID_GREATER_THAN_ASK,,,,34.4375,34.25,34.34375,,,
17/07/1998,AAPL,,,,4pm,BID_GREATER_THAN_ASK,,,,36.8125,36.75,36.78125,,,
20/07/1998,AAPL,,,,4pm,BID_GREATER_THAN_ASK,,,,36.1875,36.0625,36.125,,,
21/07/1998,AAPL,,,,4pm,BID_GREATER_THAN_ASK,,,,35.75,35.625,35.6875,,,
29/07/1998,AAPL,,,,4pm,BID_GREATER_THAN_ASK,,,,35.0625,34.75,34.90625,,,
31/07/1998,AAPL,,,,4pm,BID_GREATER_THAN_ASK,,,,35.0,34.625,34.8125,,,
05/08/1998,AAPL,,,,4pm,BID_GREATER_THAN_ASK,,,,35.9375,35.5,35.71875,,,
06/08/1998,AAPL,,,,4pm,BID_GREATER_THAN_ASK,,,,36.8125,36.375,36.59375,,,
10/08/1998,AAPL,,,,4pm,BID_GREATER_THAN_ASK,,,,37.9375,37.875,37.90625,,,
16/07/1993,AAPL,,,,last,BID_GREATER_THAN_ASK,,,,,,,27.75,27.5,27.625
23/07/1993,AAPL,,,,last,BID_GREATER_THAN_ASK,,,,,,,26.75,26.25,26.5
17/08/1993,AAPL,,,,last,BID_GREATER_THAN_ASK,,,,,,,28.25,28.0,28.125
01/11/1993,AAPL,,,,last,BID_GREATER_THAN_ASK,,,,,,,31.25,30.875,31.0625
16/11/1993,AAPL,,,,last,BID_GREATER_THAN_ASK,,,,,,,33.75,33.25,33.5
02/12/1993,AAPL,,,,last,BID_GREATER_THAN_ASK,,,,,,,31.75,31.125,31.4375
09/12/1993,AAPL,,,,last,BID_GREATER_THAN_ASK,,,,,,,30.5,30.0,30.25
10/12/1993,AAPL,,,,last,BID_GREATER_THAN_ASK,,,,,,,30.0,28.25,29.125
31/12/1993,AAPL,,,,last,BID_GREATER_THAN_ASK,,,,,,,29.75,29.5,29.625
18/02/1993,BAC,,,,last,BID_GREATER_THAN_ASK,,,,,,,50.25,50.125,50.1875
08/04/1993,BAC,,,,last,BID_GREATER_THAN_ASK,,,,,,,51.875,51.75,51.8125
18/06/1993,BAC,,,,last,BID_GREATER_THAN_ASK,,,,,,,43.375,42.875,43.125
16/07/1993,BAC,,,,last,BID_GREATER_THAN_ASK,,,,,,,44.875,44.75,44.8125
09/09/1993,BAC,,,,last,BID_GREATER_THAN_ASK,,,,,,,48.25,48.125,48.1875
17/09/1993,BAC,,,,last,BID_GREATER_THAN_ASK,,,,,,,47.125,46.5,46.8125
05/11/1993,BAC,,,,last,BID_GREATER_THAN_ASK,,,,,,,41.75,41.5,41.625
11/11/1993,BAC,,,,last,BID_GREATER_THAN_ASK,,,,,,,41.375,41.25,41.3125
17/02/1993,C,,,,last,BID_GREATER_THAN_ASK,,,,,,,38.25,38.125,38.1875
02/04/1993,C,,,,last,BID_GREATER_THAN_ASK,,,,,,,37.5,37.375,37.4375
28/07/1993,C,,,,last,BID_GREATER_THAN_ASK,,,,,,,42.875,42.75,42.8125
16/08/1993,C,,,,last,BID_GREATER_THAN_ASK,,,,,,,43.625,43.5,43.5625
31/08/1993,C,,,,last,BID_GREATER_THAN_ASK,,,,,,,42.625,42.5,42.5625
08/09/1993,C,,,,last,BID_GREATER_THAN_ASK,,,,,,,43.125,43.0,43.0625
05/11/1993,C,,,,last,BID_GREATER_THAN_ASK,,,,,,,54.375,54.25,54.3125
11/11/1993,C,,,,last,BID_GREATER_THAN_ASK,,,,,,,54.5,54.375,54.4375
26/01/1993,DIS,,,,last,BID_GREATER_THAN_ASK,,,,,,,46.25,46.125,46.1875
18/02/1993,DIS,,,,last,BID_GREATER_THAN_ASK,,,,,,,45.5,45.375,45.4375
29/03/1993,DIS,,,,last,BID_GREATER_THAN_ASK,,,,,,,43.75,43.625,43.6875
16/04/1993,DIS,,,,last,BID_GREATER_THAN_ASK,,,,,,,41.25,41.125,41.1875
19/04/1993,DIS,,,,last,BID_GREATER_THAN_ASK,,,,,,,41.875,41.75,41.8125
27/04/1993,DIS,,,,last,BID_GREATER_THAN_ASK,,,,,,,40.75,40.5,40.625
20/05/1993,DIS,,,,last,BID_GREATER_THAN_ASK,,,,,,,43.875,43.375,43.625
08/06/1993,DIS,,,,last,BID_GREATER_THAN_ASK,,,,,,,43.625,43.375,43.5
22/06/1993,DIS,,,,last,BID_GREATER_THAN_ASK,,,,,,,42.5,42.375,42.4375
20/08/1993,DIS,,,,last,BID_GREATER_THAN_ASK,,,,,,,39.75,39.25,39.5
17/09/1993,DIS,,,,last,BID_GREATER_THAN_ASK,,,,,,,39.25,39.0,39.125
13/10/1993,DIS,,,,last,BID_GREATER_THAN_ASK,,,,,,,44.375,44.25,44.3125
29/10/1993,DIS,,,,last,BID_GREATER_THAN_ASK,,,,,,,42.875,42.75,42.8125
31/12/1993,DIS,,,,last,BID_GREATER_THAN_ASK,,,,,,,42.875,42.75,42.8125
06/04/1993,GE,,,,last,BID_GREATER_THAN_ASK,,,,,,,91.25,91.125,91.1875
20/08/1993,GE,,,,last,BID_GREATER_THAN_ASK,,,,,,,98.5,97.75,98.125
06/01/1993,HD,,,,last,BID_GREATER_THAN_ASK,,,,,,,63.625,63.5,63.5625
18/02/1993,HD,,,,last,BID_GREATER_THAN_ASK,,,,,,,62.125,62.0,62.0625
19/02/1993,HD,,,,last,BID_GREATER_THAN_ASK,,,,,,,61.375,61.25,61.3125
02/04/1993,HD,,,,last,BID_GREATER_THAN_ASK,,,,,,,60.5,60.375,60.4375
14/04/1993,HD,,,,last,BID_GREATER_THAN_ASK,,,,,,,43.0,42.875,42.9375
13/07/1993,HD,,,,last,BID_GREATER_THAN_ASK,,,,,,,44.875,44.75,44.8125
23/07/1993,INTC,,,,last,BID_GREATER_THAN_ASK,,,,,,,51.75,50.5,51.125
26/07/1993,INTC,,,,last,BID_GREATER_THAN_ASK,,,,,,,53.25,53.0,53.125
05/08/1993,INTC,,,,last,BID_GREATER_THAN_ASK,,,,,,,55.75,55.0,55.375
16/08/1993,INTC,,,,last,BID_GREATER_THAN_ASK,,,,,,,64.25,64.0,64.125
24/08/1993,INTC,,,,last,BID_GREATER_THAN_ASK,,,,,,,64.125,63.75,63.9375
26/08/1993,INTC,,,,last,BID_GREATER_THAN_ASK,,,,,,,63.25,61.5,62.375
15/09/1993,INTC,,,,last,BID_GREATER_THAN_ASK,,,,,,,64.75,63.5,64.125
17/09/1993,INTC,,,,last,BID_GREATER_THAN_ASK,,,,,,,64.25,64.0,64.125
28/09/1993,INTC,,,,last,BID_GREATER_THAN_ASK,,,,,,,72.5,70.5,71.5
13/10/1993,INTC,,,,last,BID_GREATER_THAN_ASK,,,,,,,64.75,63.75,64.25
19/10/1993,INTC,,,,last,BID_GREATER_THAN_ASK,,,,,,,62.625,62.25,62.4375
09/11/1993,INTC,,,,last,BID_GREATER_THAN_ASK,,,,,,,61.625,61.25,61.4375
15/11/1993,INTC,,,,last,BID_GREATER_THAN_ASK,,,,,,,60.75,60.25,60.5
17/11/1993,INTC,,,,last,BID_GREATER_THAN_ASK,,,,,,,59.75,59.0,59.375
23/11/1993,INTC,,,,last,BID_GREATER_THAN_ASK,,,,,,,58.75,58.0,58.375
02/12/1993,INTC,,,,last,BID_GREATER_THAN_ASK,,,,,,,62.75,61.75,62.25
06/12/1993,INTC,,,,last,BID_GREATER_THAN_ASK,,,,,,,59.25,58.5,58.875
08/12/1993,INTC,,,,last,BID_GREATER_THAN_ASK,,,,,,,59.75,59.5,59.625
14/12/1993,INTC,,,,last,BID_GREATER_THAN_ASK,,,,,,,57.25,57.0,57.125
15/12/1993,INTC,,,,last,BID_GREATER_THAN_ASK,,,,,,,58.75,58.625,58.6875
22/12/1993,INTC,,,,last,BID_GREATER_THAN_ASK,,,,,,,61.75,61.25,61.5
15/04/1993,JNJ,,,,last,BID_GREATER_THAN_ASK,,,,,,,38.875,38.75,38.8125
20/08/1993,JNJ,,,,last,BID_GREATER_THAN_ASK,,,,,,,40.875,40.625,40.75
12/10/1993,JNJ,,,,last,BID_GREATER_THAN_ASK,,,,,,,40.0,39.875,39.9375
30/07/1993,JPM,,,,last,BID_GREATER_THAN_ASK,,,,,,,72.875,72.75,72.8125
22/09/1993,JPM,,,,last,BID_GREATER_THAN_ASK,,,,,,,75.5,75.375,75.4375
05/01/1993,KO,,,,last,BID_GREATER_THAN_ASK,,,,,,,41.375,41.125,41.25
18/02/1993,KO,,,,last,BID_GREATER_THAN_ASK,,,,,,,41.5,41.375,41.4375
24/02/1993,KO,,,,last,BID_GREATER_THAN_ASK,,,,,,,42.0,41.875,41.9375
19/03/1993,KO,,,,last,BID_GREATER_THAN_ASK,,,,,,,42.375,42.25,42.3125
08/04/1993,KO,,,,last,BID_GREATER_THAN_ASK,,,,,,,39.625,39.375,39.5
20/05/1993,KO,,,,last,BID_GREATER_THAN_ASK,,,,,,,42.0,41.875,41.9375
18/06/1993,KO,,,,last,BID_GREATER_THAN_ASK,,,,,,,41.75,41.625,41.6875
06/07/1993,KO,,,,last,BID_GREATER_THAN_ASK,,,,,,,42.125,42.0,42.0625
31/03/1993,MA,,,,last,BID_GREATER_THAN_ASK,,,,,,,77.25,76.75,77.0
17/12/1993,MA,,,,last,BID_GREATER_THAN_ASK,,,,,,,42.625,42.375,42.5
30/07/1993,ORCL,,,,last,BID_GREATER_THAN_ASK,,,,,,,51.375,50.375,50.875
25/08/1993,ORCL,,,,last,BID_GREATER_THAN_ASK,,,,,,,55.375,54.875,55.125
27/08/1993,ORCL,,,,last,BID_GREATER_THAN_ASK,,,,,,,51.25,50.25,50.75
02/09/1993,ORCL,,,,last,BID_GREATER_THAN_ASK,,,,,,,52.625,52.5,52.5625
09/09/1993,ORCL,,,,last,BID_GREATER_THAN_ASK,,,,,,,51.25,51.125,51.1875
14/09/1993,ORCL,,,,last,BID_GREATER_THAN_ASK,,,,,,,49.0,48.75,48.875
07/10/1993,ORCL,,,,last,BID_GREATER_THAN_ASK,,,,,,,59.125,58.5,58.8125
13/10/1993,ORCL,,,,last,BID_GREATER_THAN_ASK,,,,,,,63.75,63.0,63.375
15/10/1993,ORCL,,,,last,BID_GREATER_THAN_ASK,,,,,,,64.125,63.875,64.0
26/10/1993,ORCL,,,,last,BID_GREATER_THAN_ASK,,,,,,,59.625,59.0,59.3125
28/10/1993,ORCL,,,,last,BID_GREATER_THAN_ASK,,,,,,,60.25,58.25,59.25
04/11/1993,ORCL,,,,last,BID_GREATER_THAN_ASK,,,,,,,57.875,55.75,56.8125
08/11/1993,ORCL,,,,last,BID_GREATER_THAN_ASK,,,,,,,61.125,59.0,60.0625
18/11/1993,ORCL,,,,last,BID_GREATER_THAN_ASK,,,,,,,31.5,31.125,31.3125
03/12/1993,ORCL,,,,last,BID_GREATER_THAN_ASK,,,,,,,35.0,34.75,34.875
13/12/1993,ORCL,,,,last,BID_GREATER_THAN_ASK,,,,,,,36.625,36.125,36.375
27/12/1993,ORCL,,,,last,BID_GREATER_THAN_ASK,,,,,,,29.75,29.625,29.6875
18/02/1993,PEP,,,,last,BID_GREATER_THAN_ASK,,,,,,,40.25,40.125,40.1875
06/01/1993,PFE,,,,last,BID_GREATER_THAN_ASK,,,,,,,68.125,68.0,68.0625
09/02/1993,PFE,,,,last,BID_GREATER_THAN_ASK,,,,,,,61.875,61.75,61.8125
23/03/1993,PFE,,,,last,BID_GREATER_THAN_ASK,,,,,,,60.0,59.875,59.9375
30/03/1993,PFE,,,,last,BID_GREATER_THAN_ASK,,,,,,,62.875,62.5,62.6875
19/04/1993,PFE,,,,last,BID_GREATER_THAN_ASK,,,,,,,61.875,61.75,61.8125
17/06/1993,PFE,,,,last,BID_GREATER_THAN_ASK,,,,,,,74.875,74.75,74.8125
17/09/1993,PFE,,,,last,BID_GREATER_THAN_ASK,,,,,,,60.375,60.25,60.3125
17/11/1993,PFE,,,,last,BID_GREATER_THAN_ASK,,,,,,,66.75,66.625,66.6875
19/01/1993,WFC,,,,last,BID_GREATER_THAN_ASK,,,,,,,99.5,99.25,99.375
23/04/1993,WFC,,,,last,BID_GREATER_THAN_ASK,,,,,,,109.0,108.875,108.9375
27/10/1993,WFC,,,,last,BID_GREATER_THAN_ASK,,,,,,,112.25,112.0,112.125
18/02/1993,WMT,,,,last,BID_GREATER_THAN_ASK,,,,,,,62.125,62.0,62.0625
21/05/1993,WMT,,,,last,BID_GREATER_THAN_ASK,,,,,,,27.625,27.5,27.5625
23/07/1993,WMT,,,,last,BID_GREATER_THAN_ASK,,,,,,,25.5,25.375,25.4375
21/09/1993,WMT,,,,last,BID_GREATER_THAN_ASK,,,,,,,23.5,23.375,23.4375
20/01/1994,AAPL,,,,last,BID_GREATER_THAN_ASK,,,,,,,30.25,30.0,30.125
21/01/1994,AAPL,,,,last,BID_GREATER_THAN_ASK,,,,,,,33.25,32.75,33.0
31/03/1994,AAPL,,,,last,BID_GREATER_THAN_ASK,,,,,,,33.0,32.0,32.5
25/04/1994,AAPL,,,,last,BID_GREATER_THAN_ASK,,,,,,,30.75,30.0,30.375
06/05/1994,AAPL,,,,last,BID_GREATER_THAN_ASK,,,,,,,32.25,32.125,32.1875
19/05/1994,AAPL,,,,last,BID_GREATER_THAN_ASK,,,,,,,32.0,31.25,31.625
23/06/1994,AAPL,,,,last,BID_GREATER_THAN_ASK,,,,,,,25.5,25.125,25.3125
13/07/1994,AAPL,,,,last,BID_GREATER_THAN_ASK,,,,,,,29.625,28.625,29.125
22/07/1994,AAPL,,,,last,BID_GREATER_THAN_ASK,,,,,,,30.875,30.625,30.75
25/07/1994,AAPL,,,,last,BID_GREATER_THAN_ASK,,,,,,,31.625,31.5,31.5625
29/07/1994,AAPL,,,,last,BID_GREATER_THAN_ASK,,,,,,,33.625,32.125,32.875
03/08/1994,AAPL,,,,last,BID_GREATER_THAN_ASK,,,,,,,33.125,32.625,32.875
08/08/1994,AAPL,,,,last,BID_GREATER_THAN_ASK,,,,,,,33.625,33.125,33.375
24/08/1994,AAPL,,,,last,BID_GREATER_THAN_ASK,,,,,,,34.75,34.5,34.625
09/09/1994,AAPL,,,,last,BID_GREATER_THAN_ASK,,,,,,,35.75,35.625,35.6875
05/10/1994,AAPL,,,,last,BID_GREATER_THAN_ASK,,,,,,,37.875,35.5,36.6875
11/10/1994,AAPL,,,,last,BID_GREATER_THAN_ASK,,,,,,,41.375,39.75,40.5625
18/10/1994,AAPL,,,,last,BID_GREATER_THAN_ASK,,,,,,,41.125,41.0,41.0625
21/11/1994,AAPL,,,,last,BID_GREATER_THAN_ASK,,,,,,,38.625,38.25,38.4375
22/11/1994,AAPL,,,,last,BID_GREATER_THAN_ASK,,,,,,,38.125,37.625,37.875
12/12/1994,AAPL,,,,last,BID_GREATER_THAN_ASK,,,,,,,36.5,36.125,36.3125
01/03/1994,BAC,,,,last,BID_GREATER_THAN_ASK,,,,,,,43.0,42.75,42.875
02/11/1994,BAC,,,,last,BID_GREATER_THAN_ASK,,,,,,,42.625,42.5,42.5625
18/01/1994,C,,,,last,BID_GREATER_THAN_ASK,,,,,,,62.5,62.375,62.4375
21/01/1994,C,,,,last,BID_GREATER_THAN_ASK,,,,,,,60.5,60.25,60.375
01/02/1994,C,,,,last,BID_GREATER_THAN_ASK,,,,,,,61.25,61.125,61.1875
10/03/1994,C,,,,last,BID_GREATER_THAN_ASK,,,,,,,60.125,60.0,60.0625
29/03/1994,C,,,,last,BID_GREATER_THAN_ASK,,,,,,,52.25,52.125,52.1875
20/04/1994,C,,,,last,BID_GREATER_THAN_ASK,,,,,,,46.125,46.0,46.0625
15/06/1994,C,,,,last,BID_GREATER_THAN_ASK,,,,,,,50.25,49.875,50.0625
30/06/1994,C,,,,last,BID_GREATER_THAN_ASK,,,,,,,47.25,47.125,47.1875
07/07/1994,C,,,,last,BID_GREATER_THAN_ASK,,,,,,,49.0,48.875,48.9375
19/07/1994,C,,,,last,BID_GREATER_THAN_ASK,,,,,,,48.5,48.375,48.4375
14/11/1994,C,,,,last,BID_GREATER_THAN_ASK,,,,,,,48.875,48.75,48.8125
13/01/1994,DIS,,,,last,BID_GREATER_THAN_ASK,,,,,,,46.0,45.875,45.9375
31/01/1994,DIS,,,,last,BID_GREATER_THAN_ASK,,,,,,,47.375,47.25,47.3125
18/03/1994,DIS,,,,last,BID_GREATER_THAN_ASK,,,,,,,46.875,46.375,46.625
20/04/1994,DIS,,,,last,BID_GREATER_THAN_ASK,,,,,,,41.0,40.875,40.9375
24/06/1994,DIS,,,,last,BID_GREATER_THAN_ASK,,,,,,,41.875,41.75,41.8125
14/09/1994,DIS,,,,last,BID_GREATER_THAN_ASK,,,,,,,41.375,41.25,41.3125
17/01/1994,GE,,,,last,BID_GREATER_THAN_ASK,,,,,,,107.375,107.25,107.3125
21/01/1994,GE,,,,last,BID_GREATER_THAN_ASK,,,,,,,108.125,108.0,108.0625
02/02/1994,GE,,,,last,BID_GREATER_THAN_ASK,,,,,,,109.125,109.0,109.0625
16/03/1994,GE,,,,last,BID_GREATER_THAN_ASK,,,,,,,104.25,104.0,104.125
18/03/1994,GE,,,,last,BID_GREATER_THAN_ASK,,,,,,,104.75,104.625,104.6875
25/03/1994,GE,,,,last,BID_GREATER_THAN_ASK,,,,,,,102.5,102.25,102.375
31/03/1994,GE,,,,last,BID_GREATER_THAN_ASK,,,,,,,99.75,99.625,99.6875
29/04/1994,GE,,,,last,BID_GREATER_THAN_ASK,,,,,,,95.625,95.25,95.4375
13/05/1994,GE,,,,last,BID_GREATER_THAN_ASK,,,,,,,95.25,95.0,95.125
21/07/1994,GE,,,,last,BID_GREATER_THAN_ASK,,,,,,,48.75,48.625,48.6875
15/09/1994,GE,,,,last,BID_GREATER_THAN_ASK,,,,,,,51.25,51.125,51.1875
18/11/1994,GE,,,,last,BID_GREATER_THAN_ASK,,,,,,,48.625,48.5,48.5625
02/12/1994,GE,,,,last,BID_GREATER_THAN_ASK,,,,,,,47.125,47.0,47.0625
03/01/1994,INTC,,,,last,BID_GREATER_THAN_ASK,,,,,,,61.75,61.5,61.625
07/01/1994,INTC,,,,last,BID_GREATER_THAN_ASK,,,,,,,65.75,65.0,65.375
19/01/1994,INTC,,,,last,BID_GREATER_THAN_ASK,,,,,,,63.5,62.5,63.0
16/02/1994,INTC,,,,last,BID_GREATER_THAN_ASK,,,,,,,67.0,66.5,66.75
01/03/1994,INTC,,,,last,BID_GREATER_THAN_ASK,,,,,,,67.5,67.0,67.25
17/03/1994,INTC,,,,last,BID_GREATER_THAN_ASK,,,,,,,73.25,72.5,72.875
07/04/1994,INTC,,,,last,BID_GREATER_THAN_ASK,,,,,,,70.5,70.0,70.25
13/04/1994,INTC,,,,last,BID_GREATER_THAN_ASK,,,,,,,64.5,64.0,64.25
14/04/1994,INTC,,,,last,BID_GREATER_THAN_ASK,,,,,,,63.75,60.0,61.875
23/05/1994,INTC,,,,last,BID_GREATER_THAN_ASK,,,,,,,59.75,59.5,59.625
03/06/1994,INTC,,,,last,BID_GREATER_THAN_ASK,,,,,,,63.5,63.0,63.25
09/06/1994,INTC,,,,last,BID_GREATER_THAN_ASK,,,,,,,60.0,59.0,59.5
10/06/1994,INTC,,,,last,BID_GREATER_THAN_ASK,,,,,,,59.875,59.75,59.8125
23/06/1994,INTC,,,,last,BID_GREATER_THAN_ASK,,,,,,,59.875,58.375,59.125
29/06/1994,INTC,,,,last,BID_GREATER_THAN_ASK,,,,,,,60.0,59.5,59.75
01/07/1994,INTC,,,,last,BID_GREATER_THAN_ASK,,,,,,,58.5,58.25,58.375
11/07/1994,INTC,,,,last,BID_GREATER_THAN_ASK,,,,,,,60.0,59.5,59.75
10/08/1994,INTC,,,,last,BID_GREATER_THAN_ASK,,,,,,,59.75,59.5,59.625
25/08/1994,INTC,,,,last,BID_GREATER_THAN_ASK,,,,,,,65.0,64.5,64.75
26/08/1994,INTC,,,,last,BID_GREATER_THAN_ASK,,,,,,,66.0,65.25,65.625
29/08/1994,INTC,,,,last,BID_GREATER_THAN_ASK,,,,,,,66.5,66.25,66.375
30/08/1994,INTC,,,,last,BID_GREATER_THAN_ASK,,,,,,,67.0,65.75,66.375
02/09/1994,INTC,,,,last,BID_GREATER_THAN_ASK,,,,,,,64.0,63.875,63.9375
06/09/1994,INTC,,,,last,BID_GREATER_THAN_ASK,,,,,,,65.0,64.0,64.5
07/09/1994,INTC,,,,last,BID_GREATER_THAN_ASK,,,,,,,66.75,66.5,66.625
22/09/1994,INTC,,,,last,BID_GREATER_THAN_ASK,,,,,,,65.0,64.75,64.875
29/09/1994,INTC,,,,last,BID_GREATER_THAN_ASK,,,,,,,61.5,60.75,61.125
05/10/1994,INTC,,,,last,BID_GREATER_THAN_ASK,,,,,,,58.75,58.5,58.625
07/10/1994,INTC,,,,last,BID_GREATER_THAN_ASK,,,,,,,59.25,59.0,59.125
11/10/1994,INTC,,,,last,BID_GREATER_THAN_ASK,,,,,,,61.25,60.5,60.875
24/10/1994,INTC,,,,last,BID_GREATER_THAN_ASK,,,,,,,59.75,59.5,59.625
02/11/1994,INTC,,,,last,BID_GREATER_THAN_ASK,,,,,,,63.375,62.5,62.9375
03/11/1994,INTC,,,,last,BID_GREATER_THAN_ASK,,,,,,,62.75,61.875,62.3125
04/11/1994,INTC,,,,last,BID_GREATER_THAN_ASK,,,,,,,61.25,60.5,60.875
18/11/1994,INTC,,,,last,BID_GREATER_THAN_ASK,,,,,,,63.875,62.75,63.3125
21/11/1994,INTC,,,,last,BID_GREATER_THAN_ASK,,,,,,,66.875,66.25,66.5625
22/11/1994,INTC,,,,last,BID_GREATER_THAN_ASK,,,,,,,65.875,64.75,65.3125
23/11/1994,INTC,,,,last,BID_GREATER_THAN_ASK,,,,,,,64.875,64.125,64.5
06/12/1994,INTC,,,,last,BID_GREATER_THAN_ASK,,,,,,,65.0,64.625,64.8125
07/12/1994,INTC,,,,last,BID_GREATER_THAN_ASK,,,,,,,64.5,64.375,64.4375
20/12/1994,INTC,,,,last,BID_GREATER_THAN_ASK,,,,,,,61.25,60.75,61.0
29/12/1994,INTC,,,,last,BID_GREATER_THAN_ASK,,,,,,,64.375,63.75,64.0625
21/01/1994,JNJ,,,,last,BID_GREATER_THAN_ASK,,,,,,,41.875,41.75,41.8125
04/11/1994,JNJ,,,,last,BID_GREATER_THAN_ASK,,,,,,,53.125,53.0,53.0625
05/01/1994,JPM,,,,last,BID_GREATER_THAN_ASK,,,,,,,68.875,68.0,68.4375
16/03/1994,JPM,,,,last,BID_GREATER_THAN_ASK,,,,,,,66.25,66.125,66.1875
29/03/1994,JPM,,,,last,BID_GREATER_THAN_ASK,,,,,,,62.25,62.0,62.125
30/03/1994,KO,,,,last,BID_GREATER_THAN_ASK,,,,,,,41.25,41.125,41.1875
15/08/1994,KO,,,,last,BID_GREATER_THAN_ASK,,,,,,,44.375,44.25,44.3125
16/09/1994,KO,,,,last,BID_GREATER_THAN_ASK,,,,,,,47.875,47.75,47.8125
10/02/1994,MS,,,,last,BID_GREATER_THAN_ASK,,,,,,,71.875,71.625,71.75
28/03/1994,MS,,,,last,BID_GREATER_THAN_ASK,,,,,,,67.125,67.0,67.0625
30/03/1994,MS,,,,last,BID_GREATER_THAN_ASK,,,,,,,64.875,64.75,64.8125
15/06/1994,MS,,,,last,BID_GREATER_THAN_ASK,,,,,,,60.25,59.75,60.0
30/06/1994,MS,,,,last,BID_GREATER_THAN_ASK,,,,,,,56.75,56.5,56.625
10/08/1994,MS,,,,last,BID_GREATER_THAN_ASK,,,,,,,62.0,61.875,61.9375
03/01/1994,ORCL,,,,last,BID_GREATER_THAN_ASK,,,,,,,28.5,28.0,28.25
05/01/1994,ORCL,,,,last,BID_GREATER_THAN_ASK,,,,,,,31.125,30.375,30.75
07/01/1994,ORCL,,,,last,BID_GREATER_THAN_ASK,,,,,,,31.75,31.5,31.625
10/01/1994,ORCL,,,,last,BID_GREATER_THAN_ASK,,,,,,,33.0,32.125,32.5625
13/01/1994,ORCL,,,,last,BID_GREATER_THAN_ASK,,,,,,,34.625,32.5,33.5625
08/02/1994,ORCL,,,,last,BID_GREATER_THAN_ASK,,,,,,,32.75,32.125,32.4375
07/03/1994,ORCL,,,,last,BID_GREATER_THAN_ASK,,,,,,,35.125,34.5,34.8125
23/03/1994,ORCL,,,,last,BID_GREATER_THAN_ASK,,,,,,,35.0,34.0,34.5
28/03/1994,ORCL,,,,last,BID_GREATER_THAN_ASK,,,,,,,31.875,31.75,31.8125
15/04/1994,ORCL,,,,last,BID_GREATER_THAN_ASK,,,,,,,30.0,29.875,29.9375
13/05/1994,ORCL,,,,last,BID_GREATER_THAN_ASK,,,,,,,31.0,30.75,30.875
20/05/1994,ORCL,,,,last,BID_GREATER_THAN_ASK,,,,,,,31.875,31.5,31.6875
03/06/1994,ORCL,,,,last,BID_GREATER_THAN_ASK,,,,,,,37.875,37.0,37.4375
29/06/1994,ORCL,,,,last,BID_GREATER_THAN_ASK,,,,,,,37.875,37.75,37.8125
30/06/1994,ORCL,,,,last,BID_GREATER_THAN_ASK,,,,,,,37.375,37.125,37.25
08/07/1994,ORCL,,,,last,BID_GREATER_THAN_ASK,,,,,,,38.875,38.0,38.4375
13/07/1994,ORCL,,,,last,BID_GREATER_THAN_ASK,,,,,,,40.0,39.75,39.875
27/07/1994,ORCL,,,,last,BID_GREATER_THAN_ASK,,,,,,,36.75,36.0,36.375
02/08/1994,ORCL,,,,last,BID_GREATER_THAN_ASK,,,,,,,37.875,37.625,37.75
30/08/1994,ORCL,,,,last,BID_GREATER_THAN_ASK,,,,,,,43.5,42.875,43.1875
27/09/1994,ORCL,,,,last,BID_GREATER_THAN_ASK,,,,,,,42.75,42.0,42.375
28/09/1994,ORCL,,,,last,BID_GREATER_THAN_ASK,,,,,,,42.875,42.375,42.625
11/10/1994,ORCL,,,,last,BID_GREATER_THAN_ASK,,,,,,,44.375,42.875,43.625
27/10/1994,ORCL,,,,last,BID_GREATER_THAN_ASK,,,,,,,44.125,44.0,44.0625
08/11/1994,ORCL,,,,last,BID_GREATER_THAN_ASK,,,,,,,44.625,43.625,44.125
16/11/1994,ORCL,,,,last,BID_GREATER_THAN_ASK,,,,,,,44.0,43.625,43.8125
22/11/1994,ORCL,,,,last,BID_GREATER_THAN_ASK,,,,,,,41.125,39.75,40.4375
30/11/1994,ORCL,,,,last,BID_GREATER_THAN_ASK,,,,,,,41.5,41.375,41.4375
02/12/1994,ORCL,,,,last,BID_GREATER_THAN_ASK,,,,,,,40.375,39.25,39.8125
16/12/1994,ORCL,,,,last,BID_GREATER_THAN_ASK,,,,,,,39.125,38.625,38.875
31/01/1994,PEP,,,,last,BID_GREATER_THAN_ASK,,,,,,,40.5,40.375,40.4375
04/02/1994,PFE,,,,last,BID_GREATER_THAN_ASK,,,,,,,62.25,62.125,62.1875
18/03/1994,PFE,,,,last,BID_GREATER_THAN_ASK,,,,,,,57.25,57.0,57.125
15/03/1994,UNH,,,,last,BID_GREATER_THAN_ASK,,,,,,,45.0,44.875,44.9375
27/06/1994,UNH,,,,last,BID_GREATER_THAN_ASK,,,,,,,47.5,47.25,47.375
30/06/1994,UNH,,,,last,BID_GREATER_THAN_ASK,,,,,,,45.75,45.125,45.4375
06/07/1994,UNH,,,,last,BID_GREATER_THAN_ASK,,,,,,,44.375,44.25,44.3125
19/01/1994,WFC,,,,last,BID_GREATER_THAN_ASK,,,,,,,133.0,132.875,132.9375
16/05/1994,WFC,,,,last,BID_GREATER_THAN_ASK,,,,,,,144.75,144.625,144.6875
27/05/1994,WFC,,,,last,BID_GREATER_THAN_ASK,,,,,,,155.25,155.125,155.1875
24/06/1994,WFC,,,,last,BID_GREATER_THAN_ASK,,,,,,,151.5,151.375,151.4375
13/12/1994,WFC,,,,last,BID_GREATER_THAN_ASK,,,,,,,146.75,146.625,146.6875
16/12/1994,WFC,,,,last,BID_GREATER_THAN_ASK,,,,,,,145.75,145.625,145.6875
30/12/1994,WFC,,,,last,BID_GREATER_THAN_ASK,,,,,,,144.875,144.625,144.75
31/03/1994,WMT,,,,last,BID_GREATER_THAN_ASK,,,,,,,25.875,25.75,25.8125
20/05/1994,WMT,,,,last,BID_GREATER_THAN_ASK,,,,,,,23.375,23.25,23.3125
21/11/1994,WMT,,,,last,BID_GREATER_THAN_ASK,,,,,,,23.125,23.0,23.0625
16/12/1994,WMT,,,,last,BID_GREATER_THAN_ASK,,,,,,,22.875,22.75,22.8125
09/01/1995,AAPL,,,,last,BID_GREATER_THAN_ASK,,,,,,,41.625,41.25,41.4375
20/01/1995,AAPL,,,,last,BID_GREATER_THAN_ASK,,,,,,,42.875,42.625,42.75
24/01/1995,AAPL,,,,last,BID_GREATER_THAN_ASK,,,,,,,41.75,41.625,41.6875
08/02/1995,AAPL,,,,last,BID_GREATER_THAN_ASK,,,,,,,42.25,41.625,41.9375
13/02/1995,AAPL,,,,last,BID_GREATER_THAN_ASK,,,,,,,44.25,43.75,44.0
15/02/1995,AAPL,,,,last,BID_GREATER_THAN_ASK,,,,,,,42.875,42.75,42.8125
21/02/1995,AAPL,,,,last,BID_GREATER_THAN_ASK,,,,,,,41.375,41.0,41.1875
27/03/1995,AAPL,,,,last,BID_GREATER_THAN_ASK,,,,,,,37.125,36.875,37.0
30/03/1995,AAPL,,,,last,BID_GREATER_THAN_ASK,,,,,,,35.25,35.0,35.125
17/04/1995,AAPL,,,,last,BID_GREATER_THAN_ASK,,,,,,,38.875,38.5,38.6875
11/05/1995,AAPL,,,,last,BID_GREATER_THAN_ASK,,,,,,,41.25,41.0,41.125
18/05/1995,AAPL,,,,last,BID_GREATER_THAN_ASK,,,,,,,43.75,43.5,43.625
01/06/1995,AAPL,,,,last,BID_GREATER_THAN_ASK,,,,,,,42.125,41.875,42.0
06/06/1995,AAPL,,,,last,BID_GREATER_THAN_ASK,,,,,,,44.0,43.75,43.875
19/06/1995,AAPL,,,,last,BID_GREATER_THAN_ASK,,,,,,,44.25,43.875,44.0625
23/06/1995,AAPL,,,,last,BID_GREATER_THAN_ASK,,,,,,,48.5,48.0,48.25
07/07/1995,AAPL,,,,last,BID_GREATER_THAN_ASK,,,,,,,48.5,47.875,48.1875
13/07/1995,AAPL,,,,last,BID_GREATER_THAN_ASK,,,,,,,47.625,47.5,47.5625
18/07/1995,AAPL,,,,last,BID_GREATER_THAN_ASK,,,,,,,48.25,48.125,48.1875
19/07/1995,AAPL,,,,last,BID_GREATER_THAN_ASK,,,,,,,45.625,45.5,45.5625
16/08/1995,AAPL,,,,last,BID_GREATER_THAN_ASK,,,,,,,44.25,43.875,44.0625
14/09/1995,AAPL,,,,last,BID_GREATER_THAN_ASK,,,,,,,40.5,40.125,40.3125
25/09/1995,AAPL,,,,last,BID_GREATER_THAN_ASK,,,,,,,37.5,37.25,37.375
27/09/1995,AAPL,,,,last,BID_GREATER_THAN_ASK,,,,,,,36.125,35.0,35.5625
16/10/1995,AAPL,,,,last,BID_GREATER_THAN_ASK,,,,,,,36.625,36.125,36.375
14/11/1995,AAPL,,,,last,BID_GREATER_THAN_ASK,,,,,,,41.5,41.375,41.4375
15/11/1995,AAPL,,,,last,BID_GREATER_THAN_ASK,,,,,,,40.875,40.375,40.625
21/11/1995,AAPL,,,,last,BID_GREATER_THAN_ASK,,,,,,,38.375,38.0,38.1875
24/11/1995,AAPL,,,,last,BID_GREATER_THAN_ASK,,,,,,,40.125,39.875,40.0
06/12/1995,AAPL,,,,last,BID_GREATER_THAN_ASK,,,,,,,39.125,38.75,38.9375
08/12/1995,AAPL,,,,last,BID_GREATER_THAN_ASK,,,,,,,39.25,38.5,38.875
07/04/1995,BAC,,,,last,BID_GREATER_THAN_ASK,,,,,,,50.875,50.75,50.8125
24/10/1995,BAC,,,,last,BID_GREATER_THAN_ASK,,,,,,,62.75,62.625,62.6875
02/03/1995,C,,,,last,BID_GREATER_THAN_ASK,,,,,,,41.375,41.25,41.3125
12/04/1995,C,,,,last,BID_GREATER_THAN_ASK,,,,,,,49.0,48.875,48.9375
12/07/1995,C,,,,last,BID_GREATER_THAN_ASK,,,,,,,49.5,49.375,49.4375
06/11/1995,C,,,,last,BID_GREATER_THAN_ASK,,,,,,,50.375,50.25,50.3125
17/11/1995,C,,,,last,BID_GREATER_THAN_ASK,,,,,,,50.0,49.625,49.8125
06/01/1995,DIS,,,,last,BID_GREATER_THAN_ASK,,,,,,,46.0,45.875,45.9375
14/02/1995,DIS,,,,last,BID_GREATER_THAN_ASK,,,,,,,52.5,52.375,52.4375
01/08/1995,DIS,,,,last,BID_GREATER_THAN_ASK,,,,,,,61.625,61.5,61.5625
17/04/1995,GE,,,,last,BID_GREATER_THAN_ASK,,,,,,,54.125,54.0,54.0625
21/07/1995,GE,,,,last,BID_GREATER_THAN_ASK,,,,,,,59.875,59.375,59.625
17/11/1995,GE,,,,last,BID_GREATER_THAN_ASK,,,,,,,66.875,66.75,66.8125
26/04/1995,HD,,,,last,BID_GREATER_THAN_ASK,,,,,,,40.75,40.625,40.6875
09/05/1995,HD,,,,last,BID_GREATER_THAN_ASK,,,,,,,42.125,41.875,42.0
12/09/1995,HD,,,,last,BID_GREATER_THAN_ASK,,,,,,,40.5,40.25,40.375
31/10/1995,HD,,,,last,BID_GREATER_THAN_ASK,,,,,,,37.25,37.125,37.1875
19/12/1995,HD,,,,last,BID_GREATER_THAN_ASK,,,,,,,46.25,46.125,46.1875
13/01/1995,INTC,,,,last,BID_GREATER_THAN_ASK,,,,,,,68.0,67.875,67.9375
20/01/1995,INTC,,,,last,BID_GREATER_THAN_ASK,,,,,,,70.125,68.875,69.5
23/01/1995,INTC,,,,last,BID_GREATER_THAN_ASK,,,,,,,70.375,70.25,70.3125
26/01/1995,INTC,,,,last,BID_GREATER_THAN_ASK,,,,,,,70.625,70.5,70.5625
08/02/1995,INTC,,,,last,BID_GREATER_THAN_ASK,,,,,,,76.625,76.0,76.3125
09/02/1995,INTC,,,,last,BID_GREATER_THAN_ASK,,,,,,,78.375,77.625,78.0
13/02/1995,INTC,,,,last,BID_GREATER_THAN_ASK,,,,,,,77.125,77.0,77.0625
14/02/1995,INTC,,,,last,BID_GREATER_THAN_ASK,,,,,,,78.25,78.0,78.125
27/02/1995,INTC,,,,last,BID_GREATER_THAN_ASK,,,,,,,78.5,78.25,78.375
09/03/1995,INTC,,,,last,BID_GREATER_THAN_ASK,,,,,,,80.125,79.875,80.0
23/03/1995,INTC,,,,last,BID_GREATER_THAN_ASK,,,,,,,85.375,84.875,85.125
28/03/1995,INTC,,,,last,BID_GREATER_THAN_ASK,,,,,,,88.75,88.5,88.625
30/03/1995,INTC,,,,last,BID_GREATER_THAN_ASK,,,,,,,85.25,84.25,84.75
31/03/1995,INTC,,,,last,BID_GREATER_THAN_ASK,,,,,,,85.875,84.875,85.375
03/04/1995,INTC,,,,last,BID_GREATER_THAN_ASK,,,,,,,88.375,86.0,87.1875
04/04/1995,INTC,,,,last,BID_GREATER_THAN_ASK,,,,,,,88.125,86.625,87.375
12/04/1995,INTC,,,,last,BID_GREATER_THAN_ASK,,,,,,,91.625,90.375,91.0
17/04/1995,INTC,,,,last,BID_GREATER_THAN_ASK,,,,,,,94.375,94.125,94.25
27/04/1995,INTC,,,,last,BID_GREATER_THAN_ASK,,,,,,,101.125,100.625,100.875
01/05/1995,INTC,,,,last,BID_GREATER_THAN_ASK,,,,,,,104.75,104.125,104.4375
04/05/1995,INTC,,,,last,BID_GREATER_THAN_ASK,,,,,,,109.875,109.5,109.6875
09/05/1995,INTC,,,,last,BID_GREATER_THAN_ASK,,,,,,,111.25,109.625,110.4375
11/05/1995,INTC,,,,last,BID_GREATER_THAN_ASK,,,,,,,109.125,108.75,108.9375
12/05/1995,INTC,,,,last,BID_GREATER_THAN_ASK,,,,,,,110.25,108.75,109.5
16/05/1995,INTC,,,,last,BID_GREATER_THAN_ASK,,,,,,,109.875,108.875,109.375
18/05/1995,INTC,,,,last,BID_GREATER_THAN_ASK,,,,,,,113.625,110.875,112.25
19/05/1995,INTC,,,,last,BID_GREATER_THAN_ASK,,,,,,,111.375,111.0,111.1875
25/05/1995,INTC,,,,last,BID_GREATER_THAN_ASK,,,,,,,118.0,117.5,117.75
01/06/1995,INTC,,,,last,BID_GREATER_THAN_ASK,,,,,,,114.75,114.5,114.625
02/06/1995,INTC,,,,last,BID_GREATER_THAN_ASK,,,,,,,116.5,116.125,116.3125
06/06/1995,INTC,,,,last,BID_GREATER_THAN_ASK,,,,,,,113.5,112.5,113.0
08/06/1995,INTC,,,,last,BID_GREATER_THAN_ASK,,,,,,,114.125,113.875,114.0
09/06/1995,INTC,,,,last,BID_GREATER_THAN_ASK,,,,,,,112.875,112.75,112.8125
16/06/1995,INTC,,,,last,BID_GREATER_THAN_ASK,,,,,,,116.0,115.5,115.75
21/06/1995,INTC,,,,last,BID_GREATER_THAN_ASK,,,,,,,64.5,63.75,64.125
23/06/1995,INTC,,,,last,BID_GREATER_THAN_ASK,,,,,,,65.625,65.25,65.4375
26/06/1995,INTC,,,,last,BID_GREATER_THAN_ASK,,,,,,,65.0,64.625,64.8125
29/06/1995,INTC,,,,last,BID_GREATER_THAN_ASK,,,,,,,64.0,63.875,63.9375
07/07/1995,INTC,,,,last,BID_GREATER_THAN_ASK,,,,,,,68.125,68.0,68.0625
10/07/1995,INTC,,,,last,BID_GREATER_THAN_ASK,,,,,,,70.25,69.625,69.9375
17/07/1995,INTC,,,,last,BID_GREATER_THAN_ASK,,,,,,,76.375,75.875,76.125
19/07/1995,INTC,,,,last,BID_GREATER_THAN_ASK,,,,,,,65.25,63.25,64.25
21/07/1995,INTC,,,,last,BID_GREATER_THAN_ASK,,,,,,,63.375,63.0,63.1875
03/08/1995,INTC,,,,last,BID_GREATER_THAN_ASK,,,,,,,62.0,61.25,61.625
04/08/1995,INTC,,,,last,BID_GREATER_THAN_ASK,,,,,,,62.5,62.0,62.25
08/08/1995,INTC,,,,last,BID_GREATER_THAN_ASK,,,,,,,65.0,64.875,64.9375
11/08/1995,INTC,,,,last,BID_GREATER_THAN_ASK,,,,,,,66.0,65.75,65.875
15/08/1995,INTC,,,,last,BID_GREATER_THAN_ASK,,,,,,,65.5,65.375,65.4375
24/08/1995,INTC,,,,last,BID_GREATER_THAN_ASK,,,,,,,61.5,61.125,61.3125
05/09/1995,INTC,,,,last,BID_GREATER_THAN_ASK,,,,,,,63.625,62.625,63.125
06/09/1995,INTC,,,,last,BID_GREATER_THAN_ASK,,,,,,,63.375,62.625,63.0
07/09/1995,INTC,,,,last,BID_GREATER_THAN_ASK,,,,,,,65.5,65.0,65.25
11/09/1995,INTC,,,,last,BID_GREATER_THAN_ASK,,,,,,,65.875,65.75,65.8125
12/09/1995,INTC,,,,last,BID_GREATER_THAN_ASK,,,,,,,65.875,65.0,65.4375
14/09/1995,INTC,,,,last,BID_GREATER_THAN_ASK,,,,,,,64.75,63.75,64.25
15/09/1995,INTC,,,,last,BID_GREATER_THAN_ASK,,,,,,,62.125,62.0,62.0625
21/09/1995,INTC,,,,last,BID_GREATER_THAN_ASK,,,,,,,61.5,61.25,61.375
26/09/1995,INTC,,,,last,BID_GREATER_THAN_ASK,,,,,,,60.125,59.75,59.9375
29/09/1995,INTC,,,,last,BID_GREATER_THAN_ASK,,,,,,,61.875,60.25,61.0625
03/10/1995,INTC,,,,last,BID_GREATER_THAN_ASK,,,,,,,59.75,59.625,59.6875
04/10/1995,INTC,,,,last,BID_GREATER_THAN_ASK,,,,,,,59.0,58.75,58.875
11/10/1995,INTC,,,,last,BID_GREATER_THAN_ASK,,,,,,,62.75,62.625,62.6875
12/10/1995,INTC,,,,last,BID_GREATER_THAN_ASK,,,,,,,63.625,63.375,63.5
17/10/1995,INTC,,,,last,BID_GREATER_THAN_ASK,,,,,,,65.375,64.625,65.0
18/10/1995,INTC,,,,last,BID_GREATER_THAN_ASK,,,,,,,68.0,67.75,67.875
24/10/1995,INTC,,,,last,BID_GREATER_THAN_ASK,,,,,,,68.0,67.875,67.9375
31/10/1995,INTC,,,,last,BID_GREATER_THAN_ASK,,,,,,,70.5,70.0,70.25
01/11/1995,INTC,,,,last,BID_GREATER_THAN_ASK,,,,,,,70.75,70.5,70.625
02/11/1995,INTC,,,,last,BID_GREATER_THAN_ASK,,,,,,,72.875,72.75,72.8125
03/11/1995,INTC,,,,last,BID_GREATER_THAN_ASK,,,,,,,72.375,72.125,72.25
08/11/1995,INTC,,,,last,BID_GREATER_THAN_ASK,,,,,,,65.875,65.375,65.625
09/11/1995,INTC,,,,last,BID_GREATER_THAN_ASK,,,,,,,68.875,68.25,68.5625
13/11/1995,INTC,,,,last,BID_GREATER_THAN_ASK,,,,,,,67.875,67.125,67.5
16/11/1995,INTC,,,,last,BID_GREATER_THAN_ASK,,,,,,,64.125,63.0,63.5625
20/11/1995,INTC,,,,last,BID_GREATER_THAN_ASK,,,,,,,63.875,62.125,63.0
21/11/1995,INTC,,,,last,BID_GREATER_THAN_ASK,,,,,,,63.375,63.0,63.1875
29/11/1995,INTC,,,,last,BID_GREATER_THAN_ASK,,,,,,,62.875,62.375,62.625
04/12/1995,INTC,,,,last,BID_GREATER_THAN_ASK,,,,,,,62.0,61.75,61.875
08/12/1995,INTC,,,,last,BID_GREATER_THAN_ASK,,,,,,,63.125,62.125,62.625
13/12/1995,INTC,,,,last,BID_GREATER_THAN_ASK,,,,,,,62.5,62.375,62.4375
17/02/1995,JNJ,,,,last,BID_GREATER_THAN_ASK,,,,,,,56.125,55.625,55.875
04/04/1995,JNJ,,,,last,BID_GREATER_THAN_ASK,,,,,,,59.75,59.5,59.625
20/04/1995,JNJ,,,,last,BID_GREATER_THAN_ASK,,,,,,,63.0,62.875,62.9375
21/07/1995,JNJ,,,,last,BID_GREATER_THAN_ASK,,,,,,,69.25,68.625,68.9375
16/08/1995,JNJ,,,,last,BID_GREATER_THAN_ASK,,,,,,,68.125,68.0,68.0625
13/11/1995,JNJ,,,,last,BID_GREATER_THAN_ASK,,,,,,,81.625,81.125,81.375
01/12/1995,JPM,,,,last,BID_GREATER_THAN_ASK,,,,,,,80.0,79.875,79.9375
30/06/1995,KO,,,,last,BID_GREATER_THAN_ASK,,,,,,,64.0,63.875,63.9375
21/07/1995,KO,,,,last,BID_GREATER_THAN_ASK,,,,,,,65.0,64.375,64.6875
19/10/1995,KO,,,,last,BID_GREATER_THAN_ASK,,,,,,,73.5,73.375,73.4375
21/03/1995,MA,,,,last,BID_GREATER_THAN_ASK,,,,,,,35.625,35.5,35.5625
01/12/1995,MA,,,,last,BID_GREATER_THAN_ASK,,,,,,,44.0,43.875,43.9375
29/09/1995,MS,,,,last,BID_GREATER_THAN_ASK,,,,,,,96.25,96.125,96.1875
29/12/1995,MS,,,,last,BID_GREATER_THAN_ASK,,,,,,,80.5,80.25,80.375
26/04/1995,ORCL,,,,last,BID_GREATER_THAN_ASK,,,,,,,29.5,29.0,29.25
23/06/1995,ORCL,,,,last,BID_GREATER_THAN_ASK,,,,,,,39.125,39.0,39.0625
20/07/1995,ORCL,,,,last,BID_GREATER_THAN_ASK,,,,,,,38.25,37.875,38.0625
12/09/1995,ORCL,,,,last,BID_GREATER_THAN_ASK,,,,,,,44.75,44.125,44.4375
15/09/1995,ORCL,,,,last,BID_GREATER_THAN_ASK,,,,,,,37.875,37.625,37.75
03/10/1995,ORCL,,,,last,BID_GREATER_THAN_ASK,,,,,,,38.5,37.875,38.1875
12/10/1995,ORCL,,,,last,BID_GREATER_THAN_ASK,,,,,,,39.75,38.875,39.3125
13/10/1995,ORCL,,,,last,BID_GREATER_THAN_ASK,,,,,,,39.5,39.25,39.375
23/10/1995,ORCL,,,,last,BID_GREATER_THAN_ASK,,,,,,,44.125,42.75,43.4375
27/10/1995,ORCL,,,,last,BID_GREATER_THAN_ASK,,,,,,,43.125,42.25,42.6875
08/11/1995,ORCL,,,,last,BID_GREATER_THAN_ASK,,,,,,,45.125,44.875,45.0
13/11/1995,ORCL,,,,last,BID_GREATER_THAN_ASK,,,,,,,47.125,46.125,46.625
20/12/1995,ORCL,,,,last,BID_GREATER_THAN_ASK,,,,,,,45.875,43.0,44.4375
21/02/1995,PEP,,,,last,BID_GREATER_THAN_ASK,,,,,,,39.0,38.875,38.9375
21/04/1995,PEP,,,,last,BID_GREATER_THAN_ASK,,,,,,,41.25,41.125,41.1875
18/05/1995,PEP,,,,last,BID_GREATER_THAN_ASK,,,,,,,44.25,44.125,44.1875
15/11/1995,PEP,,,,last,BID_GREATER_THAN_ASK,,,,,,,53.875,53.75,53.8125
20/06/1995,PFE,,,,last,BID_GREATER_THAN_ASK,,,,,,,89.125,89.0,89.0625
11/08/1995,PFE,,,,last,BID_GREATER_THAN_ASK,,,,,,,49.125,49.0,49.0625
13/10/1995,PFE,,,,last,BID_GREATER_THAN_ASK,,,,,,,57.375,57.25,57.3125
04/04/1995,UNH,,,,last,BID_GREATER_THAN_ASK,,,,,,,46.25,46.125,46.1875
13/07/1995,UNH,,,,last,BID_GREATER_THAN_ASK,,,,,,,44.375,44.25,44.3125
19/07/1995,UNH,,,,last,BID_GREATER_THAN_ASK,,,,,,,43.125,43.0,43.0625
21/07/1995,UNH,,,,last,BID_GREATER_THAN_ASK,,,,,,,44.0,43.875,43.9375
29/12/1995,UNH,,,,last,BID_GREATER_THAN_ASK,,,,,,,65.375,65.25,65.3125
27/01/1995,WFC,,,,last,BID_GREATER_THAN_ASK,,,,,,,147.875,147.5,147.6875
30/06/1995,WFC,,,,last,BID_GREATER_THAN_ASK,,,,,,,181.375,180.375,180.875
09/10/1995,WFC,,,,last,BID_GREATER_THAN_ASK,,,,,,,201.125,200.875,201.0
25/10/1995,WFC,,,,last,BID_GREATER_THAN_ASK,,,,,,,207.5,207.375,207.4375
19/01/1996,AAPL,,,,last,BID_GREATER_THAN_ASK,,,,,,,31.125,29.875,30.5
25/01/1996,AAPL,,,,last,BID_GREATER_THAN_ASK,,,,,,,31.125,30.375,30.75
29/01/1996,AAPL,,,,last,BID_GREATER_THAN_ASK,,,,,,,30.25,29.25,29.75
08/02/1996,AAPL,,,,last,BID_GREATER_THAN_ASK,,,,,,,28.0,27.875,27.9375
20/02/1996,AAPL,,,,last,BID_GREATER_THAN_ASK,,,,,,,28.875,28.125,28.5
01/08/1996,AAPL,,,,last,BID_GREATER_THAN_ASK,,,,,,,21.875,21.25,21.5625
20/12/1996,AAPL,,,,last,BID_GREATER_THAN_ASK,,,,,,,23.5,22.375,22.9375
09/01/1996,BAC,,,,last,BID_GREATER_THAN_ASK,,,,,,,61.0,60.875,60.9375
03/06/1996,BAC,,,,last,BID_GREATER_THAN_ASK,,,,,,,75.125,75.0,75.0625
15/07/1996,BAC,,,,last,BID_GREATER_THAN_ASK,,,,,,,75.25,75.0,75.125
16/07/1996,BAC,,,,last,BID_GREATER_THAN_ASK,,,,,,,75.125,75.0,75.0625
01/08/1996,BAC,,,,last,BID_GREATER_THAN_ASK,,,,,,,81.875,81.625,81.75
03/12/1996,BAC,,,,last,BID_GREATER_THAN_ASK,,,,,,,98.75,98.375,98.5625
20/12/1996,BAC,,,,last,BID_GREATER_THAN_ASK,,,,,,,103.0,102.875,102.9375
22/01/1996,C,,,,last,BID_GREATER_THAN_ASK,,,,,,,57.625,57.5,57.5625
15/03/1996,C,,,,last,BID_GREATER_THAN_ASK,,,,,,,61.75,61.375,61.5625
11/04/1996,C,,,,last,BID_GREATER_THAN_ASK,,,,,,,60.125,60.0,60.0625
16/05/1996,C,,,,last,BID_GREATER_THAN_ASK,,,,,,,67.125,67.0,67.0625
28/06/1996,C,,,,last,BID_GREATER_THAN_ASK,,,,,,,62.625,62.25,62.4375
29/01/1996,DIS,,,,last,BID_GREATER_THAN_ASK,,,,,,,62.0,61.875,61.9375
09/02/1996,DIS,,,,last,BID_GREATER_THAN_ASK,,,,,,,62.625,62.375,62.5
12/04/1996,DIS,,,,last,BID_GREATER_THAN_ASK,,,,,,,61.125,61.0,61.0625
28/05/1996,DIS,,,,last,BID_GREATER_THAN_ASK,,,,,,,62.25,62.125,62.1875
25/06/1996,DIS,,,,last,BID_GREATER_THAN_ASK,,,,,,,63.0,62.875,62.9375
09/10/1996,GE,,,,last,BID_GREATER_THAN_ASK,,,,,,,92.75,92.625,92.6875
06/11/1996,GE,,,,last,BID_GREATER_THAN_ASK,,,,,,,101.5,101.375,101.4375
05/06/1996,HD,,,,last,BID_GREATER_THAN_ASK,,,,,,,56.125,56.0,56.0625
29/10/1996,HD,,,,last,BID_GREATER_THAN_ASK,,,,,,,54.875,54.75,54.8125
15/01/1996,INTC,,,,last,BID_GREATER_THAN_ASK,,,,,,,54.625,53.5,54.0625
01/02/1996,INTC,,,,last,BID_GREATER_THAN_ASK,,,,,,,56.125,56.0,56.0625
13/02/1996,INTC,,,,last,BID_GREATER_THAN_ASK,,,,,,,57.75,57.125,57.4375
15/02/1996,INTC,,,,last,BID_GREATER_THAN_ASK,,,,,,,58.125,57.5,57.8125
21/02/1996,INTC,,,,last,BID_GREATER_THAN_ASK,,,,,,,59.125,58.5,58.8125
22/02/1996,INTC,,,,last,BID_GREATER_THAN_ASK,,,,,,,60.875,59.5,60.1875
28/02/1996,INTC,,,,last,BID_GREATER_THAN_ASK,,,,,,,61.25,60.75,61.0
29/02/1996,INTC,,,,last,BID_GREATER_THAN_ASK,,,,,,,59.25,58.875,59.0625
13/03/1996,INTC,,,,last,BID_GREATER_THAN_ASK,,,,,,,56.5,56.125,56.3125
09/04/1996,INTC,,,,last,BID_GREATER_THAN_ASK,,,,,,,61.875,61.375,61.625
10/04/1996,INTC,,,,last,BID_GREATER_THAN_ASK,,,,,,,62.375,61.875,62.125
22/04/1996,INTC,,,,last,BID_GREATER_THAN_ASK,,,,,,,67.625,67.25,67.4375
01/05/1996,INTC,,,,last,BID_GREATER_THAN_ASK,,,,,,,68.0,67.875,67.9375
07/05/1996,INTC,,,,last,BID_GREATER_THAN_ASK,,,,,,,69.0,68.0,68.5
09/05/1996,INTC,,,,last,BID_GREATER_THAN_ASK,,,,,,,69.25,68.75,69.0
23/05/1996,INTC,,,,last,BID_GREATER_THAN_ASK,,,,,,,71.375,70.875,71.125
28/05/1996,INTC,,,,last,BID_GREATER_THAN_ASK,,,,,,,72.5,72.375,72.4375
05/06/1996,INTC,,,,last,BID_GREATER_THAN_ASK,,,,,,,76.75,76.0,76.375
06/06/1996,INTC,,,,last,BID_GREATER_THAN_ASK,,,,,,,76.25,75.25,75.75
14/06/1996,INTC,,,,last,BID_GREATER_THAN_ASK,,,,,,,73.5,73.125,73.3125
25/06/1996,INTC,,,,last,BID_GREATER_THAN_ASK,,,,,,,73.625,73.0,73.3125
12/07/1996,INTC,,,,last,BID_GREATER_THAN_ASK,,,,,,,71.125,70.625,70.875
19/07/1996,INTC,,,,last,BID_GREATER_THAN_ASK,,,,,,,72.75,72.375,72.5625
23/07/1996,INTC,,,,last,BID_GREATER_THAN_ASK,,,,,,,70.0,69.5,69.75
25/07/1996,INTC,,,,last,BID_GREATER_THAN_ASK,,,,,,,72.0,71.0,71.5
26/07/1996,INTC,,,,last,BID_GREATER_THAN_ASK,,,,,,,74.125,73.0,73.5625
01/08/1996,INTC,,,,last,BID_GREATER_THAN_ASK,,,,,,,76.875,75.875,76.375
