date,violation_count,mean_bid_minus_ask,max_abs_bid_ask_inversion,quote_set
1993-02-12,2,0.4375,0.5,1pm
1993-04-11,2,0.5625,0.875,1pm
1993-07-10,1,0.125,0.125,1pm
1993-08-09,2,1.4375,1.625,1pm
1993-08-11,1,1.625,1.625,1pm
1993-09-11,1,0.5,0.5,1pm
1993-10-12,1,0.5,0.5,1pm
1994-01-11,1,0.125,0.125,1pm
1994-01-12,1,0.375,0.375,1pm
1994-02-03,1,0.125,0.125,1pm
1994-03-01,2,0.4375,0.625,1pm
1994-03-06,1,0.875,0.875,1pm
1994-03-11,1,0.125,0.125,1pm
1994-04-08,1,0.75,0.75,1pm
1994-05-01,1,0.125,0.125,1pm
1994-05-08,1,0.125,0.125,1pm
1994-05-10,1,0.375,0.375,1pm
1994-06-10,1,0.25,0.25,1pm
1994-06-12,1,0.375,0.375,1pm
1994-07-01,1,0.875,0.875,1pm
1994-07-03,1,0.25,0.25,1pm
1994-07-10,2,0.3125,0.5,1pm
1994-07-12,1,0.25,0.25,1pm
1994-08-02,1,0.25,0.25,1pm
1994-08-07,1,0.25,0.25,1pm
1994-08-08,1,0.75,0.75,1pm
1994-08-11,1,0.75,0.75,1pm
1994-09-06,1,0.875,0.875,1pm
1994-10-01,1,1.125,1.125,1pm
1994-10-06,1,0.125,0.125,1pm
1994-11-10,2,1.125,1.25,1pm
1995-01-02,1,0.375,0.375,1pm
1995-01-06,1,0.375,0.375,1pm
1995-01-11,1,0.375,0.375,1pm
1995-02-02,1,0.375,0.375,1pm
1995-03-08,1,0.375,0.375,1pm
1995-03-11,1,0.25,0.25,1pm
1995-04-04,1,0.25,0.25,1pm
1995-04-10,1,0.375,0.375,1pm
1995-05-10,1,0.5,0.5,1pm
1995-05-12,1,0.5,0.5,1pm
1995-06-01,1,0.375,0.375,1pm
1995-06-04,2,0.625,1.125,1pm
1995-06-06,2,0.625,1.0,1pm
1995-06-09,1,0.375,0.375,1pm
1995-06-10,2,0.5,0.625,1pm
1995-06-12,1,0.25,0.25,1pm
1995-07-03,1,1.25,1.25,1pm
1995-07-09,1,0.625,0.625,1pm
1995-07-11,1,0.375,0.375,1pm
1995-07-12,1,0.125,0.125,1pm
1995-08-02,1,0.25,0.25,1pm
1995-08-06,1,0.125,0.125,1pm
1995-08-09,1,0.125,0.125,1pm
1995-09-01,1,0.25,0.25,1pm
1995-09-05,1,0.125,0.125,1pm
1995-09-11,1,0.25,0.25,1pm
1995-10-10,1,0.625,0.625,1pm
1995-11-05,2,0.8125,1.0,1pm
1995-12-04,1,0.5,0.5,1pm
1995-12-05,1,0.375,0.375,1pm
1995-12-06,1,0.125,0.125,1pm
1995-12-09,2,0.4375,0.5,1pm
1995-12-10,2,0.5625,0.75,1pm
1996-01-08,2,0.25,0.375,1pm
1996-01-11,1,0.375,0.375,1pm
1996-03-06,1,0.25,0.25,1pm
1996-03-09,10,0.4875,1.5,1pm
1996-04-10,1,0.625,0.625,1pm
1996-05-11,1,0.375,0.375,1pm
1996-06-02,1,0.5,0.5,1pm
1996-06-12,1,0.5,0.5,1pm
1996-07-05,1,1.0,1.0,1pm
1996-07-08,1,0.5,0.5,1pm
1996-08-02,1,0.125,0.125,1pm
1996-08-04,1,0.125,0.125,1pm
1996-09-04,1,0.5,0.5,1pm
1996-10-07,1,0.375,0.375,1pm
1996-10-10,1,0.25,0.25,1pm
1996-11-01,1,0.375,0.375,1pm
1996-12-04,1,0.375,0.375,1pm
1996-12-08,1,1.625,1.625,1pm
1996-12-11,1,0.25,0.25,1pm
1997-01-05,2,0.3125,0.5,1pm
1997-01-12,1,0.625,0.625,1pm
1997-02-05,1,1.0,1.0,1pm
1997-03-01,1,4.125,4.125,1pm
1997-06-06,1,0.75,0.75,1pm
1997-06-11,1,0.125,0.125,1pm
1997-07-04,1,3.125,3.125,1pm
1997-07-11,1,0.015619999999998413,0.015619999999998413,1pm
1997-08-07,1,0.875,0.875,1pm
1997-09-04,1,0.125,0.125,1pm
1997-09-06,1,1.0625,1.0625,1pm
1997-09-07,1,2.3125,2.3125,1pm
1997-11-02,1,2.75,2.75,1pm
1997-11-04,1,0.25,0.25,1pm
1997-11-12,1,0.125,0.125,1pm
1997-12-12,1,0.125,0.125,1pm
1998-01-07,1,0.5,0.5,1pm
1998-01-09,1,1.125,1.125,1pm
1998-01-12,2,0.78125,1.25,1pm
1998-02-02,1,0.0625,0.0625,1pm
1998-02-12,1,0.25,0.25,1pm
1998-03-08,1,0.4375,0.4375,1pm
1998-03-09,1,0.25,0.25,1pm
1998-03-12,1,0.0625,0.0625,1pm
1998-04-08,2,0.46875,0.5625,1pm
1998-04-09,2,0.625,0.875,1pm
1998-04-12,1,0.0625,0.0625,1pm
1998-05-06,1,1.375,1.375,1pm
1998-05-08,2,1.03125,1.1875,1pm
1998-05-10,2,0.3125,0.5,1pm
1998-05-11,2,0.09375,0.125,1pm
1998-06-04,1,0.0625,0.0625,1pm
1998-06-07,2,5.6875,11.0,1pm
1998-06-08,2,0.1875,0.3125,1pm
1998-07-04,1,0.125,0.125,1pm
1998-07-05,1,0.0625,0.0625,1pm
1998-07-10,1,8.875,8.875,1pm
1998-07-12,1,0.1875,0.1875,1pm
1998-08-01,1,0.3125,0.3125,1pm
1998-08-05,1,0.1875,0.1875,1pm
1998-08-07,2,5.34375,10.5625,1pm
1998-08-09,1,0.0625,0.0625,1pm
1998-08-10,2,0.1875,0.3125,1pm
1998-08-12,3,0.125,0.1875,1pm
1998-09-02,1,0.25,0.25,1pm
1998-09-07,1,0.4375,0.4375,1pm
1998-09-09,1,2.5,2.5,1pm
1998-09-10,3,0.8541666666666666,1.6875,1pm
1998-09-11,1,0.4375,0.4375,1pm
1998-10-02,1,0.125,0.125,1pm
1998-10-06,1,0.125,0.125,1pm
1998-10-11,2,0.1875,0.25,1pm
1998-11-08,2,0.28125,0.5,1pm
1998-11-09,1,0.4375,0.4375,1pm
1998-11-12,1,0.0625,0.0625,1pm
1998-12-01,2,0.0625,0.0625,1pm
1998-12-05,1,0.25,0.25,1pm
1998-12-06,1,0.4375,0.4375,1pm
1998-12-08,1,0.1875,0.1875,1pm
1998-12-10,1,1.375,1.375,1pm
1998-12-11,1,1.8125,1.8125,1pm
1999-01-03,1,0.4375,0.4375,1pm
1999-01-06,1,0.1875,0.1875,1pm
1999-01-07,2,0.1875,0.1875,1pm
1999-01-09,2,0.15625,0.1875,1pm
1999-01-10,3,0.2708333333333333,0.4375,1pm
1999-01-11,2,0.375,0.5,1pm
1999-01-12,2,0.375,0.625,1pm
1999-02-02,1,1.0625,1.0625,1pm
1999-02-03,1,0.75,0.75,1pm
1999-02-06,2,0.125,0.1875,1pm
1999-02-07,1,0.0625,0.0625,1pm
1999-03-03,2,0.09375,0.125,1pm
1999-03-08,2,0.46875,0.75,1pm
1999-03-09,3,0.1875,0.4375,1pm
1999-03-11,2,0.34375,0.625,1pm
1999-03-12,1,0.125,0.125,1pm
1999-04-05,1,0.5,0.5,1pm
1999-04-06,2,0.09375,0.125,1pm
1999-04-08,2,0.0625,0.0625,1pm
1999-04-10,1,0.1875,0.1875,1pm
1999-04-11,1,0.0625,0.0625,1pm
1999-05-01,1,0.25,0.25,1pm
1999-05-02,1,0.75,0.75,1pm
1999-05-03,2,0.09375,0.125,1pm
1999-05-05,1,1.0,1.0,1pm
1999-05-08,2,0.125,0.125,1pm
1999-06-01,1,0.6875,0.6875,1pm
1999-06-07,1,0.125,0.125,1pm
1999-06-08,1,0.0625,0.0625,1pm
1999-06-10,1,0.0625,0.0625,1pm
1999-06-12,2,0.65625,0.8125,1pm
1999-07-01,1,0.1875,0.1875,1pm
1999-07-06,1,0.0625,0.0625,1pm
1999-07-09,1,0.1875,0.1875,1pm
1999-07-10,2,0.15625,0.25,1pm
1999-08-01,2,0.125,0.1875,1pm
1999-08-02,1,0.5,0.5,1pm
1999-08-04,1,0.25,0.25,1pm
1999-08-06,1,0.125,0.125,1pm
1999-08-07,5,0.1625,0.3125,1pm
1999-08-10,1,0.375,0.375,1pm
1999-08-11,1,0.75,0.75,1pm
1999-08-12,3,0.1875,0.3125,1pm
1999-09-02,2,0.21875,0.25,1pm
1999-09-03,1,0.125,0.125,1pm
1999-09-06,1,0.0625,0.0625,1pm
1999-09-08,1,0.375,0.375,1pm
1999-09-09,2,0.3125,0.4375,1pm
1999-09-12,2,0.21875,0.25,1pm
1999-10-02,2,0.25,0.375,1pm
1999-10-03,1,0.25,0.25,1pm
1999-10-05,1,0.5,0.5,1pm
1999-10-06,2,0.1875,0.25,1pm
1999-10-09,1,0.125,0.125,1pm
1999-10-11,2,0.25,0.3125,1pm
1999-10-12,1,0.0625,0.0625,1pm
1999-11-01,2,0.125,0.125,1pm
1999-11-02,1,0.0625,0.0625,1pm
1999-11-03,1,0.25,0.25,1pm
1999-11-05,1,0.75,0.75,1pm
1999-11-06,2,0.25,0.4375,1pm
1999-11-08,1,0.125,0.125,1pm
1999-11-11,1,0.0625,0.0625,1pm
1999-12-01,4,0.4375,0.9375,1pm
1999-12-03,1,0.0625,0.0625,1pm
1999-12-04,1,0.0625,0.0625,1pm
1999-12-05,2,0.21875,0.25,1pm
1999-12-07,2,0.15625,0.25,1pm
1999-12-08,1,0.0625,0.0625,1pm
1999-12-11,2,0.4375,0.625,1pm
2000-01-02,2,0.15625,0.1875,1pm
2000-01-05,1,0.0625,0.0625,1pm
2000-01-06,3,0.4583333333333333,0.875,1pm
2000-01-11,3,0.25,0.4375,1pm
2000-01-12,2,0.3125,0.5625,1pm
2000-02-02,1,0.25,0.25,1pm
2000-02-03,2,0.59375,0.75,1pm
2000-02-05,3,0.22916666666666666,0.375,1pm
2000-02-06,1,0.5625,0.5625,1pm
2000-02-10,1,0.1875,0.1875,1pm
2000-02-11,3,0.4166666666666667,1.0,1pm
2000-03-03,1,0.3125,0.3125,1pm
2000-03-04,1,0.25,0.25,1pm
2000-03-05,1,0.125,0.125,1pm
2000-03-07,3,0.3541666666666667,0.8125,1pm
2000-03-08,2,0.125,0.1875,1pm
2000-03-10,1,0.125,0.125,1pm
2000-03-11,1,0.875,0.875,1pm
2000-04-01,2,0.0625,0.0625,1pm
2000-04-02,1,0.0625,0.0625,1pm
2000-04-04,3,0.8333333333333334,1.3125,1pm
2000-04-05,1,0.5,0.5,1pm
2000-04-08,2,0.15625,0.25,1pm
2000-04-10,3,0.25,0.5,1pm
2000-04-12,1,0.0625,0.0625,1pm
2000-05-04,4,0.25,0.625,1pm
2000-05-05,1,1.375,1.375,1pm
2000-05-06,2,0.3125,0.3125,1pm
2000-05-07,3,0.08333333333333333,0.125,1pm
2000-05-09,1,0.0625,0.0625,1pm
2000-05-10,1,0.0625,0.0625,1pm
2000-05-12,1,2.5625,2.5625,1pm
2000-06-01,3,0.40625,0.75,1pm
2000-06-07,2,0.34375,0.4375,1pm
2000-06-09,2,0.09375,0.125,1pm
2000-06-10,1,0.25,0.25,1pm
2000-06-11,2,0.125,0.1875,1pm
2000-06-12,1,0.0625,0.0625,1pm
2000-07-01,1,3.5,3.5,1pm
2000-07-02,1,0.1875,0.1875,1pm
2000-07-03,1,0.4375,0.4375,1pm
2000-07-04,3,0.3125,0.5625,1pm
2000-07-06,1,0.1875,0.1875,1pm
2000-07-07,1,0.25,0.25,1pm
2000-07-08,1,0.5,0.5,1pm
2000-07-09,2,0.28125,0.5,1pm
2000-07-11,1,0.0625,0.0625,1pm
2000-07-12,2,0.21875,0.25,1pm
2000-08-02,3,0.3125,0.5,1pm
2000-08-03,2,0.21875,0.25,1pm
2000-08-06,1,0.3125,0.3125,1pm
2000-08-08,1,0.0625,0.0625,1pm
2000-08-11,1,0.25,0.25,1pm
2000-08-12,1,0.25,0.25,1pm
2000-09-02,3,0.14583333333333334,0.25,1pm
2000-09-03,2,0.6875,0.75,1pm
2000-09-06,2,0.40625,0.75,1pm
2000-09-08,1,0.125,0.125,1pm
2000-09-11,1,1.25,1.25,1pm
2000-10-01,1,0.0625,0.0625,1pm
2000-10-02,2,0.34375,0.375,1pm
2000-10-03,1,0.125,0.125,1pm
2000-10-04,2,0.46875,0.75,1pm
2000-10-05,1,0.0625,0.0625,1pm
2000-10-07,1,0.0625,0.0625,1pm
2000-10-08,2,0.09375,0.125,1pm
2000-10-10,1,0.625,0.625,1pm
2000-10-11,3,0.20833333333333334,0.3125,1pm
2000-11-01,1,0.0625,0.0625,1pm
2000-11-02,1,0.1875,0.1875,1pm
2000-11-04,3,0.3958333333333333,0.8125,1pm
2000-11-05,1,0.4375,0.4375,1pm
2000-11-07,1,0.1875,0.1875,1pm
2000-11-09,1,0.1875,0.1875,1pm
2000-11-10,2,0.40625,0.75,1pm
2000-11-12,1,0.0625,0.0625,1pm
2000-12-01,3,0.3541666666666667,0.5625,1pm
2000-12-04,1,0.0625,0.0625,1pm
2000-12-06,1,0.0625,0.0625,1pm
2000-12-09,1,0.0625,0.0625,1pm
2000-12-10,1,0.25,0.25,1pm
2000-12-12,1,0.4375,0.4375,1pm
2001-01-02,7,0.21464285714285783,0.480000000000004,1pm
2001-01-03,1,0.0625,0.0625,1pm
2001-01-05,2,0.3649999999999993,0.7199999999999989,1pm
2001-01-06,1,0.019999999999999574,0.019999999999999574,1pm
2001-01-08,2,0.02999999999999936,0.03999999999999915,1pm
2001-01-10,3,0.05000000000000071,0.09999999999999964,1pm
2001-01-11,2,0.024999999999999467,0.029999999999997584,1pm
2001-02-01,1,0.0625,0.0625,1pm
2001-02-02,1,0.0625,0.0625,1pm
2001-02-03,2,0.15625,0.1875,1pm
2001-02-04,1,0.1875,0.1875,1pm
2001-02-05,4,0.09999999999999964,0.18999999999999773,1pm
2001-02-07,3,0.04000000000000211,0.0600000000000005,1pm
2001-02-08,3,0.0266666666666661,0.03999999999999915,1pm
2001-02-10,2,0.055000000000000604,0.10000000000000142,1pm
2001-02-11,2,0.04499999999999993,0.07000000000000028,1pm
2001-03-04,2,0.3637499999999996,0.6875,1pm
2001-03-05,2,0.0600000000000005,0.08999999999999986,1pm
2001-03-07,1,0.0799999999999983,0.0799999999999983,1pm
2001-03-08,1,0.030000000000001137,0.030000000000001137,1pm
2001-03-10,1,0.18999999999999773,0.18999999999999773,1pm
2001-03-12,1,0.10000000000000142,0.10000000000000142,1pm
2001-04-01,2,0.0625,0.0625,1pm
2001-04-04,2,0.08750000000000036,0.125,1pm
2001-04-05,3,0.12000000000000217,0.21000000000000796,1pm
2001-04-06,1,0.07000000000000028,0.07000000000000028,1pm
2001-04-10,1,0.009999999999999787,0.009999999999999787,1pm
2001-04-12,3,0.03666666666666766,0.05000000000000426,1pm
2001-05-01,1,0.1875,0.1875,1pm
2001-05-06,3,0.10333333333333172,0.21000000000000085,1pm
2001-05-07,2,0.07000000000000561,0.13000000000000966,1pm
2001-05-09,2,0.129999999999999,0.21999999999999886,1pm
2001-05-10,1,0.009999999999999787,0.009999999999999787,1pm
2001-05-11,2,0.015000000000000568,0.019999999999999574,1pm
2001-06-04,2,0.13625000000000043,0.21000000000000085,1pm
2001-06-06,1,0.030000000000001137,0.030000000000001137,1pm
2001-06-07,4,0.0900000000000003,0.17999999999999972,1pm
2001-06-09,1,0.049999999999998934,0.049999999999998934,1pm
2001-06-11,2,0.1349999999999989,0.22999999999999687,1pm
2001-06-12,5,0.33199999999999896,1.4299999999999997,1pm
2001-07-03,2,1.0625,2.0,1pm
2001-07-05,3,0.06333333333333258,0.129999999999999,1pm
2001-07-08,1,0.08000000000000007,0.08000000000000007,1pm
2001-07-09,5,0.09000000000000127,0.3299999999999983,1pm
2001-07-12,2,0.43999999999999684,0.8499999999999943,1pm
2001-08-01,2,0.5625,0.8125,1pm
2001-08-02,1,0.1875,0.1875,1pm
2001-08-05,1,0.02000000000000135,0.02000000000000135,1pm
2001-08-08,2,0.014999999999997016,0.01999999999999602,1pm
2001-08-10,3,0.10000000000000082,0.23000000000000398,1pm
2001-08-11,1,0.03999999999999915,0.03999999999999915,1pm
2001-09-01,2,0.6875,1.25,1pm
2001-09-02,1,0.375,0.375,1pm
2001-09-03,2,0.0625,0.0625,1pm
2001-09-04,3,0.05666666666666487,0.05999999999999872,1pm
2001-09-05,4,0.10250000000000004,0.18999999999999773,1pm
2001-09-07,1,0.14000000000000057,0.14000000000000057,1pm
2001-09-08,1,0.3400000000000034,0.3400000000000034,1pm
2001-09-10,1,0.019999999999999574,0.019999999999999574,1pm
2001-09-11,3,0.03666666666666648,0.0799999999999983,1pm
2001-10-01,3,0.125,0.1875,1pm
2001-10-04,1,0.3499999999999943,0.3499999999999943,1pm
2001-10-05,1,0.23000000000000043,0.23000000000000043,1pm
2001-10-07,2,0.2800000000000029,0.3000000000000007,1pm
2001-10-08,4,0.14249999999999874,0.29999999999999716,1pm
2001-10-09,1,0.049999999999998934,0.049999999999998934,1pm
2001-10-12,2,0.08000000000000007,0.129999999999999,1pm
2001-11-01,1,0.125,0.125,1pm
2001-11-04,2,0.07500000000000462,0.13000000000000966,1pm
2001-11-05,3,0.1733333333333332,0.3400000000000034,1pm
2001-11-06,1,0.4200000000000017,0.4200000000000017,1pm
2001-11-07,1,0.03999999999999915,0.03999999999999915,1pm
2001-11-10,3,0.023333333333333428,0.030000000000001137,1pm
2001-11-12,4,0.04500000000000037,0.060000000000002274,1pm
2001-12-02,2,0.3125,0.4375,1pm
2001-12-03,2,0.1875,0.25,1pm
2001-12-04,4,0.059999999999999165,0.18999999999999773,1pm
2001-12-06,1,0.019999999999999574,0.019999999999999574,1pm
2001-12-07,1,0.12000000000000455,0.12000000000000455,1pm
2001-12-10,17,0.556470588235295,1.3700000000000045,1pm
2001-12-11,1,0.21000000000000085,0.21000000000000085,1pm
2001-12-12,1,0.0600000000000005,0.0600000000000005,1pm
2002-01-02,1,0.030000000000001137,0.030000000000001137,1pm
2002-01-03,2,0.245000000000001,0.38000000000000256,1pm
2002-01-04,2,0.17999999999999972,0.21999999999999886,1pm
2002-01-05,2,0.06999999999999851,0.0799999999999983,1pm
2002-01-07,1,0.08000000000000007,0.08000000000000007,1pm
2002-01-10,1,0.009999999999999787,0.009999999999999787,1pm
2002-02-01,1,0.12000000000000455,0.12000000000000455,1pm
2002-02-04,3,0.120000000000001,0.23999999999999844,1pm
2002-02-05,3,0.23333333333333428,0.6400000000000006,1pm
2002-02-07,2,0.019999999999999574,0.019999999999999574,1pm
2002-02-10,2,0.09499999999999975,0.16000000000000014,1pm
2002-02-12,1,0.03999999999999915,0.03999999999999915,1pm
2002-03-01,2,0.2499999999999991,0.4399999999999977,1pm
2002-03-04,3,0.1066666666666644,0.23999999999999488,1pm
2002-03-05,1,0.030000000000001137,0.030000000000001137,1pm
2002-03-07,1,0.00999999999999801,0.00999999999999801,1pm
2002-03-09,1,0.030000000000001137,0.030000000000001137,1pm
2002-04-01,4,0.052500000000002434,0.12000000000000455,1pm
2002-04-02,1,0.009999999999999787,0.009999999999999787,1pm
2002-04-03,4,0.3899999999999988,1.259999999999998,1pm
2002-04-04,2,0.3899999999999988,0.75,1pm
2002-04-06,2,0.125,0.1999999999999993,1pm
2002-04-09,2,0.1800000000000006,0.33000000000000007,1pm
2002-04-10,2,0.054999999999999716,0.08999999999999986,1pm
2002-05-02,4,0.17749999999999932,0.4099999999999966,1pm
2002-05-03,1,0.22999999999999687,0.22999999999999687,1pm
2002-05-04,2,0.34000000000000163,0.4400000000000013,1pm
2002-05-07,4,0.17999999999999794,0.48999999999999844,1pm
2002-05-08,2,0.16500000000000092,0.22000000000000064,1pm
2002-05-09,1,0.14000000000000057,0.14000000000000057,1pm
2002-06-02,2,0.3899999999999997,0.759999999999998,1pm
2002-06-03,4,0.3199999999999994,0.9600000000000009,1pm
2002-06-05,1,0.269999999999996,0.269999999999996,1pm
2002-06-06,1,0.05999999999999872,0.05999999999999872,1pm
2002-06-08,1,0.39000000000000057,0.39000000000000057,1pm
2002-06-09,1,0.07000000000000028,0.07000000000000028,1pm
2002-06-11,1,0.00999999999999801,0.00999999999999801,1pm
2002-07-01,1,0.14000000000000057,0.14000000000000057,1pm
2002-07-02,2,0.2400000000000002,0.46000000000000085,1pm
2002-07-03,1,0.22000000000000242,0.22000000000000242,1pm
2002-07-05,1,0.030000000000001137,0.030000000000001137,1pm
2002-07-06,2,0.02499999999999858,0.03999999999999915,1pm
2002-07-08,1,0.16999999999999993,0.16999999999999993,1pm
2002-08-01,1,0.0899999999999892,0.0899999999999892,1pm
2002-08-02,3,1.120000000000001,3.1000000000000014,1pm
2002-08-03,5,0.23800000000000168,0.7700000000000031,1pm
2002-08-05,2,0.1150000000000011,0.22000000000000242,1pm
2002-08-08,1,0.009999999999999787,0.009999999999999787,1pm
2002-08-10,1,0.040000000000000924,0.040000000000000924,1pm
2002-09-04,2,0.014999999999998792,0.01999999999999602,1pm
2002-09-05,2,0.24499999999999922,0.36999999999999744,1pm
2002-09-07,3,0.20666666666666758,0.40000000000000213,1pm
2002-09-08,1,0.11999999999999922,0.11999999999999922,1pm
2002-09-09,2,0.09000000000000075,0.13000000000000078,1pm
2002-09-10,3,0.029999999999998767,0.05000000000000071,1pm
2002-10-01,1,0.010000000000001563,0.010000000000001563,1pm
2002-10-04,2,2.1499999999999995,4.219999999999999,1pm
2002-10-05,2,0.1800000000000015,0.23000000000000398,1pm
2002-10-06,4,0.040000000000000036,0.10000000000000142,1pm
2002-10-09,2,0.09499999999999975,0.11999999999999922,1pm
2002-10-10,2,0.020000000000000462,0.030000000000001137,1pm
2002-11-01,4,0.0825000000000009,0.22000000000000242,1pm
2002-11-02,3,0.18333333333333357,0.519999999999996,1pm
2002-11-03,2,0.14999999999999858,0.1700000000000017,1pm
2002-11-04,2,0.17999999999999972,0.28999999999999915,1pm
2002-11-06,3,0.1033333333333341,0.2700000000000031,1pm
2002-11-07,2,0.09999999999999876,0.14999999999999858,1pm
2002-11-09,1,0.040000000000000924,0.040000000000000924,1pm
2002-12-02,1,1.4500000000000028,1.4500000000000028,1pm
2002-12-03,4,0.12249999999999872,0.3299999999999983,1pm
2002-12-04,2,0.25499999999999634,0.38999999999999346,1pm
2002-12-06,3,0.30666666666666725,0.610000000000003,1pm
2002-12-07,2,0.010000000000000675,0.010000000000001563,1pm
2002-12-08,1,0.10999999999999943,0.10999999999999943,1pm
2002-12-09,2,0.04499999999999904,0.08000000000000007,1pm
2003-01-04,1,0.030000000000001137,0.030000000000001137,1pm
2003-02-05,2,0.00999999999999801,0.00999999999999801,1pm
2003-03-06,1,0.010000000000005116,0.010000000000005116,1pm
2003-03-07,3,0.026666666666667282,0.05999999999999872,1pm
2003-03-10,1,0.00999999999999801,0.00999999999999801,1pm
2003-03-12,2,0.015000000000004121,0.020000000000003126,1pm
2003-04-02,1,0.00999999999999801,0.00999999999999801,1pm
2003-04-11,2,0.00999999999999801,0.00999999999999801,1pm
2003-06-02,1,0.01999999999999602,0.01999999999999602,1pm
2003-06-05,1,0.01999999999999602,0.01999999999999602,1pm
2003-06-08,1,0.009999999999990905,0.009999999999990905,1pm
2003-07-07,1,0.010000000000001563,0.010000000000001563,1pm
2003-07-08,1,0.00999999999999801,0.00999999999999801,1pm
2003-08-01,2,0.010000000000001563,0.010000000000001563,1pm
2003-08-07,1,0.00999999999999801,0.00999999999999801,1pm
2003-09-06,2,0.014999999999997016,0.01999999999999602,1pm
2003-09-10,2,0.010000000000001563,0.010000000000005116,1pm
2003-10-03,4,0.07000000000000028,0.1799999999999926,1pm
2003-10-04,1,0.009999999999999787,0.009999999999999787,1pm
2003-10-07,1,0.01999999999999602,0.01999999999999602,1pm
2003-10-09,1,0.010000000000005116,0.010000000000005116,1pm
2003-10-12,1,0.010000000000001563,0.010000000000001563,1pm
2003-11-09,1,0.01999999999999602,0.01999999999999602,1pm
2003-11-11,1,0.02999999999999403,0.02999999999999403,1pm
2003-12-05,1,0.010000000000001563,0.010000000000001563,1pm
2004-01-04,1,0.010000000000005116,0.010000000000005116,1pm
2004-02-07,1,0.010000000000005116,0.010000000000005116,1pm
2004-04-02,1,0.009999999999990905,0.009999999999990905,1pm
2004-04-08,1,0.01999999999999602,0.01999999999999602,1pm
2004-04-11,1,0.010000000000005116,0.010000000000005116,1pm
2004-05-01,2,0.00999999999999801,0.010000000000005116,1pm
2004-05-02,1,0.010000000000005116,0.010000000000005116,1pm
2004-05-05,1,0.00999999999999801,0.00999999999999801,1pm
2004-05-11,1,0.009999999999990905,0.009999999999990905,1pm
2004-06-02,1,0.00999999999999801,0.00999999999999801,1pm
2004-06-12,1,0.00999999999999801,0.00999999999999801,1pm
2004-07-09,2,0.009999999999999787,0.010000000000001563,1pm
2004-07-10,1,0.010000000000005116,0.010000000000005116,1pm
2004-08-10,1,0.010000000000005116,0.010000000000005116,1pm
2004-09-03,1,0.01999999999999602,0.01999999999999602,1pm
2004-09-09,2,0.02500000000000213,0.04000000000000625,1pm
2004-10-03,1,0.010000000000005116,0.010000000000005116,1pm
2004-10-09,2,0.010000000000001563,0.010000000000005116,1pm
2004-11-03,1,0.020000000000010232,0.020000000000010232,1pm
2004-11-05,1,0.010000000000005116,0.010000000000005116,1pm
2004-11-08,1,0.00999999999999801,0.00999999999999801,1pm
2004-12-03,1,0.010000000000005116,0.010000000000005116,1pm
2004-12-05,2,0.024999999999995026,0.02999999999999403,1pm
2005-01-11,1,0.01999999999999602,0.01999999999999602,1pm
2005-04-01,1,0.01999999999999602,0.01999999999999602,1pm
2005-04-03,1,0.010000000000005116,0.010000000000005116,1pm
2005-04-05,1,0.009999999999990905,0.009999999999990905,1pm
2005-05-01,1,0.009999999999990905,0.009999999999990905,1pm
2005-05-05,2,0.020000000000003126,0.020000000000003126,1pm
2005-07-01,1,0.009999999999990905,0.009999999999990905,1pm
2005-09-02,1,0.009999999999990905,0.009999999999990905,1pm
2005-09-03,2,0.015000000000000568,0.01999999999999602,1pm
2005-09-05,1,0.030000000000001137,0.030000000000001137,1pm
2005-11-01,1,0.04000000000000625,0.04000000000000625,1pm
2005-11-02,1,0.01999999999999602,0.01999999999999602,1pm
2005-11-05,1,0.010000000000005116,0.010000000000005116,1pm
2006-01-06,1,0.009999999999990905,0.009999999999990905,1pm
2006-01-12,1,0.009999999999990905,0.009999999999990905,1pm
2006-04-04,1,0.05999999999999872,0.05999999999999872,1pm
2006-05-06,1,0.020000000000003126,0.020000000000003126,1pm
2006-06-02,2,0.015000000000007674,0.020000000000010232,1pm
2006-07-04,1,0.010000000000005116,0.010000000000005116,1pm
2006-10-03,1,0.00999999999999801,0.00999999999999801,1pm
2006-12-04,1,0.020000000000010232,0.020000000000010232,1pm
2006-12-09,1,0.01999999999999602,0.01999999999999602,1pm
2007-05-03,2,22.83999999999999,45.27999999999997,1pm
2007-05-09,1,0.010000000000005116,0.010000000000005116,1pm
2007-06-08,1,0.010000000000005116,0.010000000000005116,1pm
2007-07-03,5,0.047999999999998974,0.0899999999999963,1pm
2007-09-11,1,0.02999999999999403,0.02999999999999403,1pm
2008-01-02,1,0.010000000000005116,0.010000000000005116,1pm
2008-09-01,1,0.020000000000003126,0.020000000000003126,1pm
2008-10-01,1,0.030000000000001137,0.030000000000001137,1pm
2009-09-03,1,0.010000000000005116,0.010000000000005116,1pm
,1336,0.27009684131736517,14.0,1pm
1993-01-11,1,0.375,0.375,c1
1993-02-09,1,0.125,0.125,c1
1993-02-12,2,0.8125,1.0,c1
1993-03-12,1,0.25,0.25,c1
1993-04-11,1,2.125,2.125,c1
1993-05-08,1,0.75,0.75,c1
1993-06-12,1,0.75,0.75,c1
1993-07-10,1,0.625,0.625,c1
1993-08-11,1,2.125,2.125,c1
1993-08-12,1,0.25,0.25,c1
1993-09-09,1,0.125,0.125,c1
1993-09-11,1,0.375,0.375,c1
1993-09-12,1,0.5,0.5,c1
1993-10-12,1,1.75,1.75,c1
1994-01-03,1,0.5,0.5,c1
1994-01-07,1,0.25,0.25,c1
1994-01-08,1,0.25,0.25,c1
1994-02-08,1,0.25,0.25,c1
1994-02-09,1,0.125,0.125,c1
1994-02-11,1,0.875,0.875,c1
1994-02-12,1,1.125,1.125,c1
1994-03-01,2,0.375,0.5,c1
1994-03-06,2,0.6875,0.875,c1
1994-03-08,1,0.5,0.5,c1
1994-03-11,1,0.875,0.875,c1
1994-04-02,1,0.125,0.125,c1
1994-04-11,1,0.75,0.75,c1
1994-05-01,1,0.75,0.75,c1
1994-05-10,2,1.3125,2.375,c1
1994-06-05,1,0.125,0.125,c1
1994-06-09,1,1.0,1.0,c1
1994-06-12,1,0.375,0.375,c1
1994-07-01,2,0.5,0.75,c1
1994-07-03,1,0.625,0.625,c1
1994-07-04,1,0.5,0.5,c1
1994-07-09,1,0.25,0.25,c1
1994-07-10,1,0.25,0.25,c1
1994-07-12,1,0.125,0.125,c1
1994-08-02,1,0.625,0.625,c1
1994-08-07,1,0.875,0.875,c1
1994-08-08,1,0.5,0.5,c1
1994-08-11,1,1.0,1.0,c1
1994-09-06,1,1.0,1.0,c1
1994-09-09,1,0.125,0.125,c1
1994-10-01,1,0.875,0.875,c1
1994-10-06,1,0.125,0.125,c1
1994-10-08,1,0.25,0.25,c1
1994-11-07,1,0.5,0.5,c1
1994-11-10,3,1.2916666666666667,1.625,c1
1994-12-12,1,0.375,0.375,c1
1995-01-05,1,0.625,0.625,c1
1995-01-06,2,0.25,0.25,c1
1995-01-11,1,0.25,0.25,c1
1995-02-06,1,0.375,0.375,c1
1995-02-11,1,0.125,0.125,c1
1995-03-04,1,2.375,2.375,c1
1995-03-08,1,0.75,0.75,c1
1995-03-10,2,0.375,0.625,c1
1995-03-11,1,0.25,0.25,c1
1995-04-04,1,1.5,1.5,c1
1995-04-05,1,0.375,0.375,c1
1995-04-08,1,0.5,0.5,c1
1995-04-10,1,0.25,0.25,c1
1995-04-12,1,0.25,0.25,c1
1995-05-09,1,1.0,1.0,c1
1995-06-06,2,0.625,1.0,c1
1995-06-09,1,0.75,0.75,c1
1995-06-12,1,0.375,0.375,c1
1995-07-07,2,0.375,0.625,c1
1995-07-09,1,0.5,0.5,c1
1995-08-02,2,0.625,0.625,c1
1995-08-06,1,0.25,0.25,c1
1995-08-08,1,0.125,0.125,c1
1995-08-11,2,0.375,0.5,c1
1995-08-12,2,0.875,1.0,c1
1995-09-01,1,0.375,0.375,c1
1995-09-02,1,0.75,0.75,c1
1995-09-03,1,0.25,0.25,c1
1995-09-05,1,1.625,1.625,c1
1995-09-06,1,0.125,0.125,c1
1995-09-11,1,0.625,0.625,c1
1995-10-07,1,0.625,0.625,c1
1995-11-05,2,0.3125,0.375,c1
1995-11-08,1,0.25,0.25,c1
1995-11-09,1,0.125,0.125,c1
1995-11-10,1,0.125,0.125,c1
1995-12-04,1,1.25,1.25,c1
1995-12-05,1,1.5,1.5,c1
1995-12-09,2,0.75,0.875,c1
1995-12-10,2,0.5625,0.875,c1
1996-01-02,1,0.125,0.125,c1
1996-01-05,1,0.125,0.125,c1
1996-01-08,2,0.8125,1.0,c1
1996-01-11,1,0.25,0.25,c1
1996-03-09,9,0.7361111111111112,1.75,c1
1996-04-10,2,0.75,1.125,c1
1996-04-12,1,0.75,0.75,c1
1996-05-06,1,0.75,0.75,c1
1996-05-08,1,0.25,0.25,c1
1996-05-11,1,1.375,1.375,c1
1996-06-06,1,1.0,1.0,c1
1996-06-09,1,0.75,0.75,c1
1996-06-12,1,0.375,0.375,c1
1996-07-05,1,1.0,1.0,c1
1996-07-06,1,0.125,0.125,c1
1996-07-08,2,1.125,2.125,c1
1996-08-02,1,0.125,0.125,c1
1996-08-04,1,0.125,0.125,c1
1996-09-04,1,0.5,0.5,c1
1996-09-05,1,0.5,0.5,c1
1996-09-08,1,0.125,0.125,c1
1996-09-10,1,0.5,0.5,c1
1996-10-04,1,0.5,0.5,c1
1996-10-07,8,0.32421875,1.125,c1
1996-10-12,1,3.125,3.125,c1
1996-12-07,1,0.5,0.5,c1
1996-12-08,1,0.875,0.875,c1
1996-12-11,1,0.5,0.5,c1
1997-01-05,2,0.375,0.5,c1
1997-01-12,1,2.625,2.625,c1
1997-02-05,1,1.75,1.75,c1
1997-03-01,2,3.875,7.5,c1
1997-03-11,1,0.1875,0.1875,c1
1997-03-12,1,0.5625,0.5625,c1
1997-04-02,1,0.375,0.375,c1
1997-04-03,1,2.125,2.125,c1
1997-04-09,1,0.5,0.5,c1
1997-05-03,1,0.75,0.75,c1
1997-05-11,2,0.4375,0.75,c1
1997-06-01,1,0.125,0.125,c1
1997-06-03,1,0.375,0.375,c1
1997-06-06,1,0.6875,0.6875,c1
1997-07-03,1,3.875,3.875,c1
1997-07-05,1,2.125,2.125,c1
1997-07-07,1,0.0625,0.0625,c1
1997-07-10,1,0.125,0.125,c1
1997-08-01,1,2.0,2.0,c1
1997-08-07,1,0.125,0.125,c1
1997-09-04,1,2.5,2.5,c1
1997-09-06,1,0.9375,0.9375,c1
1997-09-07,1,0.625,0.625,c1
1997-09-12,1,0.125,0.125,c1
1997-10-01,1,0.25,0.25,c1
1997-10-04,1,1.625,1.625,c1
1997-10-11,2,0.9375,1.4375,c1
1997-10-12,2,0.25,0.3125,c1
1997-11-03,1,0.5,0.5,c1
1997-12-11,1,0.8125,0.8125,c1
1998-01-07,1,0.875,0.875,c1
1998-01-12,4,2.59375,8.875,c1
1998-02-01,1,0.375,0.375,c1
1998-02-02,1,0.25,0.25,c1
1998-02-03,1,0.375,0.375,c1
1998-02-06,1,0.1875,0.1875,c1
1998-02-07,1,0.0625,0.0625,c1
1998-02-09,1,0.6875,0.6875,c1
1998-02-12,1,0.25,0.25,c1
1998-03-08,1,1.125,1.125,c1
1998-03-09,1,0.375,0.375,c1
1998-03-11,1,0.625,0.625,c1
1998-03-12,2,0.5625,0.625,c1
1998-04-06,1,0.125,0.125,c1
1998-04-08,1,0.625,0.625,c1
1998-05-08,2,0.40625,0.4375,c1
1998-05-11,1,0.1875,0.1875,c1
1998-06-04,1,0.4375,0.4375,c1
1998-06-05,1,0.4375,0.4375,c1
1998-06-07,2,7.4375,14.625,c1
1998-06-08,1,0.4375,0.4375,c1
1998-07-01,1,0.25,0.25,c1
1998-07-04,1,0.3125,0.3125,c1
1998-07-07,1,0.25,0.25,c1
1998-07-10,2,5.4375,10.6875,c1
1998-08-01,2,0.25,0.3125,c1
1998-08-04,1,0.4375,0.4375,c1
1998-08-05,1,0.0625,0.0625,c1
1998-08-06,1,0.375,0.375,c1
1998-08-07,2,5.625,11.0,c1
1998-08-09,2,0.625,1.1875,c1
1998-08-10,1,0.5,0.5,c1
1998-08-12,8,0.65625,1.875,c1
1998-09-02,1,0.375,0.375,c1
1998-09-04,1,0.1875,0.1875,c1
1998-09-07,1,0.4375,0.4375,c1
1998-09-09,3,2.2708333333333335,6.4375,c1
1998-09-10,3,1.3333333333333333,3.1875,c1
1998-09-11,2,0.1875,0.25,c1
1998-10-02,1,0.375,0.375,c1
1998-10-06,1,0.125,0.125,c1
1998-10-07,1,0.1875,0.1875,c1
1998-10-08,2,0.1875,0.3125,c1
1998-10-09,2,0.40625,0.6875,c1
1998-10-11,2,0.15625,0.25,c1
1998-10-12,1,0.5625,0.5625,c1
1998-11-05,1,1.25,1.25,c1
1998-11-08,1,0.25,0.25,c1
1998-11-09,1,0.5625,0.5625,c1
1998-11-12,3,1.6041666666666667,2.9375,c1
1998-12-06,1,0.4375,0.4375,c1
1998-12-08,1,0.1875,0.1875,c1
1998-12-10,1,1.25,1.25,c1
1999-01-03,2,0.625,0.875,c1
1999-01-04,1,0.5,0.5,c1
1999-01-06,1,0.125,0.125,c1
1999-01-07,3,0.2708333333333333,0.625,c1
1999-01-09,1,0.0625,0.0625,c1
1999-01-10,2,0.46875,0.5625,c1
1999-01-11,1,0.3125,0.3125,c1
1999-01-12,4,0.390625,1.0,c1
1999-02-02,2,0.375,0.6875,c1
1999-02-03,3,0.6666666666666666,1.4375,c1
1999-02-06,1,0.0625,0.0625,c1
1999-02-07,2,0.15625,0.25,c1
1999-02-08,2,0.34375,0.4375,c1
1999-02-11,2,0.25,0.4375,c1
1999-02-12,1,0.125,0.125,c1
1999-03-02,1,1.1875,1.1875,c1
1999-03-03,2,0.15625,0.1875,c1
1999-03-05,2,0.53125,1.0,c1
1999-03-06,1,0.1875,0.1875,c1
1999-03-08,1,0.0625,0.0625,c1
1999-03-11,2,0.125,0.1875,c1
1999-03-12,2,1.34375,2.3125,c1
1999-04-01,3,3.2291666666666665,8.9375,c1
1999-04-02,3,0.3125,0.75,c1
1999-04-03,1,0.375,0.375,c1
1999-04-05,2,1.0625,1.0625,c1
1999-04-06,2,0.09375,0.125,c1
1999-04-08,2,0.15625,0.25,c1
1999-04-11,1,0.3125,0.3125,c1
1999-05-01,1,0.4375,0.4375,c1
1999-05-02,3,0.2916666666666667,0.5625,c1
1999-05-03,2,0.125,0.1875,c1
1999-05-04,2,1.25,1.3125,c1
1999-05-08,2,0.28125,0.5,c1
1999-05-10,1,0.1875,0.1875,c1
1999-05-11,3,0.5208333333333334,1.25,c1
1999-06-04,1,0.5625,0.5625,c1
1999-06-05,2,0.375,0.4375,c1
1999-06-07,1,0.125,0.125,c1
1999-06-12,2,0.34375,0.4375,c1
1999-07-04,1,0.125,0.125,c1
1999-07-05,1,0.0625,0.0625,c1
1999-07-06,2,0.21875,0.375,c1
1999-07-07,1,0.125,0.125,c1
1999-07-09,1,0.125,0.125,c1
1999-07-10,2,0.125,0.1875,c1
1999-07-12,2,0.4375,0.8125,c1
1999-08-01,4,0.5,1.0,c1
1999-08-02,2,0.59375,0.625,c1
1999-08-03,2,0.15625,0.25,c1
1999-08-04,1,0.0625,0.0625,c1
1999-08-09,2,0.125,0.1875,c1
1999-08-10,1,0.125,0.125,c1
1999-08-11,2,0.625,0.8125,c1
1999-08-12,1,0.0625,0.0625,c1
1999-09-02,2,0.90625,1.125,c1
1999-09-03,1,0.0625,0.0625,c1
1999-09-06,1,1.8125,1.8125,c1
1999-09-07,3,0.1875,0.3125,c1
1999-09-08,2,0.34375,0.625,c1
1999-09-09,1,0.1875,0.1875,c1
1999-09-11,1,0.0625,0.0625,c1
1999-09-12,3,0.6458333333333334,1.0,c1
1999-10-02,1,0.4375,0.4375,c1
1999-10-03,1,0.0625,0.0625,c1
1999-10-05,1,1.4375,1.4375,c1
1999-10-09,2,0.09375,0.125,c1
1999-10-11,3,0.4791666666666667,0.8125,c1
1999-10-12,2,0.375,0.625,c1
1999-11-01,2,1.59375,2.3125,c1
1999-11-03,2,1.0625,1.8125,c1
1999-11-05,1,0.375,0.375,c1
1999-11-06,1,0.5,0.5,c1
1999-11-08,1,0.1875,0.1875,c1
1999-11-10,1,0.1875,0.1875,c1
1999-11-11,1,0.125,0.125,c1
1999-12-01,1,0.3125,0.3125,c1
1999-12-02,1,0.125,0.125,c1
1999-12-04,1,0.0625,0.0625,c1
1999-12-05,1,0.5,0.5,c1
1999-12-07,1,0.125,0.125,c1
1999-12-08,2,0.0625,0.0625,c1
1999-12-10,2,0.0625,0.0625,c1
2000-01-02,2,0.09375,0.125,c1
2000-01-03,2,0.46875,0.8125,c1
2000-01-06,2,0.375,0.6875,c1
2000-01-08,3,0.25,0.3125,c1
2000-01-09,1,0.125,0.125,c1
2000-01-11,1,0.375,0.375,c1
2000-01-12,3,0.16666666666666666,0.1875,c1
2000-02-02,3,0.375,0.8125,c1
2000-02-03,1,0.75,0.75,c1
2000-02-05,1,0.1875,0.1875,c1
2000-02-06,2,0.59375,0.9375,c1
2000-02-08,4,0.171875,0.375,c1
2000-02-11,1,0.1875,0.1875,c1
2000-03-01,2,1.125,2.1875,c1
2000-03-03,2,1.03125,2.0,c1
2000-03-04,3,0.5833333333333334,1.0625,c1
2000-03-05,2,0.28125,0.5,c1
2000-03-07,4,0.3125,0.8125,c1
2000-03-10,2,0.1875,0.3125,c1
2000-03-11,1,0.3125,0.3125,c1
2000-04-01,1,0.5,0.5,c1
2000-04-02,1,0.8125,0.8125,c1
2000-04-04,1,0.375,0.375,c1
2000-04-05,2,0.3125,0.5625,c1
2000-04-08,2,0.09375,0.125,c1
2000-04-10,2,0.09375,0.125,c1
2000-04-12,3,0.20833333333333334,0.3125,c1
2000-05-01,3,0.052083333333333336,0.0625,c1
2000-05-04,2,0.65625,0.75,c1
2000-05-05,4,0.203125,0.4375,c1
2000-05-06,1,0.0625,0.0625,c1
2000-05-07,3,0.3958333333333333,0.8125,c1
2000-05-09,2,0.25,0.375,c1
2000-05-12,1,0.1875,0.1875,c1
2000-06-01,4,0.140625,0.1875,c1
2000-06-03,3,0.3958333333333333,0.6875,c1
2000-06-04,2,0.1875,0.25,c1
2000-06-06,3,0.8958333333333334,2.0,c1
2000-06-07,2,0.375,0.5,c1
2000-06-09,2,0.15625,0.25,c1
2000-06-10,2,0.15625,0.25,c1
2000-06-11,3,0.22916666666666666,0.5,c1
2000-06-12,3,0.5833333333333334,1.4375,c1
2000-07-01,1,2.0,2.0,c1
2000-07-02,3,0.22916666666666666,0.4375,c1
2000-07-03,1,0.1875,0.1875,c1
2000-07-04,4,0.46875,0.6875,c1
2000-07-08,1,0.0625,0.0625,c1
2000-07-09,1,0.1875,0.1875,c1
2000-07-11,2,0.8125,1.5625,c1
2000-08-02,1,0.0625,0.0625,c1
2000-08-03,2,0.125,0.1875,c1
2000-08-05,2,0.09375,0.125,c1
2000-08-06,3,0.375,0.625,c1
2000-08-08,1,0.25,0.25,c1
2000-08-09,3,0.5208333333333334,0.6875,c1
2000-08-12,3,0.2708333333333333,0.6875,c1
2000-09-02,3,0.16666666666666666,0.25,c1
2000-09-03,3,0.3333333333333333,0.5625,c1
2000-09-05,2,0.21875,0.25,c1
2000-09-06,2,0.25,0.4375,c1
2000-09-08,4,0.390625,1.0,c1
2000-09-10,3,0.1875,0.25,c1
2000-09-11,2,0.15625,0.25,c1
2000-10-01,2,0.15625,0.1875,c1
2000-10-02,2,0.4375,0.5,c1
2000-10-03,1,0.375,0.375,c1
2000-10-04,4,0.51953125,1.0,c1
2000-10-05,3,0.15104166666666666,0.265625,c1
2000-10-08,1,0.1875,0.1875,c1
2000-10-10,3,0.25,0.375,c1
2000-10-11,3,0.2708333333333333,0.375,c1
2000-11-01,1,0.375,0.375,c1
2000-11-02,1,0.125,0.125,c1
2000-11-04,5,0.55,1.25,c1
2000-11-05,2,0.125,0.1875,c1
2000-11-07,1,0.1875,0.1875,c1
2000-11-10,2,0.21875,0.375,c1
2000-12-01,2,0.125,0.1875,c1
2000-12-04,6,0.5520833333333334,1.0625,c1
2000-12-05,2,0.40625,0.6875,c1
2000-12-06,1,0.25,0.25,c1
2000-12-07,1,0.0625,0.0625,c1
2000-12-09,3,0.125,0.125,c1
2000-12-10,2,0.625,1.0625,c1
2000-12-12,1,0.0625,0.0625,c1
2001-01-02,13,0.446346153846154,1.2999999999999972,c1
2001-01-05,4,0.11749999999999883,0.3199999999999932,c1
2001-01-06,1,0.020000000000003126,0.020000000000003126,c1
2001-01-08,2,0.025000000000000355,0.030000000000001137,c1
2001-01-10,1,0.009999999999999787,0.009999999999999787,c1
2001-01-11,2,0.035000000000001474,0.0400000000000027,c1
2001-02-01,2,0.65625,1.0625,c1
2001-02-02,5,0.10749999999999886,0.125,c1
2001-02-03,3,0.23958333333333334,0.4375,c1
2001-02-04,2,0.14500000000000046,0.25,c1
2001-02-05,4,0.060000000000002274,0.120000000000001,c1
2001-02-07,4,0.08500000000000085,0.14999999999999858,c1
2001-02-08,3,0.026666666666665506,0.04999999999999716,c1
2001-02-10,3,0.046666666666667446,0.10000000000000142,c1
2001-02-11,3,0.09666666666666845,0.1700000000000017,c1
2001-03-01,3,0.4375,0.9375,c1
2001-03-04,4,0.06125000000000025,0.125,c1
2001-03-05,1,0.010000000000001563,0.010000000000001563,c1
2001-03-07,1,0.0799999999999983,0.0799999999999983,c1
2001-03-08,2,0.14000000000000057,0.269999999999996,c1
2001-03-12,2,0.015000000000001457,0.020000000000003126,c1
2001-04-01,3,0.16666666666666666,0.375,c1
2001-04-04,2,0.024999999999999467,0.03999999999999915,c1
2001-04-05,4,0.052499999999999325,0.11000000000000298,c1
2001-04-06,1,0.03999999999999915,0.03999999999999915,c1
2001-04-09,3,0.0733333333333294,0.1799999999999926,c1
2001-04-10,3,0.060000000000001386,0.10000000000000142,c1
2001-04-12,3,0.2766666666666655,0.7099999999999973,c1
2001-05-02,2,0.1875,0.3125,c1
2001-05-03,2,0.28125,0.4375,c1
2001-05-06,3,0.1033333333333341,0.259999999999998,c1
2001-05-07,3,0.14999999999999739,0.23999999999999488,c1
2001-05-09,2,0.1299999999999999,0.16000000000000014,c1
2001-05-10,4,0.047500000000002096,0.08999999999999986,c1
2001-05-12,5,0.08599999999999959,0.2700000000000031,c1
2001-06-02,1,0.125,0.125,c1
2001-06-03,2,0.125,0.1875,c1
2001-06-04,2,0.06499999999999861,0.0799999999999983,c1
2001-06-06,1,0.23000000000000043,0.23000000000000043,c1
2001-06-07,3,0.08666666666666482,0.129999999999999,c1
2001-06-08,4,0.05249999999999755,0.09999999999999787,c1
2001-06-09,2,0.24999999999999822,0.4099999999999966,c1
2001-06-11,4,0.16000000000000014,0.5200000000000031,c1
2001-06-12,3,0.043333333333333,0.08999999999999986,c1
2001-07-02,2,0.28125,0.5,c1
2001-07-03,2,0.0625,0.0625,c1
2001-07-05,3,0.07666666666666681,0.1599999999999966,c1
2001-07-06,3,0.053333333333329826,0.11999999999999034,c1
2001-07-08,2,0.07000000000000028,0.10999999999999943,c1
2001-07-09,1,0.02999999999999936,0.02999999999999936,c1
2001-07-11,2,0.045000000000002593,0.08000000000000007,c1
2001-07-12,3,0.33999999999999986,0.8999999999999986,c1
2001-08-01,3,0.22916666666666666,0.4375,c1
2001-08-03,2,0.09375,0.125,c1
2001-08-05,3,0.20000000000000165,0.4000000000000057,c1
2001-08-06,3,0.016666666666666313,0.019999999999999574,c1
2001-08-10,2,0.019999999999999574,0.030000000000001137,c1
2001-08-11,2,0.02999999999999936,0.03999999999999915,c1
2001-09-02,2,0.21875,0.3125,c1
2001-09-03,1,1.875,1.875,c1
2001-09-04,2,0.030000000000001137,0.030000000000001137,c1
2001-09-05,3,0.10666666666666498,0.1799999999999926,c1
2001-09-07,3,0.120000000000001,0.3400000000000034,c1
2001-09-08,2,0.245000000000001,0.45000000000000284,c1
2001-09-10,1,0.10000000000000142,0.10000000000000142,c1
2001-09-11,1,1.4399999999999977,1.4399999999999977,c1
2001-10-01,3,0.6875,1.875,c1
2001-10-04,2,0.10000000000000053,0.120000000000001,c1
2001-10-05,1,0.05000000000000071,0.05000000000000071,c1
2001-10-07,1,0.1700000000000017,0.1700000000000017,c1
2001-10-08,2,0.054999999999999716,0.060000000000002274,c1
2001-10-09,3,0.16333333333333636,0.3500000000000085,c1
2001-10-10,2,0.03500000000000014,0.03999999999999915,c1
2001-10-12,4,0.11749999999999883,0.2799999999999976,c1
2001-11-01,1,0.3125,0.3125,c1
2001-11-04,4,0.08500000000000174,0.2400000000000091,c1
2001-11-05,3,0.06333333333333317,0.08000000000000007,c1
2001-11-06,1,0.1800000000000015,0.1800000000000015,c1
2001-11-07,1,0.129999999999999,0.129999999999999,c1
2001-11-10,2,0.375,0.7100000000000009,c1
2001-11-12,2,0.07499999999999929,0.10999999999999943,c1
2001-12-01,3,0.25,0.625,c1
2001-12-02,2,0.46875,0.875,c1
2001-12-03,3,0.10833333333333428,0.20000000000000284,c1
2001-12-04,4,0.05250000000000021,0.08000000000000185,c1
2001-12-06,2,0.019999999999999574,0.019999999999999574,c1
2001-12-07,1,0.12999999999999545,0.12999999999999545,c1
2001-12-10,13,0.10846153846153889,0.3299999999999983,c1
2001-12-11,2,0.1999999999999993,0.39000000000000057,c1
2001-12-12,5,0.16200000000000045,0.39000000000000057,c1
2002-01-02,4,0.055000000000000604,0.1599999999999966,c1
2002-01-03,2,0.3700000000000001,0.7300000000000004,c1
2002-01-04,3,0.5433333333333353,1.0900000000000034,c1
2002-01-05,4,0.12249999999999961,0.3999999999999986,c1
2002-01-07,1,0.5099999999999998,0.5099999999999998,c1
2002-01-08,2,0.009999999999999787,0.010000000000001563,c1
2002-01-10,5,0.03399999999999963,0.09000000000000341,c1
2002-01-11,3,0.01666666666666868,0.030000000000001137,c1
2002-02-01,4,0.43500000000000183,1.2900000000000063,c1
2002-02-04,2,0.28000000000000025,0.46000000000000085,c1
2002-02-05,2,0.10499999999999865,0.14999999999999858,c1
2002-02-07,2,0.21499999999999986,0.40000000000000213,c1
2002-02-08,4,0.09500000000000064,0.18999999999999773,c1
2002-02-10,2,0.11000000000000032,0.16000000000000014,c1
2002-02-12,2,0.015000000000000568,0.01999999999999602,c1
2002-03-01,5,0.28399999999999964,1.2199999999999989,c1
2002-03-04,2,0.0600000000000005,0.060000000000002274,c1
2002-03-05,2,0.02500000000000213,0.0400000000000027,c1
2002-03-06,4,0.11000000000000076,0.3100000000000023,c1
2002-03-07,4,0.13999999999999968,0.3899999999999988,c1
2002-03-09,2,0.014999999999998792,0.01999999999999602,c1
2002-03-10,4,0.059999999999996945,0.16000000000000014,c1
2002-03-12,1,0.019999999999999574,0.019999999999999574,c1
2002-04-01,3,0.1466666666666677,0.28000000000000114,c1
2002-04-02,3,0.049999999999999524,0.10999999999999943,c1
2002-04-03,4,0.2549999999999999,0.3500000000000014,c1
2002-04-04,2,0.030000000000001137,0.030000000000001137,c1
2002-04-06,1,0.05000000000000071,0.05000000000000071,c1
2002-04-09,2,0.040000000000000924,0.05000000000000071,c1
2002-04-10,5,0.024000000000000556,0.03999999999999915,c1
2002-04-11,2,0.025000000000000355,0.03999999999999915,c1
2002-04-12,4,0.029999999999996696,0.05999999999998806,c1
2002-05-02,4,0.39500000000000046,1.3500000000000014,c1
2002-05-03,2,0.29999999999999716,0.5799999999999983,c1
2002-05-04,3,0.17666666666666764,0.47000000000000064,c1
2002-05-06,3,0.15666666666666748,0.33000000000000185,c1
2002-05-07,3,0.22333333333333152,0.48999999999999844,c1
2002-05-08,2,0.019999999999997797,0.019999999999999574,c1
2002-05-09,3,0.10333333333333587,0.27999999999999936,c1
2002-05-12,1,0.02000000000000135,0.02000000000000135,c1
2002-06-02,3,0.033333333333333805,0.05000000000000426,c1
2002-06-03,13,0.4030769230769246,1.2600000000000016,c1
2002-06-05,2,0.029999999999998472,0.04999999999999716,c1
2002-06-06,1,0.019999999999999574,0.019999999999999574,c1
2002-06-08,2,0.08000000000000007,0.10999999999999943,c1
2002-06-09,3,0.03999999999999974,0.05000000000000071,c1
2002-06-12,2,0.02000000000000135,0.030000000000001137,c1
2002-07-01,2,0.11499999999999844,0.21999999999999886,c1
2002-07-02,4,0.08000000000000052,0.19000000000000483,c1
2002-07-03,1,0.6600000000000037,0.6600000000000037,c1
2002-07-05,3,0.1466666666666653,0.30999999999999517,c1
2002-07-06,5,0.2400000000000002,0.7499999999999964,c1
2002-07-08,3,0.04333333333333478,0.0799999999999983,c1
2002-07-10,3,0.026666666666667876,0.0400000000000027,c1
2002-07-11,2,0.014999999999997016,0.01999999999999602,c1
2002-08-01,3,0.07333333333333177,0.10999999999999943,c1
2002-08-02,7,0.16714285714285562,0.44999999999999574,c1
2002-08-03,3,0.4733333333333339,1.1599999999999966,c1
2002-08-04,2,0.01499999999999968,0.019999999999999574,c1
2002-08-05,4,0.3524999999999996,0.7200000000000024,c1
2002-08-07,1,0.010000000000001563,0.010000000000001563,c1
2002-08-08,4,0.11500000000000021,0.28999999999999915,c1
2002-08-10,2,0.03500000000000103,0.0600000000000005,c1
2002-08-11,2,0.020000000000000462,0.030000000000001137,c1
2002-09-01,5,0.05200000000000067,0.19000000000000128,c1
2002-09-04,1,0.0899999999999963,0.0899999999999963,c1
2002-09-07,3,0.35000000000000026,0.9200000000000017,c1
2002-09-08,2,0.20999999999999908,0.3699999999999992,c1
2002-09-09,3,0.09999999999999847,0.2599999999999998,c1
2002-09-10,6,0.046666666666665226,0.07000000000000028,c1
2002-09-12,1,0.01999999999999602,0.01999999999999602,c1
2002-10-01,4,0.11499999999999888,0.41999999999999815,c1
2002-10-04,2,0.34499999999999975,0.46999999999999886,c1
2002-10-05,3,0.18333333333333357,0.379999999999999,c1
2002-10-06,2,0.03999999999999915,0.05999999999999872,c1
2002-10-07,2,0.1750000000000007,0.33999999999999986,c1
2002-10-09,2,0.019999999999998685,0.029999999999997584,c1
2002-10-10,4,0.022499999999998188,0.03999999999999915,c1
2002-11-01,1,0.6599999999999966,0.6599999999999966,c1
2002-11-02,3,0.35666666666666674,0.8999999999999986,c1
2002-11-03,2,0.2799999999999958,0.34999999999999787,c1
2002-11-04,3,0.1433333333333362,0.20000000000000107,c1
2002-11-06,1,1.1300000000000026,1.1300000000000026,c1
2002-11-07,1,0.060000000000002274,0.060000000000002274,c1
2002-11-09,1,0.28000000000000114,0.28000000000000114,c1
2002-11-10,2,0.035000000000003695,0.04000000000000625,c1
2002-11-11,1,0.010000000000001563,0.010000000000001563,c1
2002-11-12,2,0.015000000000002345,0.019999999999999574,c1
2002-12-02,3,0.1100000000000018,0.14000000000000057,c1
2002-12-03,6,0.09833333333333243,0.1699999999999946,c1
2002-12-04,5,0.04400000000000013,0.0799999999999983,c1
2002-12-06,5,0.3579999999999991,1.0599999999999987,c1
2002-12-07,4,0.11250000000000027,0.3800000000000008,c1
2002-12-08,3,0.10666666666666617,0.2599999999999998,c1
2002-12-09,1,0.00999999999999801,0.00999999999999801,c1
2002-12-11,1,0.009999999999999787,0.009999999999999787,c1
2002-12-12,3,0.013333333333331865,0.01999999999999602,c1
2003-01-04,2,0.02999999999999936,0.030000000000001137,c1
2003-01-07,2,0.02500000000000213,0.0400000000000027,c1
2003-01-08,5,0.02599999999999838,0.05000000000000426,c1
2003-01-10,3,0.05999999999999872,0.09999999999999787,c1
2003-01-12,3,0.01666666666666276,0.02000000000000135,c1
2003-02-01,4,0.025000000000001688,0.060000000000002274,c1
2003-02-04,2,0.01000000000000334,0.010000000000005116,c1
2003-02-05,2,0.01499999999999524,0.019999999999999574,c1
2003-02-06,1,0.14000000000000057,0.14000000000000057,c1
2003-02-07,4,0.015000000000003233,0.020000000000010232,c1
2003-02-09,1,0.00999999999999801,0.00999999999999801,c1
2003-02-12,2,0.02499999999999858,0.030000000000001137,c1
2003-03-02,2,0.009999999999999787,0.009999999999999787,c1
2003-03-03,1,0.08999999999999986,0.08999999999999986,c1
2003-03-04,1,0.009999999999990905,0.009999999999990905,c1
2003-03-07,3,0.06333333333333495,0.12000000000000455,c1
2003-03-09,3,0.019999999999999574,0.03999999999999915,c1
2003-03-10,4,0.017500000000002736,0.0400000000000027,c1
2003-03-11,4,0.02499999999999991,0.03999999999999915,c1
2003-03-12,3,0.03333333333333499,0.04000000000000625,c1
2003-04-02,1,0.00999999999999801,0.00999999999999801,c1
2003-04-03,1,0.00999999999999801,0.00999999999999801,c1
2003-04-04,2,0.014999999999998792,0.019999999999999574,c1
2003-04-06,2,0.015000000000002345,0.020000000000003126,c1
2003-04-08,3,0.009999999999996234,0.009999999999999787,c1
2003-04-09,1,0.019999999999999574,0.019999999999999574,c1
2003-04-11,1,0.00999999999999801,0.00999999999999801,c1
2003-04-12,1,0.07000000000000028,0.07000000000000028,c1
2003-05-02,2,0.015000000000001457,0.020000000000003126,c1
2003-05-03,2,0.01499999999999968,0.019999999999999574,c1
2003-05-05,1,0.009999999999990905,0.009999999999990905,c1
2003-05-06,2,0.04499999999999815,0.07000000000000028,c1
2003-05-08,4,0.03749999999999787,0.10999999999999943,c1
2003-05-09,6,0.013333333333334826,0.020000000000003126,c1
2003-05-11,3,0.03999999999999737,0.049999999999998934,c1
2003-05-12,2,0.015000000000001457,0.020000000000003126,c1
2003-06-02,2,0.015000000000002345,0.019999999999999574,c1
2003-06-03,1,0.009999999999999787,0.009999999999999787,c1
2003-06-06,2,0.02999999999999403,0.04999999999999716,c1
2003-06-08,3,0.023333333333333428,0.030000000000001137,c1
2003-06-10,3,0.019999999999999574,0.02999999999999403,c1
2003-06-11,5,0.020000000000000996,0.03999999999999915,c1
2003-07-01,1,0.009999999999999787,0.009999999999999787,c1
2003-07-02,2,0.010000000000001563,0.010000000000005116,c1
2003-07-04,2,0.014999999999997016,0.01999999999999602,c1
2003-07-05,1,0.03999999999999915,0.03999999999999915,c1
2003-07-07,5,0.05000000000000213,0.17999999999999972,c1
2003-07-10,3,0.013333333333334233,0.019999999999999574,c1
2003-07-11,2,0.009999999999999787,0.010000000000001563,c1
2003-08-04,3,0.010000000000000972,0.010000000000001563,c1
2003-08-05,2,0.014999999999997016,0.01999999999999602,c1
2003-08-07,4,0.027499999999997193,0.03999999999999915,c1
2003-08-08,2,0.01499999999999968,0.019999999999999574,c1
2003-08-09,3,0.016666666666666902,0.019999999999999574,c1
2003-08-10,2,0.015000000000004121,0.020000000000003126,c1
2003-08-12,3,0.023333333333332245,0.030000000000001137,c1
2003-09-01,4,0.0224999999999973,0.029999999999997584,c1
2003-09-04,2,0.010000000000001563,0.010000000000005116,c1
2003-09-05,1,0.019999999999999574,0.019999999999999574,c1
2003-09-07,2,0.015000000000000568,0.020000000000003126,c1
2003-09-10,2,0.040000000000000924,0.05000000000000071,c1
2003-10-01,2,0.010000000000001563,0.010000000000001563,c1
2003-10-02,1,0.009999999999999787,0.009999999999999787,c1
2003-10-03,4,0.012499999999999734,0.020000000000003126,c1
2003-10-04,1,0.00999999999999801,0.00999999999999801,c1
2003-10-06,1,0.00999999999999801,0.00999999999999801,c1
2003-10-07,3,0.03999999999999915,0.07000000000000028,c1
2003-10-09,2,0.009999999999998899,0.009999999999999787,c1
2003-10-10,1,0.010000000000005116,0.010000000000005116,c1
2003-10-11,2,0.040000000000000036,0.040000000000000924,c1
2003-10-12,2,0.025000000000005684,0.030000000000001137,c1
2003-11-02,1,0.009999999999999787,0.009999999999999787,c1
2003-11-03,1,0.00999999999999801,0.00999999999999801,c1
2003-11-04,1,0.020000000000010232,0.020000000000010232,c1
2003-11-07,1,0.01999999999999602,0.01999999999999602,c1
2003-11-09,3,0.013333333333336602,0.019999999999999574,c1
2003-11-11,1,0.010000000000005116,0.010000000000005116,c1
2003-11-12,4,0.012499999999998401,0.01999999999999602,c1
2003-12-02,1,0.010000000000005116,0.010000000000005116,c1
2003-12-05,1,0.01999999999999602,0.01999999999999602,c1
2003-12-06,2,0.010000000000001563,0.010000000000005116,c1
2003-12-08,1,0.02999999999999936,0.02999999999999936,c1
2003-12-09,3,0.033333333333332625,0.05000000000000071,c1
2003-12-11,2,0.029999999999997584,0.05000000000000426,c1
2003-12-12,1,0.020000000000010232,0.020000000000010232,c1
2004-01-03,1,0.030000000000001137,0.030000000000001137,c1
2004-01-04,5,0.0759999999999998,0.18999999999999773,c1
2004-01-06,7,0.015714285714285126,0.030000000000001137,c1
2004-01-07,1,0.010000000000005116,0.010000000000005116,c1
2004-01-09,1,0.010000000000001563,0.010000000000001563,c1
2004-01-10,3,0.009999999999996826,0.009999999999999787,c1
2004-01-11,4,0.03750000000000542,0.09000000000000341,c1
2004-01-12,2,0.045000000000001705,0.04999999999999716,c1
2004-02-01,3,0.04999999999999775,0.0799999999999983,c1
2004-02-02,3,0.1266666666666687,0.21000000000000085,c1
2004-02-03,3,0.016666666666666902,0.020000000000003126,c1
2004-02-04,3,0.01666666666666868,0.030000000000001137,c1
2004-02-06,4,0.012499999999998401,0.01999999999999602,c1
2004-02-07,5,0.028000000000000823,0.04000000000000625,c1
2004-02-08,1,0.05999999999999872,0.05999999999999872,c1
2004-02-11,2,0.07499999999999218,0.10000000000000142,c1
2004-02-12,2,0.10499999999999687,0.18999999999999773,c1
2004-03-02,4,0.020000000000002238,0.030000000000001137,c1
2004-03-03,2,0.024999999999999467,0.02999999999999936,c1
2004-03-05,5,0.03799999999999955,0.060000000000002274,c1
2004-03-06,4,0.05999999999999961,0.0799999999999983,c1
2004-03-08,1,0.02000000000000135,0.02000000000000135,c1
2004-03-09,2,0.030000000000001137,0.04999999999999716,c1
2004-03-11,2,0.06500000000000128,0.12000000000000455,c1
2004-03-12,2,0.03500000000000281,0.05000000000000426,c1
2004-04-02,3,0.033333333333332625,0.05000000000000071,c1
2004-04-03,2,0.015000000000001457,0.020000000000003126,c1
2004-04-05,3,0.013333333333335418,0.019999999999999574,c1
2004-04-06,4,0.017499999999996962,0.029999999999997584,c1
2004-04-08,3,0.026666666666670242,0.030000000000001137,c1
2004-04-10,3,0.04666666666666389,0.06999999999999318,c1
2004-04-11,3,0.15000000000000688,0.3900000000000148,c1
2004-05-01,4,0.02499999999999991,0.04999999999999716,c1
2004-05-02,5,0.05400000000000134,0.10999999999999943,c1
2004-05-03,3,0.05999999999999991,0.14000000000000057,c1
2004-05-04,4,0.01499999999999968,0.020000000000003126,c1
2004-05-05,3,0.043333333333330636,0.09999999999999787,c1
2004-05-08,1,0.020000000000003126,0.020000000000003126,c1
2004-05-10,2,0.010000000000001563,0.010000000000005116,c1
2004-05-11,2,0.015000000000002345,0.019999999999999574,c1
2004-06-01,1,0.00999999999999801,0.00999999999999801,c1
2004-06-02,2,0.025000000000000355,0.030000000000001137,c1
2004-06-04,2,0.030000000000001137,0.030000000000001137,c1
2004-06-05,2,0.014999999999998792,0.019999999999999574,c1
2004-06-07,1,0.009999999999999787,0.009999999999999787,c1
2004-06-08,5,0.04200000000000052,0.09999999999999964,c1
2004-06-10,1,0.01999999999999602,0.01999999999999602,c1
2004-06-12,3,0.09000000000000341,0.18999999999999773,c1
2004-07-01,3,0.026666666666667282,0.04999999999999716,c1
2004-07-04,3,0.033333333333333215,0.05999999999999872,c1
2004-07-05,4,0.022499999999998188,0.03999999999999915,c1
2004-07-06,1,0.01999999999999602,0.01999999999999602,c1
2004-07-07,1,0.030000000000001137,0.030000000000001137,c1
2004-07-09,2,0.02499999999999858,0.03999999999999915,c1
2004-07-10,3,0.013333333333328312,0.01999999999999602,c1
2004-07-12,10,0.07700000000000137,0.20000000000000284,c1
2004-08-01,4,0.022499999999998188,0.030000000000001137,c1
2004-08-03,4,0.025000000000000355,0.05999999999999872,c1
2004-08-04,7,0.020000000000001097,0.04000000000000625,c1
2004-08-06,3,0.033333333333332625,0.05999999999999872,c1
2004-08-07,1,0.010000000000005116,0.010000000000005116,c1
2004-08-09,3,0.016666666666666902,0.030000000000001137,c1
2004-08-10,1,0.009999999999990905,0.009999999999990905,c1
2004-08-11,2,0.05499999999999261,0.07999999999998408,c1
2004-08-12,1,0.01999999999999602,0.01999999999999602,c1
2004-09-01,1,0.05000000000000426,0.05000000000000426,c1
2004-09-02,1,0.00999999999999801,0.00999999999999801,c1
2004-09-03,6,0.03500000000000162,0.07000000000000028,c1
2004-09-06,2,0.03499999999999659,0.05999999999999517,c1
2004-09-07,2,0.045000000000001705,0.0799999999999983,c1
2004-09-09,2,0.010000000000001563,0.010000000000005116,c1
2004-09-11,2,0.019999999999999574,0.030000000000001137,c1
2004-09-12,4,0.02749999999999675,0.060000000000002274,c1
2004-10-02,3,0.03999999999999915,0.0799999999999983,c1
2004-10-03,3,0.026666666666668466,0.04000000000000625,c1
2004-10-05,2,0.019999999999999574,0.030000000000001137,c1
2004-10-06,2,0.030000000000001137,0.04999999999999716,c1
2004-10-08,1,0.009999999999999787,0.009999999999999787,c1
2004-10-09,1,0.04999999999999716,0.04999999999999716,c1
2004-10-11,4,0.04750000000000121,0.10999999999999943,c1
2004-10-12,2,0.035000000000003695,0.04000000000000625,c1
2004-11-02,2,0.049999999999998934,0.05999999999999872,c1
2004-11-03,6,0.01999999999999928,0.04999999999999716,c1
2004-11-05,2,0.010000000000001563,0.010000000000005116,c1
2004-11-08,3,0.019999999999999574,0.02999999999999936,c1
2004-11-10,1,0.00999999999999801,0.00999999999999801,c1
2004-11-11,1,0.10000000000000142,0.10000000000000142,c1
2004-12-01,3,0.026666666666670835,0.030000000000001137,c1
2004-12-02,2,0.02499999999999858,0.03999999999999915,c1
2004-12-03,2,0.02499999999999858,0.03999999999999915,c1
2004-12-04,1,0.00999999999999801,0.00999999999999801,c1
2004-12-05,2,0.030000000000001137,0.04999999999999716,c1
2004-12-07,5,0.023999999999999133,0.040000000000000924,c1
2004-12-08,2,0.024999999999995026,0.03999999999999915,c1
2004-12-10,2,0.04500000000000082,0.060000000000002274,c1
2004-12-11,4,0.04499999999999904,0.05999999999999872,c1
2005-01-02,2,0.02499999999999858,0.030000000000001137,c1
2005-01-03,4,0.012500000000000622,0.020000000000003126,c1
2005-01-04,1,0.00999999999999801,0.00999999999999801,c1
2005-01-06,2,0.00999999999999801,0.00999999999999801,c1
2005-01-08,2,0.00999999999999801,0.00999999999999801,c1
2005-01-09,1,0.060000000000002274,0.060000000000002274,c1
2005-01-11,1,0.00999999999999801,0.00999999999999801,c1
2005-01-12,3,0.0500000000000019,0.10999999999999943,c1
2005-02-02,1,0.010000000000005116,0.010000000000005116,c1
2005-02-03,1,0.03999999999999915,0.03999999999999915,c1
2005-02-05,2,0.030000000000001137,0.05000000000000426,c1
2005-02-06,3,0.02666666666665189,0.03999999999996362,c1
2005-02-08,2,0.01999999999999602,0.02999999999999403,c1
2005-02-09,1,0.010000000000005116,0.010000000000005116,c1
2005-02-11,2,0.014999999999993463,0.01999999999998181,c1
2005-02-12,2,0.010000000000001563,0.010000000000005116,c1
2005-03-01,3,0.03000000000000232,0.060000000000002274,c1
2005-03-02,2,0.13999999999999702,0.2599999999999909,c1
2005-03-03,2,0.00999999999999801,0.010000000000005116,c1
2005-03-05,5,0.023999999999999844,0.060000000000002274,c1
2005-03-08,1,0.020000000000003126,0.020000000000003126,c1
2005-03-10,3,0.026666666666667282,0.030000000000001137,c1
2005-03-11,2,0.03000000000000469,0.05000000000001137,c1
2005-04-01,3,0.03666666666666707,0.0799999999999983,c1
2005-04-02,2,0.04499999999999105,0.07999999999998408,c1
2005-04-05,4,0.02499999999999858,0.05000000000000426,c1
2005-04-08,1,0.010000000000001563,0.010000000000001563,c1
2005-04-10,1,0.020000000000003126,0.020000000000003126,c1
2005-04-11,3,0.05000000000000071,0.10000000000000142,c1
2005-05-04,1,0.07000000000000028,0.07000000000000028,c1
2005-05-05,2,0.030000000000001137,0.03999999999999915,c1
2005-05-07,3,0.046666666666671595,0.05000000000001137,c1
2005-05-08,3,0.05333333333333575,0.12000000000000455,c1
2005-05-10,1,0.020000000000003126,0.020000000000003126,c1
2005-06-01,1,0.019999999999999574,0.019999999999999574,c1
2005-06-04,3,0.029999999999998767,0.06999999999999318,c1
2005-06-05,1,0.0799999999999983,0.0799999999999983,c1
2005-06-06,4,0.015000000000012115,0.030000000000001137,c1
2005-06-07,4,0.01750000000001073,0.03000000000002956,c1
2005-06-09,1,0.00999999999999801,0.00999999999999801,c1
2005-06-10,1,0.07000000000000028,0.07000000000000028,c1
2005-06-12,2,0.22500000000000142,0.4300000000000068,c1
2005-07-01,2,0.015000000000011227,0.020000000000003126,c1
2005-07-02,4,0.027499999999997193,0.05999999999998806,c1
2005-07-03,2,0.029999999999995808,0.05000000000000071,c1
2005-07-04,2,0.024999999999995026,0.03999999999999915,c1
2005-07-07,1,0.00999999999999801,0.00999999999999801,c1
2005-07-09,3,0.01666666666666572,0.02999999999999403,c1
2005-07-10,5,0.028000000000000115,0.060000000000002274,c1
2005-07-11,1,0.01999999999999602,0.01999999999999602,c1
2005-07-12,5,0.053999999999998494,0.18999999999999773,c1
2005-08-02,2,0.015000000000000568,0.01999999999999602,c1
2005-08-03,3,0.04000000000000744,0.10000000000002274,c1
2005-08-06,3,0.033333333333328476,0.07999999999998408,c1
2005-08-07,4,0.05500000000000238,0.18000000000000682,c1
2005-08-08,2,0.020000000000003126,0.020000000000003126,c1
2005-08-09,1,0.00999999999999801,0.00999999999999801,c1
2005-08-11,3,0.019999999999999574,0.020000000000003126,c1
2005-08-12,2,0.01999999999999602,0.030000000000001137,c1
2005-09-02,2,0.02999999999999936,0.05000000000000071,c1
2005-09-05,1,0.020000000000003126,0.020000000000003126,c1
2005-09-09,2,0.02999999999999936,0.03999999999999915,c1
2005-09-11,2,0.03499999999999659,0.05999999999999517,c1
2005-09-12,3,0.013333333333325944,0.01999999999999602,c1
2005-10-01,1,0.030000000000001137,0.030000000000001137,c1
2005-10-02,3,0.03333333333334091,0.07000000000000739,c1
2005-10-03,3,0.030000000000003507,0.03999999999999915,c1
2005-10-05,1,0.009999999999999787,0.009999999999999787,c1
2005-10-06,1,0.010000000000005116,0.010000000000005116,c1
2005-10-08,2,0.024999999999996803,0.02999999999999403,c1
2005-10-10,1,0.21999999999997044,0.21999999999997044,c1
2005-10-11,2,0.02499999999999858,0.03999999999999915,c1
2005-11-01,3,0.09333333333333371,0.21999999999999886,c1
2005-11-02,2,0.03500000000000192,0.05999999999999872,c1
2005-11-03,3,0.023333333333332245,0.03999999999999915,c1
2005-11-04,1,0.009999999999990905,0.009999999999990905,c1
2005-11-05,3,0.013333333333335418,0.020000000000003126,c1
2005-11-07,4,0.03250000000000597,0.10000000000002274,c1
2005-11-08,1,0.00999999999999801,0.00999999999999801,c1
2005-11-10,3,0.009999999999999195,0.010000000000001563,c1
2005-11-11,3,0.03333333333333618,0.05000000000000426,c1
2005-12-01,3,0.013333333333331865,0.019999999999999574,c1
2005-12-04,1,0.04999999999999716,0.04999999999999716,c1
2005-12-05,4,0.05500000000000327,0.10000000000002274,c1
2005-12-07,4,0.05249999999999577,0.14999999999997726,c1
2005-12-08,3,0.03333333333333025,0.04999999999999716,c1
2006-01-03,3,0.02333333333333461,0.030000000000001137,c1
2006-01-05,3,0.13666666666665842,0.2899999999999636,c1
2006-01-06,4,0.049999999999998046,0.10999999999999943,c1
2006-01-08,3,0.013333333333331865,0.01999999999999602,c1
2006-01-09,2,0.019999999999994245,0.029999999999997584,c1
2006-01-11,2,0.02499999999999858,0.04000000000000625,c1
2006-02-03,3,0.02333333333333106,0.030000000000001137,c1
2006-02-06,2,0.06500000000000483,0.11000000000001364,c1
2006-02-08,4,0.017500000000011617,0.03999999999999204,c1
2006-02-10,1,0.009999999999990905,0.009999999999990905,c1
2006-03-01,2,0.010000000000001563,0.010000000000005116,c1
2006-03-03,3,0.1000000000000038,0.2400000000000091,c1
2006-03-04,1,0.009999999999999787,0.009999999999999787,c1
2006-03-05,1,0.00999999999999801,0.00999999999999801,c1
2006-03-08,1,0.060000000000002274,0.060000000000002274,c1
2006-03-10,2,0.025000000000000355,0.030000000000001137,c1
2006-04-01,2,0.05499999999999261,0.06999999999999318,c1
2006-04-04,1,0.01999999999999602,0.01999999999999602,c1
2006-04-05,2,0.01999999999999602,0.030000000000001137,c1
2006-04-08,4,0.01750000000000096,0.030000000000001137,c1
2006-04-10,2,0.010000000000005116,0.010000000000005116,c1
2006-04-12,3,0.010000000000002748,0.010000000000019327,c1
2006-05-01,2,0.020000000000003126,0.030000000000001137,c1
2006-05-04,1,0.01999999999999602,0.01999999999999602,c1
2006-05-05,4,0.0975000000000028,0.36000000000001364,c1
2006-05-07,1,0.00999999999999801,0.00999999999999801,c1
2006-05-09,2,0.014999999999997904,0.01999999999999602,c1
2006-05-10,2,0.10000000000000142,0.18000000000000682,c1
2006-05-12,1,0.009999999999990905,0.009999999999990905,c1
2006-06-01,5,0.06199999999999548,0.21999999999997044,c1
2006-06-03,1,0.01999999999999602,0.01999999999999602,c1
2006-06-06,1,0.01999999999999602,0.01999999999999602,c1
2006-06-09,2,0.015000000000004121,0.020000000000003126,c1
2006-07-02,2,0.025000000000005684,0.030000000000001137,c1
2006-07-03,3,0.056666666666669606,0.12000000000000455,c1
2006-07-04,2,0.009999999999994458,0.00999999999999801,c1
2006-07-06,3,0.02666666666666136,0.030000000000001137,c1
2006-07-07,1,0.01999999999999602,0.01999999999999602,c1
2006-07-08,1,0.030000000000001137,0.030000000000001137,c1
2006-07-09,1,0.00999999999999801,0.00999999999999801,c1
2006-07-11,1,0.00999999999999801,0.00999999999999801,c1
2006-07-12,1,0.01999999999998181,0.01999999999998181,c1
2006-08-02,2,0.020000000000003126,0.030000000000001137,c1
2006-08-03,3,0.0166666666666823,0.020000000000038654,c1
2006-08-05,3,0.01666666666666572,0.019999999999999574,c1
2006-08-06,3,0.07333333333333651,0.18000000000000682,c1
2006-08-08,3,0.00999999999999801,0.010000000000001563,c1
2006-08-09,2,0.019999999999999574,0.030000000000001137,c1
2006-09-05,1,0.010000000000005116,0.010000000000005116,c1
2006-09-06,1,0.07999999999998408,0.07999999999998408,c1
2006-09-08,1,0.01999999999998181,0.01999999999998181,c1
2006-09-10,2,0.009999999999999787,0.010000000000001563,c1
2006-10-01,1,0.019999999999999574,0.019999999999999574,c1
2006-10-02,3,0.11999999999999862,0.3199999999999932,c1
2006-10-03,2,0.03500000000000103,0.060000000000002274,c1
2006-10-04,1,0.00999999999999801,0.00999999999999801,c1
2006-10-05,1,0.009999999999990905,0.009999999999990905,c1
2006-10-07,1,0.009999999999990905,0.009999999999990905,c1
2006-10-08,3,0.029999999999999954,0.07000000000000028,c1
2006-10-10,1,0.04999999999999716,0.04999999999999716,c1
2006-11-01,2,0.0400000000000027,0.060000000000002274,c1
2006-11-04,2,0.05000000000001137,0.060000000000002274,c1
2006-11-07,4,0.015000000000000124,0.030000000000001137,c1
2006-11-08,4,0.10500000000000398,0.30000000000001137,c1
2006-12-01,1,0.030000000000001137,0.030000000000001137,c1
2006-12-04,1,0.6999999999999886,0.6999999999999886,c1
2006-12-05,2,0.010000000000001563,0.010000000000005116,c1
2006-12-07,4,0.017499999999997407,0.030000000000001137,c1
2006-12-09,2,0.009999999999999787,0.010000000000001563,c1
2006-12-10,1,0.009999999999990905,0.009999999999990905,c1
2007-01-03,1,0.0799999999999983,0.0799999999999983,c1
2007-01-08,2,0.06499999999999773,0.09000000000000341,c1
2007-02-05,1,0.01999999999999602,0.01999999999999602,c1
2007-04-01,1,0.009999999999990905,0.009999999999990905,c1
2007-05-02,1,0.06999999999999318,0.06999999999999318,c1
2007-05-03,2,22.79500000000001,45.30000000000001,c1
2007-05-04,1,0.04000000000000625,0.04000000000000625,c1
2007-07-05,1,0.020000000000010232,0.020000000000010232,c1
2007-08-08,1,0.03999999999999915,0.03999999999999915,c1
2007-08-11,1,0.030000000000001137,0.030000000000001137,c1
2007-09-02,1,0.05999999999997385,0.05999999999997385,c1
2007-09-03,1,0.00999999999999801,0.00999999999999801,c1
2007-09-04,1,0.010000000000005116,0.010000000000005116,c1
2007-09-08,1,0.020000000000010232,0.020000000000010232,c1
2007-10-01,1,0.010000000000005116,0.010000000000005116,c1
2007-10-04,1,0.00999999999999801,0.00999999999999801,c1
2007-10-12,1,0.00999999999999801,0.00999999999999801,c1
2007-11-01,1,0.009999999999990905,0.009999999999990905,c1
2007-11-05,1,0.01999999999999602,0.01999999999999602,c1
2007-11-07,1,0.01999999999999602,0.01999999999999602,c1
2007-11-10,1,0.010000000000019327,0.010000000000019327,c1
2007-11-12,2,0.08999999999999275,0.13999999999998636,c1
2007-12-01,1,0.020000000000010232,0.020000000000010232,c1
2007-12-12,1,0.09000000000000341,0.09000000000000341,c1
2008-01-02,1,0.010000000000001563,0.010000000000001563,c1
2008-01-07,2,0.020000000000003126,0.030000000000001137,c1
2008-01-08,1,0.029999999999972715,0.029999999999972715,c1
2008-02-01,1,0.009999999999990905,0.009999999999990905,c1
2008-02-04,1,0.060000000000002274,0.060000000000002274,c1
2008-02-09,1,0.00999999999999801,0.00999999999999801,c1
2008-03-01,1,0.030000000000001137,0.030000000000001137,c1
2008-03-10,2,0.02500000000000213,0.02999999999999403,c1
2008-04-01,1,0.0700000000000216,0.0700000000000216,c1
2008-04-02,1,0.030000000000001137,0.030000000000001137,c1
2008-04-04,1,0.030000000000001137,0.030000000000001137,c1
2008-04-11,1,0.030000000000001137,0.030000000000001137,c1
2008-05-03,1,0.36000000000001364,0.36000000000001364,c1
2008-05-11,1,0.02000000000000135,0.02000000000000135,c1
2008-07-01,1,0.009999999999990905,0.009999999999990905,c1
2008-07-08,2,0.009999999999990905,0.009999999999990905,c1
2008-07-10,3,0.0500000000000019,0.12000000000000455,c1
2008-08-01,2,0.02499999999999858,0.030000000000001137,c1
2008-08-04,1,0.00999999999999801,0.00999999999999801,c1
2008-08-08,1,0.029999999999972715,0.029999999999972715,c1
2008-09-09,1,0.030000000000001137,0.030000000000001137,c1
2008-10-10,2,0.02499999999999858,0.029999999999997584,c1
2008-11-01,1,0.019999999999999574,0.019999999999999574,c1
2008-11-06,1,0.010000000000005116,0.010000000000005116,c1
2008-12-02,1,0.010000000000001563,0.010000000000001563,c1
2008-12-05,1,0.12000000000000455,0.12000000000000455,c1
2008-12-06,1,0.010000000000019327,0.010000000000019327,c1
2008-12-11,1,0.04000000000000625,0.04000000000000625,c1
2009-01-04,1,0.030000000000001137,0.030000000000001137,c1
2009-02-06,1,0.009999999999990905,0.009999999999990905,c1
2009-02-07,2,0.059999999999996945,0.09999999999999432,c1
2009-04-05,1,0.0999999999999659,0.0999999999999659,c1
2009-05-03,1,0.019999999999999574,0.019999999999999574,c1
2009-05-11,1,0.009999999999990905,0.009999999999990905,c1
2009-06-07,1,0.019999999999999574,0.019999999999999574,c1
2009-09-01,1,0.010000000000005116,0.010000000000005116,c1
2009-10-03,1,0.02999999999999936,0.02999999999999936,c1
2009-11-12,1,0.04999999999998295,0.04999999999998295,c1
2009-12-06,2,0.04000000000000625,0.05000000000001137,c1
,3062,0.21821501469627705,12.0,c1
1993-01-11,1,0.375,0.375,4pm
1993-02-09,1,0.125,0.125,4pm
1993-02-12,2,0.8125,1.0,4pm
1993-03-12,1,0.25,0.25,4pm
1993-04-11,1,2.125,2.125,4pm
1993-05-08,1,0.75,0.75,4pm
1993-06-12,1,0.75,0.75,4pm
1993-07-10,1,0.625,0.625,4pm
1993-08-11,1,2.125,2.125,4pm
1993-08-12,1,0.25,0.25,4pm
1993-09-09,1,0.125,0.125,4pm
1993-09-11,1,0.375,0.375,4pm
1993-09-12,1,0.5,0.5,4pm
1993-10-12,1,1.75,1.75,4pm
1994-01-03,1,0.5,0.5,4pm
1994-01-07,1,0.25,0.25,4pm
1994-01-08,1,0.25,0.25,4pm
1994-02-08,1,0.25,0.25,4pm
1994-02-09,1,0.125,0.125,4pm
1994-02-11,1,0.875,0.875,4pm
1994-02-12,1,1.125,1.125,4pm
1994-03-01,2,0.375,0.5,4pm
1994-03-06,2,0.6875,0.875,4pm
1994-03-08,1,0.5,0.5,4pm
1994-03-11,1,0.875,0.875,4pm
1994-04-02,1,0.125,0.125,4pm
1994-04-11,1,0.75,0.75,4pm
1994-05-01,1,0.75,0.75,4pm
1994-05-10,2,1.3125,2.375,4pm
1994-06-05,1,0.125,0.125,4pm
1994-06-09,1,1.0,1.0,4pm
1994-06-12,1,0.375,0.375,4pm
1994-07-01,2,0.5,0.75,4pm
1994-07-03,1,0.625,0.625,4pm
1994-07-04,1,0.5,0.5,4pm
1994-07-09,1,0.25,0.25,4pm
1994-07-10,1,0.25,0.25,4pm
1994-07-12,1,0.125,0.125,4pm
1994-08-02,1,0.625,0.625,4pm
1994-08-07,1,0.875,0.875,4pm
1994-08-08,1,0.5,0.5,4pm
1994-08-11,1,1.0,1.0,4pm
1994-09-06,1,1.0,1.0,4pm
1994-09-09,1,0.125,0.125,4pm
1994-10-01,1,0.875,0.875,4pm
1994-10-06,1,0.125,0.125,4pm
1994-10-08,1,0.25,0.25,4pm
1994-11-07,1,0.5,0.5,4pm
1994-11-10,3,1.2916666666666667,1.625,4pm
1994-12-12,1,0.375,0.375,4pm
1995-01-05,1,0.625,0.625,4pm
1995-01-06,2,0.25,0.25,4pm
1995-01-11,1,0.25,0.25,4pm
1995-02-06,1,0.375,0.375,4pm
1995-02-11,1,0.125,0.125,4pm
1995-03-04,1,2.375,2.375,4pm
1995-03-08,1,0.75,0.75,4pm
1995-03-10,2,0.375,0.625,4pm
1995-03-11,1,0.25,0.25,4pm
1995-04-04,1,1.5,1.5,4pm
1995-04-05,1,0.375,0.375,4pm
1995-04-08,1,0.5,0.5,4pm
1995-04-10,1,0.25,0.25,4pm
1995-04-12,1,0.25,0.25,4pm
1995-05-09,1,1.0,1.0,4pm
1995-06-06,2,0.625,1.0,4pm
1995-06-09,1,0.75,0.75,4pm
1995-06-12,1,0.375,0.375,4pm
1995-07-07,2,0.375,0.625,4pm
1995-07-09,1,0.5,0.5,4pm
1995-08-02,2,0.625,0.625,4pm
1995-08-06,1,0.25,0.25,4pm
1995-08-08,1,0.125,0.125,4pm
1995-08-11,2,0.375,0.5,4pm
1995-08-12,2,0.875,1.0,4pm
1995-09-01,1,0.375,0.375,4pm
1995-09-02,1,0.75,0.75,4pm
1995-09-03,1,0.25,0.25,4pm
1995-09-05,1,1.625,1.625,4pm
1995-09-06,1,0.125,0.125,4pm
1995-09-11,1,0.625,0.625,4pm
1995-10-07,1,0.625,0.625,4pm
1995-11-05,2,0.3125,0.375,4pm
1995-11-08,1,0.25,0.25,4pm
1995-11-09,1,0.125,0.125,4pm
1995-11-10,1,0.125,0.125,4pm
1995-12-04,1,1.25,1.25,4pm
1995-12-05,1,1.5,1.5,4pm
1995-12-09,2,0.75,0.875,4pm
1995-12-10,2,0.5625,0.875,4pm
1996-01-02,1,0.125,0.125,4pm
1996-01-05,1,0.125,0.125,4pm
1996-01-08,2,0.8125,1.0,4pm
1996-01-11,1,0.25,0.25,4pm
1996-03-09,9,0.7361111111111112,1.75,4pm
1996-04-10,2,0.75,1.125,4pm
1996-04-12,1,0.75,0.75,4pm
1996-05-06,1,0.75,0.75,4pm
1996-05-08,1,0.25,0.25,4pm
1996-05-11,1,1.375,1.375,4pm
1996-06-06,1,1.0,1.0,4pm
1996-06-09,1,0.75,0.75,4pm
1996-06-12,1,0.375,0.375,4pm
1996-07-05,1,1.0,1.0,4pm
1996-07-06,1,0.125,0.125,4pm
1996-07-08,2,1.125,2.125,4pm
1996-08-02,1,0.125,0.125,4pm
1996-08-04,1,0.125,0.125,4pm
1996-09-04,1,0.5,0.5,4pm
1996-09-05,1,0.5,0.5,4pm
1996-09-08,1,0.125,0.125,4pm
1996-09-10,1,0.5,0.5,4pm
1996-10-04,1,0.5,0.5,4pm
1996-10-07,8,0.32421875,1.125,4pm
1996-10-12,1,3.125,3.125,4pm
1996-12-07,1,0.5,0.5,4pm
1996-12-08,1,0.875,0.875,4pm
1996-12-11,1,0.5,0.5,4pm
1997-01-05,2,0.375,0.5,4pm
1997-01-12,1,2.625,2.625,4pm
1997-02-05,1,1.75,1.75,4pm
1997-03-01,2,3.875,7.5,4pm
1997-03-07,1,0.1875,0.1875,4pm
1997-03-11,1,0.1875,0.1875,4pm
1997-03-12,1,0.5625,0.5625,4pm
1997-04-02,1,0.375,0.375,4pm
1997-04-03,1,2.125,2.125,4pm
1997-04-09,1,0.5,0.5,4pm
1997-05-03,1,0.75,0.75,4pm
1997-05-11,2,0.4375,0.75,4pm
1997-06-01,1,0.125,0.125,4pm
1997-06-03,1,0.375,0.375,4pm
1997-06-06,1,0.6875,0.6875,4pm
1997-07-03,1,3.875,3.875,4pm
1997-07-05,1,2.125,2.125,4pm
1997-07-07,1,0.0625,0.0625,4pm
1997-07-10,1,0.125,0.125,4pm
1997-08-01,1,2.0,2.0,4pm
1997-08-07,1,0.125,0.125,4pm
1997-09-04,1,2.5,2.5,4pm
1997-09-06,1,0.9375,0.9375,4pm
1997-09-07,1,0.625,0.625,4pm
1997-09-12,1,0.125,0.125,4pm
1997-10-01,1,0.25,0.25,4pm
1997-10-04,1,1.625,1.625,4pm
1997-10-11,2,0.9375,1.4375,4pm
1997-10-12,2,0.25,0.3125,4pm
1997-11-03,1,0.5,0.5,4pm
1997-12-11,1,0.8125,0.8125,4pm
1998-01-07,1,0.875,0.875,4pm
1998-01-12,4,2.59375,8.875,4pm
1998-02-01,1,0.375,0.375,4pm
1998-02-02,1,0.25,0.25,4pm
1998-02-03,1,0.375,0.375,4pm
1998-02-06,1,0.1875,0.1875,4pm
1998-02-07,1,0.0625,0.0625,4pm
1998-02-09,1,0.6875,0.6875,4pm
1998-02-12,1,0.25,0.25,4pm
1998-03-08,1,1.125,1.125,4pm
1998-03-09,1,0.375,0.375,4pm
1998-03-11,1,0.625,0.625,4pm
1998-03-12,2,0.5625,0.625,4pm
1998-04-06,1,0.125,0.125,4pm
1998-04-08,1,0.625,0.625,4pm
1998-05-08,2,0.40625,0.4375,4pm
1998-05-11,1,0.1875,0.1875,4pm
1998-06-04,1,0.4375,0.4375,4pm
1998-06-05,1,0.4375,0.4375,4pm
1998-06-07,2,7.4375,14.625,4pm
1998-06-08,1,0.4375,0.4375,4pm
1998-07-01,1,0.25,0.25,4pm
1998-07-04,1,0.3125,0.3125,4pm
1998-07-07,1,0.25,0.25,4pm
1998-07-10,2,5.4375,10.6875,4pm
1998-08-01,2,0.25,0.3125,4pm
1998-08-04,1,0.4375,0.4375,4pm
1998-08-05,1,0.0625,0.0625,4pm
1998-08-06,1,0.375,0.375,4pm
1998-08-07,2,5.625,11.0,4pm
1998-08-09,2,0.625,1.1875,4pm
1998-08-10,1,0.5,0.5,4pm
1998-08-12,8,0.65625,1.875,4pm
1998-09-02,1,0.375,0.375,4pm
1998-09-04,1,0.1875,0.1875,4pm
1998-09-07,1,0.4375,0.4375,4pm
1998-09-09,3,2.2708333333333335,6.4375,4pm
1998-09-10,3,1.3333333333333333,3.1875,4pm
1998-09-11,2,0.1875,0.25,4pm
1998-10-02,1,0.375,0.375,4pm
1998-10-06,1,0.125,0.125,4pm
1998-10-07,1,0.1875,0.1875,4pm
1998-10-08,2,0.1875,0.3125,4pm
1998-10-09,2,0.40625,0.6875,4pm
1998-10-11,2,0.15625,0.25,4pm
1998-10-12,1,0.5625,0.5625,4pm
1998-11-05,1,1.25,1.25,4pm
1998-11-08,1,0.25,0.25,4pm
1998-11-09,1,0.5625,0.5625,4pm
1998-11-12,3,1.6041666666666667,2.9375,4pm
1998-12-06,1,0.4375,0.4375,4pm
1998-12-08,1,0.1875,0.1875,4pm
1998-12-10,1,1.25,1.25,4pm
1999-01-03,2,0.625,0.875,4pm
1999-01-04,1,0.5,0.5,4pm
1999-01-06,1,0.125,0.125,4pm
1999-01-07,3,0.2708333333333333,0.625,4pm
1999-01-09,1,0.0625,0.0625,4pm
1999-01-10,2,0.46875,0.5625,4pm
1999-01-11,1,0.3125,0.3125,4pm
1999-01-12,4,0.390625,1.0,4pm
1999-02-02,2,0.375,0.6875,4pm
1999-02-03,3,0.6666666666666666,1.4375,4pm
1999-02-06,1,0.0625,0.0625,4pm
1999-02-07,2,0.15625,0.25,4pm
1999-02-08,2,0.34375,0.4375,4pm
1999-02-11,2,0.25,0.4375,4pm
1999-02-12,1,0.125,0.125,4pm
1999-03-02,1,1.1875,1.1875,4pm
1999-03-03,2,0.15625,0.1875,4pm
1999-03-05,2,0.53125,1.0,4pm
1999-03-06,1,0.1875,0.1875,4pm
1999-03-08,1,0.0625,0.0625,4pm
1999-03-11,2,0.125,0.1875,4pm
1999-03-12,2,1.34375,2.3125,4pm
1999-04-01,3,3.2083333333333335,8.9375,4pm
1999-04-02,3,0.3125,0.75,4pm
1999-04-03,1,0.375,0.375,4pm
1999-04-05,2,1.0625,1.0625,4pm
1999-04-06,2,0.09375,0.125,4pm
1999-04-08,2,0.15625,0.25,4pm
1999-04-11,1,0.3125,0.3125,4pm
1999-05-01,1,0.4375,0.4375,4pm
1999-05-02,3,0.2916666666666667,0.5625,4pm
1999-05-03,2,0.125,0.1875,4pm
1999-05-04,2,1.25,1.3125,4pm
1999-05-08,2,0.28125,0.5,4pm
1999-05-10,1,0.1875,0.1875,4pm
1999-05-11,3,0.5208333333333334,1.25,4pm
1999-06-04,1,0.5625,0.5625,4pm
1999-06-05,2,0.375,0.4375,4pm
1999-06-07,1,0.125,0.125,4pm
1999-06-12,2,0.34375,0.4375,4pm
1999-07-04,1,0.125,0.125,4pm
1999-07-05,1,0.0625,0.0625,4pm
1999-07-06,2,0.21875,0.375,4pm
1999-07-07,1,0.125,0.125,4pm
1999-07-09,1,0.125,0.125,4pm
1999-07-10,2,0.125,0.1875,4pm
1999-07-12,3,0.3020833333333333,0.8125,4pm
1999-08-01,4,0.5,1.0,4pm
1999-08-02,2,0.59375,0.625,4pm
1999-08-03,2,0.15625,0.25,4pm
1999-08-04,1,0.0625,0.0625,4pm
1999-08-09,2,0.125,0.1875,4pm
1999-08-10,1,0.125,0.125,4pm
1999-08-11,2,0.625,0.8125,4pm
1999-08-12,1,0.0625,0.0625,4pm
1999-09-02,2,0.90625,1.125,4pm
1999-09-03,1,0.0625,0.0625,4pm
1999-09-06,1,1.8125,1.8125,4pm
1999-09-07,3,0.1875,0.3125,4pm
1999-09-08,2,0.34375,0.625,4pm
1999-09-09,1,0.1875,0.1875,4pm
1999-09-11,1,0.0625,0.0625,4pm
1999-09-12,3,0.6458333333333334,1.0,4pm
1999-10-02,1,0.4375,0.4375,4pm
1999-10-03,1,0.0625,0.0625,4pm
1999-10-05,1,1.4375,1.4375,4pm
1999-10-09,2,0.09375,0.125,4pm
1999-10-11,3,0.4791666666666667,0.8125,4pm
1999-10-12,2,0.375,0.625,4pm
1999-11-01,2,1.59375,2.3125,4pm
1999-11-03,2,1.0625,1.8125,4pm
1999-11-05,1,0.375,0.375,4pm
1999-11-06,1,0.5,0.5,4pm
1999-11-08,1,0.1875,0.1875,4pm
1999-11-10,1,0.1875,0.1875,4pm
1999-11-11,1,0.125,0.125,4pm
1999-12-01,1,0.3125,0.3125,4pm
1999-12-02,1,0.125,0.125,4pm
1999-12-04,1,0.0625,0.0625,4pm
1999-12-05,1,0.5,0.5,4pm
1999-12-07,1,0.125,0.125,4pm
1999-12-08,2,0.0625,0.0625,4pm
1999-12-10,2,0.0625,0.0625,4pm
2000-01-02,2,0.09375,0.125,4pm
2000-01-03,2,0.46875,0.8125,4pm
2000-01-06,2,0.375,0.6875,4pm
2000-01-08,3,0.25,0.3125,4pm
2000-01-09,1,0.125,0.125,4pm
2000-01-11,1,0.375,0.375,4pm
2000-01-12,3,0.16666666666666666,0.1875,4pm
2000-02-02,3,0.375,0.8125,4pm
2000-02-03,1,0.75,0.75,4pm
2000-02-05,1,0.1875,0.1875,4pm
2000-02-06,2,0.59375,0.9375,4pm
2000-02-08,4,0.171875,0.375,4pm
2000-02-11,1,0.1875,0.1875,4pm
2000-03-01,2,1.125,2.1875,4pm
2000-03-03,2,1.03125,2.0,4pm
2000-03-04,3,0.5625,1.0,4pm
2000-03-05,2,0.28125,0.5,4pm
2000-03-10,2,0.1875,0.3125,4pm
2000-03-11,1,0.3125,0.3125,4pm
2000-04-01,1,0.5,0.5,4pm
2000-04-02,1,0.8125,0.8125,4pm
2000-04-04,1,0.375,0.375,4pm
2000-04-05,2,0.3125,0.5625,4pm
2000-04-08,2,0.09375,0.125,4pm
2000-04-10,2,0.09375,0.125,4pm
2000-04-12,3,0.20833333333333334,0.3125,4pm
2000-05-01,3,0.052083333333333336,0.0625,4pm
2000-05-04,2,0.65625,0.75,4pm
2000-05-05,4,0.203125,0.4375,4pm
2000-05-06,1,0.0625,0.0625,4pm
2000-05-07,3,0.3958333333333333,0.8125,4pm
2000-05-09,2,0.25,0.375,4pm
2000-05-12,1,0.1875,0.1875,4pm
2000-06-01,4,0.140625,0.1875,4pm
2000-06-03,3,0.3958333333333333,0.6875,4pm
2000-06-04,2,0.1875,0.25,4pm
2000-06-06,3,0.8958333333333334,2.0,4pm
2000-06-07,2,0.375,0.5,4pm
2000-06-09,2,0.15625,0.25,4pm
2000-06-10,2,0.15625,0.25,4pm
2000-06-11,3,0.22916666666666666,0.5,4pm
2000-06-12,3,0.5833333333333334,1.4375,4pm
2000-07-01,1,2.0,2.0,4pm
2000-07-02,3,0.22916666666666666,0.4375,4pm
2000-07-03,1,0.1875,0.1875,4pm
2000-07-04,4,0.4375,0.6875,4pm
2000-07-08,1,0.0625,0.0625,4pm
2000-07-09,1,0.1875,0.1875,4pm
2000-07-11,2,0.8125,1.5625,4pm
2000-08-02,1,0.0625,0.0625,4pm
2000-08-03,2,0.125,0.1875,4pm
2000-08-05,2,0.09375,0.125,4pm
2000-08-06,3,0.375,0.625,4pm
2000-08-08,1,0.25,0.25,4pm
2000-08-09,3,0.5208333333333334,0.6875,4pm
2000-08-12,3,0.2708333333333333,0.6875,4pm
2000-09-02,3,0.16666666666666666,0.25,4pm
2000-09-03,3,0.3333333333333333,0.5625,4pm
2000-09-05,2,0.21875,0.25,4pm
2000-09-06,2,0.25,0.4375,4pm
2000-09-08,4,0.390625,1.0,4pm
2000-09-10,3,0.1875,0.25,4pm
2000-09-11,2,0.15625,0.25,4pm
2000-10-01,2,0.15625,0.1875,4pm
2000-10-02,2,0.4375,0.5,4pm
2000-10-03,1,0.375,0.375,4pm
2000-10-04,4,0.51953125,1.0,4pm
2000-10-05,3,0.15104166666666666,0.265625,4pm
2000-10-08,1,0.1875,0.1875,4pm
2000-10-10,3,0.25,0.375,4pm
2000-10-11,3,0.2708333333333333,0.375,4pm
2000-11-01,1,0.375,0.375,4pm
2000-11-02,1,0.125,0.125,4pm
2000-11-04,5,0.55,1.25,4pm
2000-11-05,2,0.125,0.1875,4pm
2000-11-07,1,0.1875,0.1875,4pm
2000-11-10,2,0.21875,0.375,4pm
2000-12-01,2,0.125,0.1875,4pm
2000-12-04,6,0.5520833333333334,1.0625,4pm
2000-12-05,2,0.40625,0.6875,4pm
2000-12-06,1,0.25,0.25,4pm
2000-12-07,1,0.0625,0.0625,4pm
2000-12-09,3,0.125,0.125,4pm
2000-12-10,2,0.625,1.0625,4pm
2000-12-12,1,0.0625,0.0625,4pm
2001-01-02,13,0.44480769230769224,1.2999999999999972,4pm
2001-01-05,4,0.1200000000000001,0.3299999999999983,4pm
2001-01-06,1,0.020000000000003126,0.020000000000003126,4pm
2001-01-08,1,0.019999999999999574,0.019999999999999574,4pm
2001-01-10,1,0.009999999999999787,0.009999999999999787,4pm
2001-01-11,2,0.035000000000001474,0.0400000000000027,4pm
2001-02-01,2,0.65625,1.0625,4pm
2001-02-02,5,0.10749999999999886,0.125,4pm
2001-02-03,3,0.23958333333333334,0.4375,4pm
2001-02-04,2,0.14500000000000046,0.25,4pm
2001-02-05,4,0.060000000000002274,0.120000000000001,4pm
2001-02-07,4,0.08500000000000085,0.14999999999999858,4pm
2001-02-08,4,0.02499999999999991,0.03999999999999915,4pm
2001-02-10,3,0.046666666666667446,0.10000000000000142,4pm
2001-02-11,3,0.10000000000000113,0.1700000000000017,4pm
2001-03-01,3,0.4375,0.9375,4pm
2001-03-04,4,0.06125000000000025,0.125,4pm
2001-03-05,1,0.010000000000001563,0.010000000000001563,4pm
2001-03-08,1,0.010000000000005116,0.010000000000005116,4pm
2001-03-12,2,0.015000000000001457,0.020000000000003126,4pm
2001-04-01,3,0.16666666666666666,0.375,4pm
2001-04-04,2,0.024999999999999467,0.03999999999999915,4pm
2001-04-05,4,0.052499999999999325,0.11000000000000298,4pm
2001-04-06,1,0.03999999999999915,0.03999999999999915,4pm
2001-04-09,3,0.0733333333333294,0.1799999999999926,4pm
2001-04-10,3,0.060000000000001386,0.10000000000000142,4pm
2001-04-12,3,0.2766666666666655,0.7099999999999973,4pm
2001-05-02,2,0.1875,0.3125,4pm
2001-05-03,2,0.28125,0.4375,4pm
2001-05-06,3,0.1033333333333341,0.259999999999998,4pm
2001-05-07,3,0.14999999999999739,0.23999999999999488,4pm
2001-05-09,2,0.1299999999999999,0.16000000000000014,4pm
2001-05-10,3,0.05333333333333575,0.08999999999999986,4pm
2001-05-12,6,0.07333333333333385,0.2700000000000031,4pm
2001-06-02,1,0.125,0.125,4pm
2001-06-03,2,0.125,0.1875,4pm
2001-06-04,2,0.06499999999999861,0.0799999999999983,4pm
2001-06-06,1,0.23000000000000043,0.23000000000000043,4pm
2001-06-07,3,0.08666666666666482,0.129999999999999,4pm
2001-06-08,4,0.05249999999999755,0.09999999999999787,4pm
2001-06-09,2,0.24999999999999822,0.4099999999999966,4pm
2001-06-11,4,0.16000000000000014,0.5200000000000031,4pm
2001-06-12,3,0.043333333333333,0.08999999999999986,4pm
2001-07-02,2,0.28125,0.5,4pm
2001-07-03,2,0.0625,0.0625,4pm
2001-07-05,3,0.08000000000000185,0.1700000000000017,4pm
2001-07-06,3,0.053333333333329826,0.11999999999999034,4pm
2001-07-08,2,0.07000000000000028,0.10999999999999943,4pm
2001-07-09,1,0.02999999999999936,0.02999999999999936,4pm
2001-07-11,2,0.045000000000002593,0.08000000000000007,4pm
2001-07-12,3,0.33999999999999986,0.8999999999999986,4pm
2001-08-01,3,0.22916666666666666,0.4375,4pm
2001-08-03,2,0.09375,0.125,4pm
2001-08-05,3,0.20000000000000165,0.4000000000000057,4pm
2001-08-06,3,0.016666666666666313,0.019999999999999574,4pm
2001-08-10,2,0.019999999999999574,0.030000000000001137,4pm
2001-08-11,2,0.02999999999999936,0.03999999999999915,4pm
2001-09-02,3,0.15250000000000105,0.3125,4pm
2001-09-03,1,1.875,1.875,4pm
2001-09-04,2,0.030000000000001137,0.030000000000001137,4pm
2001-09-05,3,0.10666666666666498,0.1799999999999926,4pm
2001-09-07,3,0.1333333333333364,0.38000000000000966,4pm
2001-09-08,2,0.245000000000001,0.45000000000000284,4pm
2001-09-10,1,0.10000000000000142,0.10000000000000142,4pm
2001-09-11,1,1.4399999999999977,1.4399999999999977,4pm
2001-10-01,3,0.6875,1.875,4pm
2001-10-04,2,0.10000000000000053,0.120000000000001,4pm
2001-10-05,1,0.05000000000000071,0.05000000000000071,4pm
2001-10-07,1,0.1700000000000017,0.1700000000000017,4pm
2001-10-08,2,0.054999999999999716,0.060000000000002274,4pm
2001-10-09,3,0.16333333333333636,0.3500000000000085,4pm
2001-10-10,2,0.03500000000000014,0.03999999999999915,4pm
2001-10-12,4,0.11749999999999883,0.2799999999999976,4pm
2001-11-01,1,0.3125,0.3125,4pm
2001-11-04,4,0.08500000000000174,0.2400000000000091,4pm
2001-11-05,3,0.06333333333333317,0.08000000000000007,4pm
2001-11-06,1,0.1800000000000015,0.1800000000000015,4pm
2001-11-07,1,0.129999999999999,0.129999999999999,4pm
2001-11-10,2,0.375,0.7100000000000009,4pm
2001-11-12,3,0.06333333333333495,0.10999999999999943,4pm
2001-12-01,3,0.25,0.625,4pm
2001-12-02,2,0.46875,0.875,4pm
2001-12-03,3,0.10833333333333428,0.20000000000000284,4pm
2001-12-04,4,0.05250000000000021,0.08000000000000185,4pm
2001-12-06,2,0.019999999999999574,0.019999999999999574,4pm
2001-12-07,1,0.12999999999999545,0.12999999999999545,4pm
2001-12-10,13,0.10846153846153889,0.3299999999999983,4pm
2001-12-11,2,0.1999999999999993,0.39000000000000057,4pm
2001-12-12,5,0.16200000000000045,0.39000000000000057,4pm
2002-01-02,4,0.055000000000000604,0.1599999999999966,4pm
2002-01-03,2,0.3700000000000001,0.7300000000000004,4pm
2002-01-04,3,0.5400000000000004,1.0799999999999983,4pm
2002-01-05,5,0.09800000000000111,0.3999999999999986,4pm
2002-01-07,1,0.5099999999999998,0.5099999999999998,4pm
2002-01-08,1,0.010000000000001563,0.010000000000001563,4pm
2002-01-10,4,0.03999999999999959,0.09000000000000341,4pm
2002-01-11,3,0.01000000000000334,0.010000000000005116,4pm
2002-02-01,5,0.3500000000000025,1.2900000000000063,4pm
2002-02-04,2,0.28000000000000025,0.46000000000000085,4pm
2002-02-05,3,0.05666666666666605,0.10000000000000142,4pm
2002-02-07,3,0.18333333333333476,0.40000000000000213,4pm
2002-02-08,5,0.07800000000000082,0.18999999999999773,4pm
2002-02-10,4,0.06749999999999945,0.16000000000000014,4pm
2002-02-12,3,0.013333333333333641,0.01999999999999602,4pm
2002-03-01,4,0.35249999999999826,1.2199999999999989,4pm
2002-03-04,2,0.0600000000000005,0.060000000000002274,4pm
2002-03-05,2,0.02500000000000213,0.0400000000000027,4pm
2002-03-06,4,0.11000000000000076,0.3100000000000023,4pm
2002-03-07,4,0.13999999999999968,0.3899999999999988,4pm
2002-03-09,2,0.014999999999998792,0.01999999999999602,4pm
2002-03-10,3,0.07666666666666562,0.16000000000000014,4pm
2002-03-12,1,0.03999999999999915,0.03999999999999915,4pm
2002-04-01,3,0.1466666666666677,0.28000000000000114,4pm
2002-04-02,3,0.049999999999999524,0.10999999999999943,4pm
2002-04-03,4,0.2549999999999999,0.3500000000000014,4pm
2002-04-04,2,0.030000000000001137,0.030000000000001137,4pm
2002-04-06,1,0.05000000000000071,0.05000000000000071,4pm
2002-04-09,2,0.04500000000000082,0.05000000000000071,4pm
2002-04-10,4,0.027500000000000746,0.03999999999999915,4pm
2002-04-12,4,0.029999999999996696,0.05999999999998806,4pm
2002-05-02,4,0.39500000000000046,1.3500000000000014,4pm
2002-05-03,1,0.5799999999999983,0.5799999999999983,4pm
2002-05-04,3,0.17666666666666764,0.47000000000000064,4pm
2002-05-06,3,0.13666666666666671,0.33000000000000185,4pm
2002-05-08,2,0.019999999999997797,0.019999999999999574,4pm
2002-05-09,3,0.10333333333333587,0.27999999999999936,4pm
2002-06-02,3,0.033333333333333805,0.05000000000000426,4pm
2002-06-03,13,0.40307692307692405,1.2600000000000016,4pm
2002-06-05,2,0.034999999999998366,0.04999999999999716,4pm
2002-06-06,1,0.019999999999999574,0.019999999999999574,4pm
2002-06-08,2,0.08500000000000085,0.120000000000001,4pm
2002-06-09,3,0.03666666666666588,0.05000000000000071,4pm
2002-06-12,2,0.02000000000000135,0.030000000000001137,4pm
2002-07-01,2,0.10999999999999588,0.20999999999999375,4pm
2002-07-02,4,0.0825000000000018,0.19000000000000483,4pm
2002-07-03,1,0.6600000000000037,0.6600000000000037,4pm
2002-07-05,3,0.15000000000000036,0.3200000000000003,4pm
2002-07-06,5,0.24400000000000083,0.7699999999999996,4pm
2002-07-08,3,0.04333333333333478,0.0799999999999983,4pm
2002-07-10,3,0.0366666666666647,0.060000000000002274,4pm
2002-07-11,3,0.016666666666664536,0.019999999999999574,4pm
2002-08-01,4,0.05499999999999794,0.09999999999999787,4pm
2002-08-02,8,0.14749999999999885,0.44999999999999574,4pm
2002-08-03,3,0.4733333333333339,1.1599999999999966,4pm
2002-08-04,2,0.01499999999999968,0.019999999999999574,4pm
2002-08-05,4,0.3524999999999996,0.7200000000000024,4pm
2002-08-07,1,0.010000000000001563,0.010000000000001563,4pm
2002-08-08,4,0.11500000000000021,0.28999999999999915,4pm
2002-08-10,3,0.02666666666666906,0.0600000000000005,4pm
2002-08-11,1,0.020000000000003126,0.020000000000003126,4pm
2002-09-01,5,0.05200000000000067,0.19000000000000128,4pm
2002-09-04,1,0.0899999999999963,0.0899999999999963,4pm
2002-09-07,3,0.3533333333333329,0.9200000000000017,4pm
2002-09-08,3,0.14666666666666592,0.3699999999999992,4pm
2002-09-09,3,0.09666666666666697,0.2599999999999998,4pm
2002-09-10,6,0.06166666666666565,0.12999999999999545,4pm
2002-09-12,1,0.01999999999999602,0.01999999999999602,4pm
2002-10-01,4,0.11499999999999888,0.41999999999999815,4pm
2002-10-04,2,0.34499999999999975,0.46999999999999886,4pm
2002-10-05,3,0.18333333333333357,0.379999999999999,4pm
2002-10-06,2,0.03999999999999915,0.05999999999999872,4pm
2002-10-07,2,0.1750000000000007,0.33999999999999986,4pm
2002-10-09,2,0.019999999999998685,0.029999999999997584,4pm
2002-10-10,3,0.02666666666666373,0.03999999999999915,4pm
2002-11-01,1,0.7099999999999937,0.7099999999999937,4pm
2002-11-02,3,0.35666666666666674,0.8999999999999986,4pm
2002-11-03,2,0.2799999999999958,0.34999999999999787,4pm
2002-11-04,3,0.1433333333333362,0.20000000000000107,4pm
2002-11-06,1,1.1300000000000026,1.1300000000000026,4pm
2002-11-07,1,0.060000000000002274,0.060000000000002274,4pm
2002-11-09,2,0.14999999999999858,0.28000000000000114,4pm
2002-11-10,2,0.035000000000003695,0.04000000000000625,4pm
2002-11-12,1,0.019999999999999574,0.019999999999999574,4pm
2002-12-02,3,0.1100000000000018,0.14000000000000057,4pm
2002-12-03,6,0.09833333333333243,0.1699999999999946,4pm
2002-12-04,5,0.04200000000000017,0.0799999999999983,4pm
2002-12-06,5,0.3579999999999991,1.0599999999999987,4pm
2002-12-07,5,0.09200000000000016,0.3800000000000008,4pm
2002-12-08,3,0.10666666666666617,0.2599999999999998,4pm
2002-12-09,1,0.00999999999999801,0.00999999999999801,4pm
2002-12-11,1,0.009999999999999787,0.009999999999999787,4pm
2002-12-12,2,0.014999999999997904,0.01999999999999602,4pm
2003-01-04,1,0.029999999999997584,0.029999999999997584,4pm
2003-01-07,2,0.02500000000000213,0.0400000000000027,4pm
2003-01-08,3,0.02666666666666373,0.03999999999999915,4pm
2003-01-10,3,0.040000000000000334,0.07000000000000028,4pm
2003-01-12,3,0.016666666666664536,0.030000000000001137,4pm
2003-02-01,3,0.026666666666667876,0.060000000000002274,4pm
2003-02-04,1,0.019999999999999574,0.019999999999999574,4pm
2003-02-05,2,0.009999999999995346,0.009999999999999787,4pm
2003-02-06,1,0.010000000000005116,0.010000000000005116,4pm
2003-02-07,3,0.01666666666666809,0.030000000000001137,4pm
2003-02-09,1,0.00999999999999801,0.00999999999999801,4pm
2003-02-10,1,0.030000000000001137,0.030000000000001137,4pm
2003-02-12,2,0.02499999999999858,0.030000000000001137,4pm
2003-03-02,2,0.009999999999999787,0.009999999999999787,4pm
2003-03-03,1,0.08999999999999986,0.08999999999999986,4pm
2003-03-04,2,0.009999999999995346,0.009999999999999787,4pm
2003-03-09,2,0.009999999999999787,0.010000000000001563,4pm
2003-03-10,3,0.013333333333334233,0.019999999999999574,4pm
2003-03-11,4,0.035000000000000586,0.05000000000000071,4pm
2003-03-12,3,0.036666666666668256,0.04000000000000625,4pm
2003-04-02,1,0.00999999999999801,0.00999999999999801,4pm
2003-04-03,1,0.00999999999999801,0.00999999999999801,4pm
2003-04-04,2,0.014999999999998792,0.019999999999999574,4pm
2003-04-06,2,0.015000000000000568,0.019999999999999574,4pm
2003-04-08,4,0.012499999999997069,0.019999999999999574,4pm
2003-04-09,1,0.019999999999999574,0.019999999999999574,4pm
2003-04-11,3,0.01333333333333305,0.020000000000003126,4pm
2003-05-02,2,0.020000000000002238,0.020000000000003126,4pm
2003-05-03,2,0.01499999999999968,0.019999999999999574,4pm
2003-05-05,2,0.01999999999999602,0.030000000000001137,4pm
2003-05-06,2,0.04499999999999815,0.07000000000000028,4pm
2003-05-08,3,0.01666666666666572,0.020000000000003126,4pm
2003-05-09,5,0.016000000000000368,0.030000000000001137,4pm
2003-05-11,2,0.03499999999999748,0.049999999999998934,4pm
2003-05-12,3,0.01999999999999898,0.03999999999999915,4pm
2003-06-02,3,0.013333333333334826,0.019999999999999574,4pm
2003-06-05,1,0.010000000000005116,0.010000000000005116,4pm
2003-06-06,2,0.02999999999999403,0.04999999999999716,4pm
2003-06-08,3,0.020000000000000757,0.030000000000001137,4pm
2003-06-10,2,0.019999999999997797,0.02999999999999403,4pm
2003-06-11,4,0.02000000000000135,0.03999999999999915,4pm
2003-07-01,1,0.009999999999999787,0.009999999999999787,4pm
2003-07-02,1,0.00999999999999801,0.00999999999999801,4pm
2003-07-04,2,0.014999999999997016,0.01999999999999602,4pm
2003-07-05,1,0.019999999999999574,0.019999999999999574,4pm
2003-07-07,5,0.04800000000000217,0.16999999999999993,4pm
2003-07-10,3,0.013333333333334233,0.019999999999999574,4pm
2003-07-11,3,0.009999999999996826,0.010000000000001563,4pm
2003-08-01,1,0.030000000000001137,0.030000000000001137,4pm
2003-08-04,1,0.010000000000001563,0.010000000000001563,4pm
2003-08-05,2,0.014999999999997016,0.01999999999999602,4pm
2003-08-07,4,0.017499999999999183,0.029999999999986926,4pm
2003-08-08,2,0.01499999999999968,0.019999999999999574,4pm
2003-08-09,2,0.014999999999998792,0.019999999999999574,4pm
2003-08-12,2,0.025000000000000355,0.030000000000001137,4pm
2003-09-01,4,0.0224999999999973,0.029999999999997584,4pm
2003-09-04,1,0.00999999999999801,0.00999999999999801,4pm
2003-09-06,1,0.00999999999999801,0.00999999999999801,4pm
2003-09-07,2,0.06500000000000128,0.12000000000000455,4pm
2003-09-10,2,0.040000000000000924,0.05000000000000071,4pm
2003-10-01,3,0.010000000000002748,0.010000000000005116,4pm
2003-10-02,1,0.009999999999999787,0.009999999999999787,4pm
2003-10-03,3,0.01333333333333305,0.020000000000003126,4pm
2003-10-04,2,0.014999999999997016,0.01999999999999602,4pm
2003-10-06,1,0.019999999999999574,0.019999999999999574,4pm
2003-10-07,3,0.04666666666666567,0.07000000000000028,4pm
2003-10-10,2,0.05000000000000071,0.07000000000000028,4pm
2003-10-11,4,0.015000000000001013,0.030000000000001137,4pm
2003-10-12,2,0.025000000000005684,0.030000000000001137,4pm
2003-11-02,1,0.009999999999999787,0.009999999999999787,4pm
2003-11-07,1,0.030000000000001137,0.030000000000001137,4pm
2003-11-08,1,0.10000000000000142,0.10000000000000142,4pm
2003-11-09,2,0.019999999999999574,0.030000000000001137,4pm
2003-11-11,1,0.010000000000005116,0.010000000000005116,4pm
2003-11-12,3,0.016666666666666902,0.030000000000001137,4pm
2003-12-05,1,0.030000000000001137,0.030000000000001137,4pm
2003-12-06,1,0.010000000000005116,0.010000000000005116,4pm
2003-12-08,1,0.02999999999999936,0.02999999999999936,4pm
2003-12-09,3,0.033333333333333805,0.03999999999999915,4pm
2003-12-11,2,0.03500000000000014,0.05000000000000426,4pm
2003-12-12,1,0.020000000000010232,0.020000000000010232,4pm
2004-01-03,1,0.05000000000000071,0.05000000000000071,4pm
2004-01-04,6,0.03833333333333341,0.05999999999999872,4pm
2004-01-06,3,0.00999999999999801,0.00999999999999801,4pm
2004-01-07,2,0.025000000000003908,0.0400000000000027,4pm
2004-01-09,1,0.010000000000001563,0.010000000000001563,4pm
2004-01-10,3,0.02333333333333047,0.040000000000000924,4pm
2004-01-11,4,0.03500000000000014,0.09000000000000341,4pm
2004-01-12,4,0.03250000000000153,0.04999999999999716,4pm
2004-02-01,2,0.03500000000000103,0.049999999999998934,4pm
2004-02-02,3,0.11666666666666714,0.21000000000000085,4pm
2004-02-03,5,0.014000000000000058,0.019999999999999574,4pm
2004-02-04,4,0.032500000000001084,0.060000000000002274,4pm
2004-02-06,2,0.014999999999997016,0.01999999999999602,4pm
2004-02-07,5,0.02800000000000118,0.04000000000000625,4pm
2004-02-08,1,0.060000000000002274,0.060000000000002274,4pm
2004-02-09,2,0.015000000000002345,0.019999999999999574,4pm
2004-02-11,3,0.07000000000000206,0.12000000000000455,4pm
2004-02-12,1,0.019999999999999574,0.019999999999999574,4pm
2004-03-02,3,0.013333333333334233,0.01999999999999602,4pm
2004-03-03,1,0.02999999999999936,0.02999999999999936,4pm
2004-03-05,4,0.03750000000000053,0.07000000000000028,4pm
2004-03-06,2,0.06500000000000128,0.07000000000000028,4pm
2004-03-08,1,0.02000000000000135,0.02000000000000135,4pm
2004-03-09,1,0.020000000000003126,0.020000000000003126,4pm
2004-03-11,3,0.07333333333333354,0.15000000000000568,4pm
2004-03-12,2,0.05500000000000238,0.09000000000000341,4pm
2004-04-02,2,0.009999999999999787,0.010000000000001563,4pm
2004-04-03,2,0.015000000000001457,0.020000000000003126,4pm
2004-04-05,2,0.01000000000000334,0.010000000000005116,4pm
2004-04-06,4,0.024999999999996803,0.04999999999999716,4pm
2004-04-08,2,0.025000000000005684,0.030000000000001137,4pm
2004-04-10,2,0.019999999999998685,0.02999999999999936,4pm
2004-04-11,3,0.19000000000000009,0.46999999999999886,4pm
2004-05-01,4,0.02499999999999991,0.04999999999999716,4pm
2004-05-02,2,0.05000000000000071,0.09000000000000341,4pm
2004-05-03,2,0.06500000000000128,0.07000000000000028,4pm
2004-05-04,2,0.019999999999999574,0.020000000000003126,4pm
2004-05-05,1,0.09999999999999787,0.09999999999999787,4pm
2004-05-08,1,0.030000000000001137,0.030000000000001137,4pm
2004-05-10,2,0.010000000000001563,0.010000000000005116,4pm
2004-05-11,1,0.010000000000005116,0.010000000000005116,4pm
2004-06-02,1,0.00999999999999801,0.00999999999999801,4pm
2004-06-04,2,0.030000000000001137,0.030000000000001137,4pm
2004-06-05,2,0.014999999999998792,0.019999999999999574,4pm
2004-06-07,2,0.020000000000000462,0.030000000000001137,4pm
2004-06-08,4,0.042500000000000426,0.08999999999999986,4pm
2004-06-10,2,0.029999999999997584,0.03999999999999915,4pm
2004-06-12,3,0.05000000000000426,0.07000000000000028,4pm
2004-07-01,3,0.026666666666667282,0.04999999999999716,4pm
2004-07-04,2,0.02999999999999936,0.03999999999999915,4pm
2004-07-05,3,0.016666666666666313,0.030000000000001137,4pm
2004-07-07,2,0.025000000000000355,0.030000000000001137,4pm
2004-07-09,1,0.00999999999999801,0.00999999999999801,4pm
2004-07-10,2,0.02499999999999858,0.030000000000001137,4pm
2004-07-12,10,0.07300000000000147,0.20000000000000284,4pm
2004-08-01,4,0.01999999999999602,0.03999999999999915,4pm
2004-08-03,1,0.020000000000003126,0.020000000000003126,4pm
2004-08-04,7,0.021428571428572747,0.04000000000000625,4pm
2004-08-06,3,0.01666666666666335,0.030000000000001137,4pm
2004-08-07,2,0.0400000000000027,0.07000000000000028,4pm
2004-08-09,3,0.020000000000000167,0.030000000000001137,4pm
2004-08-10,2,0.014999999999997016,0.020000000000003126,4pm
2004-08-11,1,0.07999999999998408,0.07999999999998408,4pm
2004-09-01,2,0.03000000000000469,0.05000000000000426,4pm
2004-09-02,1,0.010000000000001563,0.010000000000001563,4pm
2004-09-03,4,0.01750000000000007,0.020000000000003126,4pm
2004-09-06,2,0.014999999999997016,0.01999999999999602,4pm
2004-09-07,2,0.06500000000000128,0.12000000000000455,4pm
2004-09-09,2,0.02500000000000213,0.03999999999999915,4pm
2004-09-11,1,0.00999999999999801,0.00999999999999801,4pm
2004-09-12,2,0.010000000000000675,0.010000000000001563,4pm
2004-10-02,3,0.0533333333333322,0.11999999999999744,4pm
2004-10-03,5,0.021999999999998465,0.04999999999999716,4pm
2004-10-05,2,0.019999999999999574,0.030000000000001137,4pm
2004-10-06,1,0.010000000000005116,0.010000000000005116,4pm
2004-10-08,2,0.024999999999999467,0.03999999999999915,4pm
2004-10-09,3,0.0533333333333322,0.07000000000000028,4pm
2004-10-11,4,0.03749999999999698,0.0799999999999983,4pm
2004-10-12,1,0.04000000000000625,0.04000000000000625,4pm
2004-11-02,4,0.03249999999999709,0.05999999999999872,4pm
2004-11-03,7,0.018571428571428177,0.04999999999999716,4pm
2004-11-05,2,0.010000000000001563,0.010000000000005116,4pm
2004-11-08,2,0.010000000000000675,0.010000000000001563,4pm
2004-11-10,1,0.03999999999999915,0.03999999999999915,4pm
2004-11-11,3,0.043333333333331815,0.10000000000000142,4pm
2004-12-01,2,0.030000000000005578,0.040000000000000924,4pm
2004-12-02,3,0.01666666666666572,0.019999999999999574,4pm
2004-12-03,1,0.11000000000000654,0.11000000000000654,4pm
2004-12-04,1,0.00999999999999801,0.00999999999999801,4pm
2004-12-05,3,0.03333333333333499,0.04999999999999716,4pm
2004-12-07,4,0.022499999999999076,0.05000000000000071,4pm
2004-12-08,2,0.030000000000002025,0.05000000000000426,4pm
2004-12-10,2,0.04500000000000082,0.060000000000002274,4pm
2004-12-11,4,0.05749999999999744,0.0899999999999963,4pm
2005-01-03,4,0.012500000000000622,0.01999999999999602,4pm
2005-01-04,1,0.00999999999999801,0.00999999999999801,4pm
2005-01-06,1,0.060000000000002274,0.060000000000002274,4pm
2005-01-07,1,0.010000000000001563,0.010000000000001563,4pm
2005-01-12,2,0.02000000000000135,0.020000000000003126,4pm
2005-02-02,1,0.010000000000005116,0.010000000000005116,4pm
2005-02-03,2,0.0400000000000027,0.060000000000002274,4pm
2005-02-05,2,0.02499999999999858,0.03999999999999915,4pm
2005-02-06,4,0.02249999999998753,0.049999999999954525,4pm
2005-02-09,1,0.03999999999999915,0.03999999999999915,4pm
2005-02-11,1,0.01999999999998181,0.01999999999998181,4pm
2005-02-12,2,0.010000000000001563,0.010000000000005116,4pm
2005-03-01,3,0.03333333333333558,0.0800000000000054,4pm
2005-03-02,2,0.1349999999999909,0.2599999999999909,4pm
2005-03-03,3,0.009999999999999195,0.010000000000005116,4pm
2005-03-05,4,0.03000000000000025,0.060000000000002274,4pm
2005-03-06,1,0.060000000000002274,0.060000000000002274,4pm
2005-03-10,3,0.02333333333333402,0.030000000000001137,4pm
2005-03-11,2,0.03000000000000469,0.05000000000001137,4pm
2005-04-01,4,0.04500000000000037,0.0799999999999983,4pm
2005-04-03,3,0.019999999999999574,0.030000000000001137,4pm
2005-04-05,5,0.019999999999999574,0.030000000000001137,4pm
2005-04-08,1,0.010000000000001563,0.010000000000001563,4pm
2005-04-10,1,0.00999999999999801,0.00999999999999801,4pm
2005-04-11,1,0.00999999999999801,0.00999999999999801,4pm
2005-05-01,2,0.010000000000000675,0.010000000000001563,4pm
2005-05-04,1,0.07000000000000028,0.07000000000000028,4pm
2005-05-05,2,0.02999999999999936,0.0400000000000027,4pm
2005-05-07,2,0.040000000000000924,0.05999999999999872,4pm
2005-05-08,1,0.03999999999999915,0.03999999999999915,4pm
2005-05-10,1,0.010000000000005116,0.010000000000005116,4pm
2005-06-01,1,0.029999999999997584,0.029999999999997584,4pm
2005-06-05,1,0.020000000000003126,0.020000000000003126,4pm
2005-06-06,2,0.025000000000000355,0.03999999999999915,4pm
2005-06-07,3,0.016666666666670455,0.020000000000010232,4pm
2005-06-09,1,0.00999999999999801,0.00999999999999801,4pm
2005-06-10,1,0.07000000000000028,0.07000000000000028,4pm
2005-06-12,1,0.12999999999999545,0.12999999999999545,4pm
2005-07-01,1,0.020000000000003126,0.020000000000003126,4pm
2005-07-02,4,0.01250000000000373,0.01999999999999602,4pm
2005-07-03,3,0.0633333333333302,0.12999999999999545,4pm
2005-07-04,3,0.023333333333329875,0.04999999999999716,4pm
2005-07-06,1,0.019999999999999574,0.019999999999999574,4pm
2005-07-09,2,0.01999999999999602,0.01999999999999602,4pm
2005-07-10,4,0.02500000000000213,0.060000000000002274,4pm
2005-07-12,4,0.05999999999999961,0.18999999999999773,4pm
2005-08-02,3,0.020000000000000757,0.030000000000001137,4pm
2005-08-03,2,0.009999999999999787,0.010000000000001563,4pm
2005-08-06,1,0.009999999999999787,0.009999999999999787,4pm
2005-08-07,3,0.009999999999999195,0.010000000000001563,4pm
2005-08-08,1,0.020000000000003126,0.020000000000003126,4pm
2005-08-09,3,0.010000000000001563,0.010000000000005116,4pm
2005-08-11,3,0.016666666666666902,0.020000000000003126,4pm
2005-08-12,2,0.02499999999999858,0.030000000000001137,4pm
2005-09-02,4,0.019999999999997797,0.03999999999999915,4pm
2005-09-03,4,0.009999999999999787,0.010000000000005116,4pm
2005-09-06,1,0.010000000000001563,0.010000000000001563,4pm
2005-09-09,3,0.023333333333332245,0.03999999999999915,4pm
2005-09-11,3,0.026666666666664323,0.05999999999999517,4pm
2005-09-12,1,0.009999999999990905,0.009999999999990905,4pm
2005-10-01,1,0.00999999999999801,0.00999999999999801,4pm
2005-10-03,2,0.03500000000000014,0.060000000000002274,4pm
2005-10-06,1,0.010000000000005116,0.010000000000005116,4pm
2005-10-08,2,0.025000000000000355,0.030000000000001137,4pm
2005-10-11,1,0.00999999999999801,0.00999999999999801,4pm
2005-11-01,1,0.020000000000003126,0.020000000000003126,4pm
2005-11-02,2,0.014999999999998792,0.019999999999999574,4pm
2005-11-03,4,0.029999999999999805,0.05000000000000426,4pm
2005-11-04,1,0.020000000000010232,0.020000000000010232,4pm
2005-11-05,3,0.023333333333335798,0.05000000000000426,4pm
2005-11-07,2,0.014999999999997904,0.01999999999999602,4pm
2005-11-08,1,0.00999999999999801,0.00999999999999801,4pm
2005-11-10,2,0.009999999999999787,0.010000000000001563,4pm
2005-11-11,1,0.030000000000001137,0.030000000000001137,4pm
2005-12-01,1,0.03999999999999204,0.03999999999999204,4pm
2005-12-04,3,0.023333333333333428,0.030000000000001137,4pm
2005-12-05,7,0.01714285714285754,0.020000000000010232,4pm
2005-12-07,1,0.030000000000001137,0.030000000000001137,4pm
2005-12-08,3,0.016666666666666902,0.029999999999997584,4pm
2006-01-02,2,0.015000000000021885,0.01999999999999602,4pm
2006-01-03,3,0.026666666666667282,0.030000000000001137,4pm
2006-01-05,3,0.22000000000001071,0.5400000000000205,4pm
2006-01-06,5,0.05000000000000071,0.10999999999999943,4pm
2006-01-08,1,0.019999999999999574,0.019999999999999574,4pm
2006-01-11,2,0.02499999999999858,0.04000000000000625,4pm
2006-02-03,4,0.025000000000005684,0.03000000000002956,4pm
2006-02-05,2,0.045000000000001705,0.0799999999999983,4pm
2006-02-06,1,0.009999999999990905,0.009999999999990905,4pm
2006-02-08,4,0.050000000000010036,0.1500000000000341,4pm
2006-02-10,1,0.009999999999990905,0.009999999999990905,4pm
2006-02-11,1,0.010000000000001563,0.010000000000001563,4pm
2006-03-01,2,0.015000000000000568,0.01999999999999602,4pm
2006-03-03,3,0.09333333333333134,0.19999999999998863,4pm
2006-03-04,1,0.009999999999999787,0.009999999999999787,4pm
2006-03-05,1,0.00999999999999801,0.00999999999999801,4pm
2006-03-08,1,0.07000000000000739,0.07000000000000739,4pm
2006-03-10,2,0.01499999999999524,0.019999999999999574,4pm
2006-04-01,1,0.06999999999999318,0.06999999999999318,4pm
2006-04-04,1,0.01999999999999602,0.01999999999999602,4pm
2006-04-05,3,0.01666666666666335,0.030000000000001137,4pm
2006-04-08,4,0.017500000000002736,0.030000000000001137,4pm
2006-04-12,2,0.010000000000005116,0.010000000000019327,4pm
2006-05-01,2,0.020000000000003126,0.030000000000001137,4pm
2006-05-04,1,0.01999999999999602,0.01999999999999602,4pm
2006-05-05,4,0.0975000000000028,0.36000000000001364,4pm
2006-05-06,1,0.02000000000000135,0.02000000000000135,4pm
2006-05-07,2,0.010000000000008669,0.010000000000019327,4pm
2006-05-09,2,0.014999999999997904,0.01999999999999602,4pm
2006-05-10,1,0.18000000000000682,0.18000000000000682,4pm
2006-05-12,1,0.009999999999990905,0.009999999999990905,4pm
2006-06-01,5,0.06799999999999144,0.23999999999995225,4pm
2006-06-02,3,0.11000000000000654,0.30000000000001137,4pm
2006-06-03,1,0.009999999999990905,0.009999999999990905,4pm
2006-06-06,1,0.030000000000001137,0.030000000000001137,4pm
2006-06-07,1,0.00999999999999801,0.00999999999999801,4pm
2006-06-09,1,0.010000000000005116,0.010000000000005116,4pm
2006-07-02,1,0.020000000000010232,0.020000000000010232,4pm
2006-07-03,3,0.05000000000000663,0.10000000000002274,4pm
2006-07-06,1,0.01999999999998181,0.01999999999998181,4pm
2006-07-08,2,0.015000000000004121,0.020000000000010232,4pm
2006-07-09,1,0.00999999999999801,0.00999999999999801,4pm
2006-07-11,1,0.00999999999999801,0.00999999999999801,4pm
2006-08-02,1,0.030000000000001137,0.030000000000001137,4pm
2006-08-03,2,0.015000000000021885,0.020000000000038654,4pm
2006-08-05,1,0.019999999999999574,0.019999999999999574,4pm
2006-08-06,3,0.023333333333324546,0.030000000000001137,4pm
2006-08-08,2,0.08499999999998487,0.15999999999996817,4pm
2006-08-09,2,0.014999999999998792,0.019999999999999574,4pm
2006-09-05,1,0.010000000000005116,0.010000000000005116,4pm
2006-09-06,1,0.07999999999998408,0.07999999999998408,4pm
2006-09-10,1,0.00999999999999801,0.00999999999999801,4pm
2006-10-01,2,0.034999999999998366,0.04999999999999716,4pm
2006-10-02,2,0.1050000000000022,0.18000000000000682,4pm
2006-10-03,1,0.009999999999999787,0.009999999999999787,4pm
2006-10-04,2,0.024999999999995026,0.03999999999999204,4pm
2006-10-05,1,0.009999999999990905,0.009999999999990905,4pm
2006-10-10,2,0.020000000000003126,0.030000000000001137,4pm
2006-11-01,2,0.010000000000001563,0.010000000000005116,4pm
2006-11-04,2,0.02500000000001279,0.040000000000020464,4pm
2006-11-07,2,0.029999999999997584,0.04999999999999716,4pm
2006-11-08,3,0.1033333333333412,0.29000000000002046,4pm
2006-11-10,1,0.010000000000019327,0.010000000000019327,4pm
2006-12-01,1,0.009999999999990905,0.009999999999990905,4pm
2006-12-04,1,0.7099999999999795,0.7099999999999795,4pm
2006-12-05,4,0.01499999999999968,0.029999999999997584,4pm
2006-12-07,4,0.017499999999998295,0.030000000000001137,4pm
2006-12-09,1,0.00999999999999801,0.00999999999999801,4pm
2007-01-03,1,0.0799999999999983,0.0799999999999983,4pm
2007-01-06,1,0.030000000000001137,0.030000000000001137,4pm
2007-01-08,3,0.04999999999999716,0.07000000000000739,4pm
2007-03-01,1,0.009999999999990905,0.009999999999990905,4pm
2007-03-07,5,0.07199999999999562,0.10999999999999943,4pm
2007-03-12,1,0.009999999999990905,0.009999999999990905,4pm
2007-04-01,1,0.01999999999998181,0.01999999999998181,4pm
2007-05-02,1,0.09000000000000341,0.09000000000000341,4pm
2007-05-03,2,22.749999999999993,45.20999999999998,4pm
2007-05-04,1,0.04000000000000625,0.04000000000000625,4pm
2007-06-09,1,0.00999999999999801,0.00999999999999801,4pm
2007-06-11,4,0.022500000000000853,0.04000000000000625,4pm
2007-07-02,1,0.010000000000019327,0.010000000000019327,4pm
2007-07-11,1,0.030000000000001137,0.030000000000001137,4pm
2007-07-12,1,0.030000000000001137,0.030000000000001137,4pm
2007-09-02,1,0.05999999999997385,0.05999999999997385,4pm
2007-09-10,1,0.09000000000000341,0.09000000000000341,4pm
2007-09-11,2,0.024999999999995026,0.03999999999999204,4pm
2007-10-04,1,0.00999999999999801,0.00999999999999801,4pm
2007-11-05,1,0.01999999999999602,0.01999999999999602,4pm
2007-11-12,2,0.08999999999999275,0.13999999999998636,4pm
2007-12-01,1,0.020000000000010232,0.020000000000010232,4pm
2007-12-03,1,0.020000000000010232,0.020000000000010232,4pm
2007-12-09,1,0.030000000000001137,0.030000000000001137,4pm
2008-01-02,1,0.010000000000001563,0.010000000000001563,4pm
2008-01-07,2,0.029999999999997584,0.030000000000001137,4pm
2008-02-01,1,0.009999999999990905,0.009999999999990905,4pm
2008-02-04,1,0.060000000000002274,0.060000000000002274,4pm
2008-02-09,1,0.05000000000000071,0.05000000000000071,4pm
2008-03-04,2,0.04500000000000881,0.04999999999999716,4pm
2008-03-06,3,0.03333333333333144,0.04000000000000625,4pm
2008-03-07,6,0.018333333333335016,0.05999999999998806,4pm
2008-03-10,1,0.04000000000000625,0.04000000000000625,4pm
2008-03-11,1,0.060000000000002274,0.060000000000002274,4pm
2008-03-12,1,0.04000000000000625,0.04000000000000625,4pm
2008-04-01,1,0.05000000000001137,0.05000000000001137,4pm
2008-04-04,1,0.020000000000010232,0.020000000000010232,4pm
2008-04-09,3,0.01333333333333068,0.01999999999999602,4pm
2008-04-12,1,0.07000000000000739,0.07000000000000739,4pm
2008-05-03,1,0.36000000000001364,0.36000000000001364,4pm
2008-05-06,2,0.024999999999991473,0.030000000000001137,4pm
2008-05-11,1,0.04000000000000625,0.04000000000000625,4pm
2008-05-12,2,0.015000000000003233,0.02000000000000135,4pm
2008-06-02,1,0.00999999999999801,0.00999999999999801,4pm
2008-06-10,1,0.030000000000001137,0.030000000000001137,4pm
2008-06-11,3,0.01666666666666335,0.030000000000001137,4pm
2008-07-07,2,0.010000000000001563,0.010000000000005116,4pm
2008-07-08,1,0.009999999999990905,0.009999999999990905,4pm
2008-07-10,3,0.0466666666666633,0.06999999999999318,4pm
2008-07-11,2,0.0449999999999946,0.05999999999998806,4pm
2008-08-01,3,0.0266666666666661,0.030000000000001137,4pm
2008-08-02,3,0.01666666666666809,0.020000000000010232,4pm
2008-08-04,3,0.0266666666666661,0.060000000000002274,4pm
2008-08-10,2,0.05999999999999517,0.09999999999999432,4pm
2008-08-12,5,0.015999999999998238,0.030000000000001137,4pm
2008-09-06,2,0.014999999999997016,0.020000000000003126,4pm
2008-09-09,4,0.01750000000000007,0.030000000000001137,4pm
2008-09-10,2,0.04999999999999716,0.0899999999999963,4pm
2008-09-12,2,0.02499999999999858,0.03999999999999204,4pm
2008-10-03,2,0.010000000000001563,0.010000000000005116,4pm
2008-10-04,2,0.020000000000003126,0.030000000000001137,4pm
2008-10-06,3,0.016666666666670455,0.030000000000001137,4pm
2008-10-07,1,0.01999999999999602,0.01999999999999602,4pm
2008-10-10,1,0.03999999999999915,0.03999999999999915,4pm
2008-10-11,1,0.010000000000001563,0.010000000000001563,4pm
2008-11-02,2,0.02499999999999858,0.030000000000001137,4pm
2008-11-12,1,0.030000000000001137,0.030000000000001137,4pm
2008-12-02,2,0.015000000000002345,0.020000000000003126,4pm
2008-12-06,1,0.03999999999996362,0.03999999999996362,4pm
2008-12-08,9,0.02111111111111204,0.060000000000002274,4pm
2009-01-04,3,0.026666666666664913,0.03999999999999204,4pm
2009-01-06,1,0.030000000000001137,0.030000000000001137,4pm
2009-01-10,2,0.015000000000000568,0.020000000000003126,4pm
2009-02-06,1,0.019999999999999574,0.019999999999999574,4pm
2009-02-07,2,0.059999999999996945,0.09999999999999432,4pm
2009-02-09,1,0.019999999999999574,0.019999999999999574,4pm
2009-02-12,1,0.019999999999999574,0.019999999999999574,4pm
2009-03-06,1,0.020000000000003126,0.020000000000003126,4pm
2009-03-08,1,0.010000000000001563,0.010000000000001563,4pm
2009-04-02,2,0.034999999999998366,0.04999999999999716,4pm
2009-04-03,1,0.009999999999999787,0.009999999999999787,4pm
2009-04-06,2,0.014999999999998792,0.019999999999999574,4pm
2009-04-12,1,0.010000000000001563,0.010000000000001563,4pm
2009-05-02,5,0.036000000000001364,0.060000000000002274,4pm
2009-05-03,2,0.009999999999999787,0.009999999999999787,4pm
2009-05-05,1,0.010000000000001563,0.010000000000001563,4pm
2009-05-06,10,0.024999999999998225,0.07999999999998408,4pm
2009-05-08,1,0.009999999999990905,0.009999999999990905,4pm
2009-06-05,1,0.010000000000000231,0.010000000000000231,4pm
2009-06-07,2,0.00999999999999801,0.00999999999999801,4pm
2009-06-10,1,0.00999999999999801,0.00999999999999801,4pm
2009-07-04,1,0.010000000000001563,0.010000000000001563,4pm
2009-07-05,2,0.009999999999998899,0.009999999999999787,4pm
2009-07-07,1,0.00999999999999801,0.00999999999999801,4pm
2009-07-12,2,0.019999999999999574,0.030000000000001137,4pm
2009-08-01,6,0.021666666666665613,0.03999999999999204,4pm
2009-08-04,2,0.02999999999999936,0.03999999999999915,4pm
2009-08-06,1,0.05999999999997385,0.05999999999997385,4pm
2009-08-09,1,0.010000000000019327,0.010000000000019327,4pm
2009-08-10,1,0.010000000000001563,0.010000000000001563,4pm
2009-08-12,2,0.01499999999999968,0.019999999999999574,4pm
2009-09-04,2,0.01999999999999602,0.01999999999999602,4pm
2009-09-07,2,0.019999999999997797,0.019999999999999574,4pm
2009-09-12,1,0.01999999999999602,0.01999999999999602,4pm
2009-10-02,7,0.017142857142857792,0.030000000000001137,4pm
2009-10-07,2,0.015000000000000568,0.020000000000003126,4pm
2009-10-08,2,0.015000000000004121,0.020000000000003126,4pm
2009-11-03,1,0.07000000000000028,0.07000000000000028,4pm
2009-11-05,1,0.040000000000020464,0.040000000000020464,4pm
2009-11-09,1,0.020000000000003126,0.020000000000003126,4pm
2009-11-12,1,0.020000000000003126,0.020000000000003126,4pm
2009-12-03,1,0.030000000000001137,0.030000000000001137,4pm
2009-12-05,4,0.19250000000000078,0.710000000000008,4pm
2009-12-06,1,0.05000000000001137,0.05000000000001137,4pm
2009-12-10,1,0.00999999999999801,0.00999999999999801,4pm
,3304,0.2045762711864407,12.0,4pm
1993-01-11,1,0.375,0.375,last
1993-02-04,2,0.125,0.125,last
1993-02-09,1,0.125,0.125,last
1993-02-12,2,0.8125,1.0,last
1993-03-12,1,0.25,0.25,last
1993-04-11,1,2.125,2.125,last
1993-05-01,1,0.25,0.25,last
1993-05-08,1,0.75,0.75,last
1993-05-11,2,0.1875,0.25,last
1993-06-01,2,0.125,0.125,last
1993-06-04,1,0.125,0.125,last
1993-06-07,1,0.125,0.125,last
1993-06-12,1,0.75,0.75,last
1993-07-10,1,0.625,0.625,last
1993-08-04,2,0.1875,0.25,last
1993-08-06,1,0.25,0.25,last
1993-08-09,1,0.125,0.125,last
1993-08-11,1,2.125,2.125,last
1993-08-12,1,0.25,0.25,last
1993-09-02,1,0.125,0.125,last
1993-09-09,2,0.125,0.125,last
1993-09-11,1,0.375,0.375,last
1993-09-12,1,0.5,0.5,last
1993-10-12,1,1.75,1.75,last
1993-11-11,2,0.125,0.125,last
1993-12-10,1,0.125,0.125,last
1994-01-02,1,0.125,0.125,last
1994-01-03,2,0.375,0.5,last
1994-01-07,1,0.25,0.25,last
1994-02-02,1,0.125,0.125,last
1994-02-08,1,0.25,0.25,last
1994-02-09,1,0.125,0.125,last
1994-02-11,2,0.5,0.875,last
1994-02-12,2,0.625,1.125,last
1994-03-01,2,0.375,0.5,last
1994-03-06,2,0.6875,0.875,last
1994-03-08,1,0.5,0.5,last
1994-03-11,1,0.875,0.875,last
1994-04-02,1,0.125,0.125,last
1994-04-11,2,0.4375,0.75,last
1994-05-01,2,0.8125,0.875,last
1994-05-10,2,1.3125,2.375,last
1994-06-05,1,0.125,0.125,last
1994-06-07,1,0.125,0.125,last
1994-06-09,1,1.0,1.0,last
1994-06-12,1,0.375,0.375,last
1994-07-01,2,0.5,0.75,last
1994-07-03,1,0.625,0.625,last
1994-07-04,1,0.5,0.5,last
1994-07-07,1,0.125,0.125,last
1994-07-09,1,0.25,0.25,last
1994-07-10,1,0.25,0.25,last
1994-07-12,1,0.125,0.125,last
1994-08-02,1,0.625,0.625,last
1994-08-07,1,0.875,0.875,last
1994-08-08,1,0.5,0.5,last
1994-08-11,1,1.0,1.0,last
1994-09-06,1,1.0,1.0,last
1994-09-09,1,0.125,0.125,last
1994-10-01,1,0.875,0.875,last
1994-10-02,1,0.25,0.25,last
1994-10-03,1,0.125,0.125,last
1994-10-06,1,0.125,0.125,last
1994-10-08,2,0.1875,0.25,last
1994-11-07,1,0.5,0.5,last
1994-11-10,3,1.2916666666666667,1.625,last
1994-12-12,1,0.375,0.375,last
1995-01-05,1,0.625,0.625,last
1995-01-06,2,0.25,0.25,last
1995-01-08,1,0.125,0.125,last
1995-01-11,1,0.25,0.25,last
1995-01-12,2,0.125,0.125,last
1995-02-03,1,0.125,0.125,last
1995-02-06,1,0.375,0.375,last
1995-02-11,1,0.125,0.125,last
1995-03-04,1,2.375,2.375,last
1995-03-08,1,0.75,0.75,last
1995-03-10,2,0.375,0.625,last
1995-03-11,1,0.25,0.25,last
1995-04-04,3,0.625,1.5,last
1995-04-05,1,0.375,0.375,last
1995-04-08,1,0.5,0.5,last
1995-04-10,1,0.25,0.25,last
1995-04-12,1,0.25,0.25,last
1995-05-09,1,1.0,1.0,last
1995-06-01,1,0.125,0.125,last
1995-06-06,2,0.625,1.0,last
1995-06-09,1,0.75,0.75,last
1995-06-11,1,0.125,0.125,last
1995-06-12,1,0.375,0.375,last
1995-07-04,1,0.125,0.125,last
1995-07-07,2,0.375,0.625,last
1995-07-09,1,0.5,0.5,last
1995-08-02,2,0.625,0.625,last
1995-08-06,1,0.25,0.25,last
1995-08-08,1,0.125,0.125,last
1995-08-11,2,0.375,0.5,last
1995-08-12,2,0.875,1.0,last
1995-09-01,1,0.375,0.375,last
1995-09-02,1,0.75,0.75,last
1995-09-03,1,0.25,0.25,last
1995-09-05,2,0.9375,1.625,last
1995-09-06,1,0.125,0.125,last
1995-09-10,1,0.25,0.25,last
1995-09-11,1,0.625,0.625,last
1995-10-07,1,0.625,0.625,last
1995-11-05,2,0.3125,0.375,last
1995-11-08,2,0.1875,0.25,last
1995-11-09,1,0.125,0.125,last
1995-11-10,1,0.125,0.125,last
1995-12-04,2,0.6875,1.25,last
1995-12-05,1,1.5,1.5,last
1995-12-07,1,0.125,0.125,last
1995-12-09,3,0.5833333333333334,0.875,last
1995-12-10,2,0.5625,0.875,last
1996-01-02,1,0.125,0.125,last
1996-01-05,1,0.125,0.125,last
1996-01-08,4,0.5,1.0,last
1996-01-11,1,0.25,0.25,last
1996-02-02,1,0.125,0.125,last
1996-02-08,1,0.125,0.125,last
1996-02-12,1,0.125,0.125,last
1996-03-06,2,0.125,0.125,last
1996-03-12,1,0.375,0.375,last
1996-04-10,2,0.75,1.125,last
1996-04-12,1,0.75,0.75,last
1996-05-06,2,0.4375,0.75,last
1996-05-08,1,0.25,0.25,last
1996-05-11,1,1.375,1.375,last
1996-06-03,1,0.25,0.25,last
1996-06-05,1,0.125,0.125,last
1996-06-06,2,0.625,1.0,last
1996-06-09,1,0.75,0.75,last
1996-06-11,1,0.125,0.125,last
1996-06-12,1,0.375,0.375,last
1996-07-05,2,0.515625,1.0,last
1996-07-08,2,1.125,2.125,last
1996-08-02,1,0.125,0.125,last
1996-08-04,2,0.125,0.125,last
1996-09-01,2,0.125,0.125,last
1996-09-02,2,0.1875,0.25,last
1996-09-04,1,0.5,0.5,last
1996-09-05,1,0.5,0.5,last
1996-09-08,1,0.125,0.125,last
1996-09-10,2,0.3125,0.5,last
1996-10-01,1,0.125,0.125,last
1996-10-04,2,0.375,0.5,last
1996-10-12,1,3.125,3.125,last
1996-11-01,1,0.125,0.125,last
1996-11-04,1,0.125,0.125,last
1996-12-04,1,0.125,0.125,last
1996-12-07,1,0.5,0.5,last
1996-12-08,2,0.625,0.875,last
1996-12-11,2,0.296875,0.5,last
1997-01-05,2,0.375,0.5,last
1997-01-08,1,0.125,0.125,last
1997-01-12,1,2.625,2.625,last
1997-02-05,1,1.75,1.75,last
1997-02-07,2,0.15625,0.25,last
1997-02-09,1,0.0625,0.0625,last
1997-02-10,1,0.9375,0.9375,last
1997-03-01,2,3.875,7.5,last
1997-03-02,1,0.125,0.125,last
1997-03-06,1,0.375,0.375,last
1997-03-07,1,0.1875,0.1875,last
1997-03-11,1,0.1875,0.1875,last
1997-03-12,3,0.5833333333333334,1.125,last
1997-04-02,2,0.25,0.375,last
1997-04-03,1,2.125,2.125,last
1997-04-09,2,0.28125,0.5,last
1997-04-12,1,0.0625,0.0625,last
1997-05-02,1,0.125,0.125,last
1997-05-03,1,0.75,0.75,last
1997-05-08,1,0.0625,0.0625,last
1997-05-11,2,0.4375,0.75,last
1997-06-01,1,0.125,0.125,last
1997-06-02,1,0.125,0.125,last
1997-06-03,2,0.25,0.375,last
1997-06-06,1,0.6875,0.6875,last
1997-06-08,1,0.0625,0.0625,last
1997-06-10,2,0.09375,0.125,last
1997-07-03,2,2.0,3.875,last
1997-07-05,2,1.3125,2.125,last
1997-07-08,2,0.1875,0.3125,last
1997-07-10,2,0.125,0.125,last
1997-07-11,1,0.1875,0.1875,last
1997-08-01,1,2.0,2.0,last
1997-08-07,1,0.0625,0.0625,last
1997-08-08,1,0.125,0.125,last
1997-08-09,1,0.125,0.125,last
1997-08-12,1,0.1875,0.1875,last
1997-09-04,2,1.375,2.5,last
1997-09-06,1,0.9375,0.9375,last
1997-09-09,1,0.0625,0.0625,last
1997-09-10,1,0.0625,0.0625,last
1997-09-12,2,0.125,0.125,last
1997-10-01,1,0.25,0.25,last
1997-10-04,1,1.625,1.625,last
1997-10-09,1,0.0625,0.0625,last
1997-10-11,3,0.6614600000000005,1.4375,last
1997-10-12,3,0.1875,0.3125,last
1997-11-02,1,0.125,0.125,last
1997-11-03,2,0.375,0.5,last
1997-11-04,1,0.25,0.25,last
1997-11-08,1,0.125,0.125,last
1997-12-02,1,0.125,0.125,last
1997-12-03,1,0.125,0.125,last
1997-12-05,1,0.125,0.125,last
1997-12-06,1,0.25,0.25,last
1997-12-09,1,0.125,0.125,last
1997-12-11,1,0.8125,0.8125,last
1998-01-04,2,0.0625,0.0625,last
1998-01-06,1,0.0625,0.0625,last
1998-01-07,1,0.875,0.875,last
1998-01-09,6,0.11458333333333333,0.25,last
1998-01-10,2,0.46875,0.5625,last
1998-01-12,5,2.125,8.875,last
1998-02-01,2,0.25,0.375,last
1998-02-02,1,0.25,0.25,last
1998-02-03,1,0.375,0.375,last
1998-02-06,1,0.1875,0.1875,last
1998-02-07,1,0.0625,0.0625,last
1998-02-09,2,0.40625,0.6875,last
1998-02-10,2,0.09375,0.125,last
1998-02-11,1,0.125,0.125,last
1998-02-12,2,0.1875,0.25,last
1998-03-02,1,0.5,0.5,last
1998-03-03,1,2.0,2.0,last
1998-03-04,4,0.0976575000000004,0.1875,last
1998-03-06,2,0.59375,1.0625,last
1998-03-08,1,0.6875,0.6875,last
1998-03-09,3,0.3541666666666667,0.5625,last
1998-03-11,2,0.34375,0.625,last
1998-03-12,2,0.5625,0.625,last
1998-04-02,1,0.5,0.5,last
1998-04-03,1,0.375,0.375,last
1998-04-05,1,0.5,0.5,last
1998-04-06,1,0.125,0.125,last
1998-04-08,6,0.20833333333333334,0.625,last
1998-04-09,3,0.14583333333333334,0.25,last
1998-04-11,1,0.5625,0.5625,last
1998-05-06,1,0.0625,0.0625,last
1998-05-08,4,0.265625,0.4375,last
1998-05-10,3,0.16666666666666666,0.375,last
1998-05-11,3,0.16666666666666666,0.1875,last
1998-06-03,1,1.0,1.0,last
1998-06-04,6,0.34375,0.8125,last
1998-06-05,3,0.2916666666666667,0.4375,last
1998-06-07,4,3.75,14.625,last
1998-06-08,2,0.25,0.4375,last
1998-06-10,1,0.0625,0.0625,last
1998-06-11,2,0.0625,0.0625,last
1998-07-01,3,0.375,0.6875,last
1998-07-04,3,0.22916666666666666,0.3125,last
1998-07-05,1,0.125,0.125,last
1998-07-07,2,0.1875,0.25,last
1998-07-08,1,0.6875,0.6875,last
1998-07-10,4,2.75,10.6875,last
1998-07-12,3,0.25,0.5,last
1998-08-01,2,0.25,0.3125,last
1998-08-04,1,0.4375,0.4375,last
1998-08-05,3,0.10416666666666667,0.1875,last
1998-08-06,1,0.375,0.375,last
1998-08-07,4,2.921875,11.0,last
1998-08-09,3,0.6041666666666666,1.1875,last
1998-08-10,3,0.22916666666666666,0.5,last
1998-08-12,1,0.4375,0.4375,last
1998-09-01,1,0.1875,0.1875,last
1998-09-02,2,0.25,0.375,last
1998-09-04,1,0.1875,0.1875,last
1998-09-06,1,0.0625,0.0625,last
1998-09-07,2,0.25,0.4375,last
1998-09-09,4,1.71875,6.4375,last
1998-09-10,4,1.015625,3.1875,last
1998-09-11,4,0.15625,0.25,last
1998-09-12,2,0.09375,0.125,last
1998-10-02,2,0.5625,0.75,last
1998-10-06,2,0.09375,0.125,last
1998-10-07,2,0.46875,0.75,last
1998-10-08,2,0.15625,0.25,last
1998-10-09,2,0.40625,0.6875,last
1998-10-11,2,0.15625,0.25,last
1998-10-12,1,0.5625,0.5625,last
1998-11-02,1,0.125,0.125,last
1998-11-03,1,0.1875,0.1875,last
1998-11-05,2,0.8125,1.25,last
1998-11-06,2,0.25,0.4375,last
1998-11-08,3,0.5208333333333334,1.0,last
1998-11-09,5,0.325,0.8125,last
1998-11-12,4,1.2421875,2.9375,last
1998-12-02,1,0.0625,0.0625,last
1998-12-05,1,0.125,0.125,last
1998-12-06,3,0.1875,0.4375,last
1998-12-08,3,0.4375,1.0,last
1998-12-10,2,0.65625,1.25,last
1998-12-11,1,1.625,1.625,last
1999-01-03,3,0.4791666666666667,0.875,last
1999-01-04,2,0.2734349999999992,0.5,last
1999-01-06,3,0.14583333333333334,0.1875,last
1999-01-07,3,0.2708333333333333,0.625,last
1999-01-09,3,0.06770666666666614,0.125,last
1999-01-10,5,0.3625,0.5625,last
1999-01-11,2,0.1875,0.3125,last
1999-01-12,4,0.40625,1.0,last
1999-02-02,2,0.375,0.6875,last
1999-02-03,4,0.546875,1.4375,last
1999-02-06,2,0.125,0.1875,last
1999-02-07,2,0.15625,0.25,last
1999-02-08,3,0.25,0.4375,last
1999-02-11,5,0.24375,0.53125,last
1999-02-12,1,0.125,0.125,last
1999-03-02,3,0.4583333333333333,1.1875,last
1999-03-03,4,0.1328125,0.1875,last
1999-03-05,2,0.53125,1.0,last
1999-03-06,3,0.1875,0.3125,last
1999-03-08,2,0.0859400000000008,0.10938000000000159,last
1999-03-09,1,0.04688000000000159,0.04688000000000159,last
1999-03-11,2,0.125,0.1875,last
1999-03-12,4,0.734375,2.3125,last
1999-04-01,2,4.78125,8.9375,last
1999-04-02,6,0.25,0.75,last
1999-04-03,1,0.375,0.375,last
1999-04-05,3,0.75,1.0625,last
1999-04-06,2,0.09375,0.125,last
1999-04-08,2,0.15625,0.25,last
1999-04-10,1,0.1875,0.1875,last
1999-04-11,2,0.1875,0.3125,last
1999-05-01,3,0.20833333333333334,0.4375,last
1999-05-02,6,0.2708333333333333,0.625,last
1999-05-03,3,0.125,0.1875,last
1999-05-04,3,0.875,1.3125,last
1999-05-08,3,0.25,0.5,last
1999-05-10,2,0.171875,0.1875,last
1999-05-11,5,0.425,1.25,last
1999-06-01,3,0.22916666666666666,0.3125,last
1999-06-04,2,0.3125,0.5625,last
1999-06-05,2,0.375,0.4375,last
1999-06-07,5,0.0875,0.125,last
1999-06-10,3,0.0625,0.0625,last
1999-06-12,2,0.34375,0.4375,last
1999-07-01,2,0.0625,0.0625,last
1999-07-04,4,0.125,0.125,last
1999-07-05,3,0.125,0.25,last
1999-07-06,4,0.140625,0.375,last
1999-07-07,3,0.07812333333333281,0.125,last
1999-07-09,2,0.59375,1.0625,last
1999-07-10,3,0.10416666666666667,0.1875,last
1999-07-12,6,0.3619791666666667,0.8125,last
1999-08-01,4,0.5,1.0,last
1999-08-02,2,0.59375,0.625,last
1999-08-03,3,0.125,0.25,last
1999-08-04,4,0.109375,0.1875,last
1999-08-06,1,0.0625,0.0625,last
1999-08-09,2,0.125,0.1875,last
1999-08-10,4,0.078125,0.125,last
1999-08-11,3,0.5,0.8125,last
1999-08-12,3,0.08333333333333333,0.125,last
1999-09-02,4,0.5,1.125,last
1999-09-03,3,0.3125,0.8125,last
1999-09-04,1,0.125,0.125,last
1999-09-06,2,0.9609349999999992,1.8125,last
1999-09-07,4,0.15625,0.3125,last
1999-09-08,2,0.34375,0.625,last
1999-09-09,3,0.09896000000000053,0.1875,last
1999-09-11,2,0.53125,1.0,last
1999-09-12,5,0.425,1.0,last
1999-10-02,1,0.4375,0.4375,last
1999-10-03,1,0.0625,0.0625,last
1999-10-05,2,0.7734400000000008,1.4375,last
1999-10-06,1,0.0625,0.0625,last
1999-10-08,1,0.0625,0.0625,last
1999-10-09,3,0.10416666666666667,0.125,last
1999-10-11,3,0.4791666666666667,0.8125,last
1999-10-12,3,0.375,0.625,last
1999-11-01,3,1.0833333333333333,2.3125,last
1999-11-02,2,0.0625,0.0625,last
1999-11-03,2,1.0625,1.8125,last
1999-11-05,1,0.375,0.375,last
1999-11-06,1,0.5,0.5,last
1999-11-08,2,0.125,0.1875,last
1999-11-10,2,0.1875,0.1875,last
1999-11-11,2,0.1875,0.25,last
1999-12-01,4,0.1796875,0.3125,last
1999-12-02,2,0.078125,0.125,last
1999-12-03,2,0.25,0.375,last
1999-12-04,2,0.0625,0.0625,last
1999-12-05,1,0.5,0.5,last
1999-12-07,2,0.09375,0.125,last
1999-12-08,3,0.0625,0.0625,last
1999-12-10,4,0.171875,0.3125,last
1999-12-11,1,0.0625,0.0625,last
2000-01-02,3,3.3125,9.75,last
2000-01-05,1,0.0625,0.0625,last
2000-01-08,2,0.09375,0.125,last
2000-01-11,1,0.1875,0.1875,last
2000-01-12,1,0.0625,0.0625,last
2000-02-02,3,0.375,0.8125,last
2000-02-03,1,0.1875,0.1875,last
2000-02-05,1,0.875,0.875,last
2000-02-06,2,0.28125,0.5,last
2000-02-08,4,0.3671875,1.0625,last
2000-02-10,4,0.25,0.4375,last
2000-03-01,4,0.6875,2.1875,last
2000-03-02,3,0.5208333333333334,0.9375,last
2000-03-03,1,0.125,0.125,last
2000-03-04,2,0.1875,0.3125,last
2000-03-08,3,0.5,0.75,last
2000-03-10,1,0.25,0.25,last
2000-03-11,1,0.0625,0.0625,last
2000-04-01,2,0.5546875,0.609375,last
2000-04-02,2,0.4375,0.8125,last
2000-04-04,2,0.28125,0.375,last
2000-04-05,2,0.09375,0.125,last
2000-04-08,1,0.0625,0.0625,last
2000-04-10,1,0.75,0.75,last
2000-04-12,5,0.790625,1.703125,last
2000-05-01,4,0.625,1.875,last
2000-05-05,1,0.1875,0.1875,last
2000-05-10,2,0.125,0.1875,last
2000-05-12,1,0.875,0.875,last
2000-06-01,9,0.5121527777777778,2.859375,last
2000-06-03,4,0.5546875,1.6875,last
2000-06-04,1,0.3125,0.3125,last
2000-06-06,1,0.125,0.125,last
2000-06-09,1,25.1875,25.1875,last
2000-06-10,1,0.0625,0.0625,last
2000-06-11,1,0.078125,0.078125,last
2000-06-12,3,20.229166666666668,60.125,last
2000-07-01,4,0.703125,2.0,last
2000-07-02,3,0.3125,0.375,last
2000-07-03,5,0.2125,0.25,last
2000-07-06,3,0.1875,0.3125,last
2000-07-07,2,0.09375,0.125,last
2000-07-08,3,0.08854166666666667,0.140625,last
2000-07-11,2,0.34375,0.4375,last
2000-07-12,1,1.0,1.0,last
2000-08-02,2,0.15625,0.1875,last
2000-08-03,1,0.1875,0.1875,last
2000-08-05,1,0.1875,0.1875,last
2000-08-06,1,0.375,0.375,last
2000-08-08,3,0.6666666666666666,1.0625,last
2000-08-09,1,0.125,0.125,last
2000-08-11,1,0.625,0.625,last
2000-08-12,6,0.5833333333333334,1.1875,last
2000-09-02,2,0.3046875,0.421875,last
2000-09-03,2,0.0625,0.0625,last
2000-09-05,1,0.0625,0.0625,last
2000-09-06,3,0.17708333333333334,0.25,last
2000-09-08,2,0.40625,0.5,last
2000-09-11,2,0.21875,0.25,last
2000-10-01,6,0.3151041666666667,1.078125,last
2000-10-02,3,0.0625,0.0625,last
2000-10-03,1,0.1875,0.1875,last
2000-10-05,3,0.10416666666666667,0.1875,last
2000-10-07,1,0.25,0.25,last
2000-10-08,1,0.1875,0.1875,last
2000-10-10,2,0.09375,0.125,last
2000-10-11,3,0.16666666666666666,0.3125,last
2000-11-01,2,0.21875,0.375,last
2000-11-02,2,0.15625,0.25,last
2000-11-04,1,0.0625,0.0625,last
2000-11-05,2,0.28125,0.5,last
2000-11-07,4,0.421875,0.625,last
2000-11-09,2,0.15625,0.25,last
2000-11-10,4,0.1796875,0.375,last
2000-11-12,3,0.16666666666666666,0.25,last
2000-12-01,4,0.18359375,0.359375,last
2000-12-05,2,0.09375,0.125,last
2000-12-06,2,1.0,1.8125,last
2000-12-07,2,0.15625,0.25,last
2000-12-09,3,2.6875,7.6875,last
2000-12-10,5,0.15,0.1875,last
2001-01-03,2,0.6549999999999976,0.8099999999999952,last
2001-01-05,3,0.14333333333333206,0.16999999999999815,last
2001-01-06,1,0.00999999999999801,0.00999999999999801,last
2001-01-08,3,0.03666666666667121,0.060000000000002274,last
2001-01-10,2,0.15000000000000036,0.21999999999999886,last
2001-01-11,4,0.0400000000000027,0.09000000000000341,last
2001-02-01,1,0.0625,0.0625,last
2001-02-02,1,0.11999999999999744,0.11999999999999744,last
2001-02-03,1,0.20000000000000284,0.20000000000000284,last
2001-02-05,2,0.02500000000000213,0.030000000000001137,last
2001-02-08,3,0.043333333333333,0.0799999999999983,last
2001-02-10,2,0.019999999999999574,0.030000000000001137,last
2001-02-11,3,0.05666666666666723,0.12000000000000455,last
2001-03-01,5,0.3125,0.6875,last
2001-03-04,1,0.030000000000001137,0.030000000000001137,last
2001-03-08,2,0.11499999999999844,0.14999999999999858,last
2001-03-10,1,0.0899999999999963,0.0899999999999963,last
2001-04-01,1,0.0625,0.0625,last
2001-04-04,4,1.081875000000001,2.0625,last
2001-04-05,2,0.0799999999999983,0.0799999999999983,last
2001-04-06,2,0.17999999999999972,0.21000000000000085,last
2001-04-10,1,0.19000000000000128,0.19000000000000128,last
2001-05-01,1,0.0625,0.0625,last
2001-05-02,2,0.23000000000000043,0.45000000000000284,last
2001-05-03,2,0.1112499999999983,0.1599999999999966,last
2001-05-04,4,0.3374999999999986,0.7000000000000028,last
2001-05-06,3,0.0533333333333322,0.09999999999999787,last
2001-05-07,1,0.75,0.75,last
2001-05-09,1,0.03999999999999915,0.03999999999999915,last
2001-05-10,1,0.14999999999999147,0.14999999999999147,last
2001-05-11,1,0.240000000000002,0.240000000000002,last
2001-05-12,2,0.08500000000000085,0.13000000000000256,last
2001-06-02,3,0.37333333333333485,0.9500000000000028,last
2001-06-03,1,0.21999999999999886,0.21999999999999886,last
2001-06-04,3,0.046666666666666856,0.09000000000000341,last
2001-06-07,2,0.15500000000000114,0.28000000000000114,last
2001-06-08,1,0.010000000000001563,0.010000000000001563,last
2001-07-03,2,0.11499999999999844,0.21999999999999886,last
2001-07-05,2,0.13000000000000256,0.1600000000000037,last
2001-07-06,2,0.4299999999999997,0.8500000000000014,last
2001-07-08,1,0.05000000000000426,0.05000000000000426,last
2001-07-11,3,0.033333333333333805,0.07000000000000028,last
2001-07-12,2,0.21999999999999886,0.3299999999999983,last
2001-08-01,2,0.2890625,0.453125,last
2001-08-03,4,0.2943750000000005,0.9200000000000017,last
2001-08-05,1,0.38000000000000256,0.38000000000000256,last
2001-08-06,1,0.07000000000000028,0.07000000000000028,last
2001-08-08,2,0.129999999999999,0.14000000000000057,last
2001-08-10,2,0.014999999999997016,0.01999999999999602,last
2001-09-01,1,0.1875,0.1875,last
2001-09-02,1,0.09000000000000341,0.09000000000000341,last
2001-09-03,1,0.04999999999999716,0.04999999999999716,last
2001-09-04,2,0.019999999999999574,0.030000000000001137,last
2001-09-05,3,0.13666666666666552,0.3100000000000023,last
2001-09-07,2,0.09000000000000341,0.15000000000000568,last
2001-09-11,1,0.13000000000000256,0.13000000000000256,last
2001-10-01,3,0.125,0.25,last
2001-10-04,2,0.17999999999999972,0.26000000000000156,last
2001-10-07,1,0.20000000000000284,0.20000000000000284,last
2001-10-10,1,0.04999999999999982,0.04999999999999982,last
2001-10-12,1,0.12000000000000455,0.12000000000000455,last
2001-11-01,1,0.0625,0.0625,last
2001-11-04,2,0.13000000000000078,0.21000000000000085,last
2001-11-07,3,1.1433333333333333,2.0,last
2001-11-10,2,0.04999999999999716,0.04999999999999716,last
2001-11-12,2,0.10999999999999943,0.11999999999999744,last
2001-12-02,2,0.051249999999999574,0.0625,last
2001-12-03,3,0.06333333333333258,0.10000000000000142,last
2001-12-04,4,0.10250000000000092,0.1700000000000017,last
2001-12-07,4,0.20749999999999957,0.29999999999999716,last
2001-12-10,1,0.09000000000000341,0.09000000000000341,last
2001-12-11,1,0.07000000000000028,0.07000000000000028,last
2002-01-02,1,0.01999999999999602,0.01999999999999602,last
2002-01-03,1,0.0899999999999892,0.0899999999999892,last
2002-01-05,1,0.0799999999999983,0.0799999999999983,last
2002-01-07,3,0.16666666666666785,0.41000000000000014,last
2002-01-08,4,0.37499999999999867,1.299999999999999,last
2002-01-10,4,0.04499999999999904,0.0899999999999963,last
2002-02-04,1,0.09999999999999432,0.09999999999999432,last
2002-02-07,1,0.6900000000000048,0.6900000000000048,last
2002-02-08,2,0.0849999999999973,0.11999999999999744,last
2002-02-10,5,0.04000000000000128,0.0799999999999983,last
2002-02-12,7,0.08285714285714262,0.17999999999999972,last
2002-03-01,1,0.020000000000003126,0.020000000000003126,last
2002-03-05,2,0.10500000000000043,0.11999999999999744,last
2002-03-06,1,0.04000000000000625,0.04000000000000625,last
2002-03-10,1,0.009999999999999787,0.009999999999999787,last
2002-03-12,6,0.22833333333333558,0.870000000000001,last
2002-04-01,2,0.019999999999999574,0.020000000000003126,last
2002-04-02,3,0.0799999999999983,0.18999999999999773,last
2002-04-06,1,0.020000000000003126,0.020000000000003126,last
2002-04-09,1,0.04000000000000625,0.04000000000000625,last
2002-04-10,3,0.01666666666666572,0.020000000000003126,last
2002-04-11,1,0.03999999999999915,0.03999999999999915,last
2002-04-12,7,0.06428571428571418,0.15000000000000213,last
2002-05-02,1,0.05000000000000071,0.05000000000000071,last
2002-05-03,1,0.04999999999999716,0.04999999999999716,last
2002-05-04,1,0.00999999999999801,0.00999999999999801,last
2002-05-08,2,0.08499999999999908,0.120000000000001,last
2002-05-09,5,0.11800000000000103,0.19000000000000128,last
2002-05-11,3,0.029999999999998767,0.05999999999999872,last
2002-05-12,7,0.091428571428571,0.19000000000000128,last
2002-06-02,1,0.010000000000005116,0.010000000000005116,last
2002-06-03,2,0.6349999999999945,1.2099999999999937,last
2002-06-06,3,0.020000000000001943,0.029999999999997584,last
2002-06-09,1,0.029999999999997584,0.029999999999997584,last
2002-06-11,3,0.03333333333333144,0.04999999999999716,last
2002-06-12,2,0.07000000000000384,0.10000000000000853,last
2002-07-01,2,0.029999999999997584,0.04999999999999716,last
2002-07-02,1,0.010000000000005116,0.010000000000005116,last
2002-07-03,2,0.06999999999999673,0.12999999999999545,last
2002-07-06,1,0.04999999999999716,0.04999999999999716,last
2002-07-08,1,0.10999999999999943,0.10999999999999943,last
2002-07-10,3,0.029999999999998767,0.03999999999999915,last
2002-07-11,3,0.2599999999999992,0.75,last
2002-08-08,1,0.04999999999999716,0.04999999999999716,last
2002-08-10,2,0.029999999999998472,0.04999999999999716,last
2002-08-11,2,0.04499999999999815,0.0799999999999983,last
2002-09-01,1,0.009999999999990905,0.009999999999990905,last
2002-09-05,1,0.0800000000000054,0.0800000000000054,last
2002-09-09,4,0.03000000000000025,0.0400000000000027,last
2002-09-10,2,0.015000000000002789,0.020000000000000462,last
2002-09-12,7,0.07142857142857093,0.22999999999998977,last
2002-10-01,2,0.14999999999999858,0.25,last
2002-10-06,1,0.020000000000010232,0.020000000000010232,last
2002-10-07,1,0.13000000000000256,0.13000000000000256,last
2002-10-09,2,0.025000000000000355,0.03999999999999915,last
2002-10-10,2,0.05499999999999794,0.05999999999999872,last
2002-10-12,4,0.019999999999999574,0.05000000000000071,last
2002-11-01,1,0.14999999999999858,0.14999999999999858,last
2002-11-02,1,0.10000000000000142,0.10000000000000142,last
2002-11-04,1,0.09999999999999432,0.09999999999999432,last
2002-11-06,3,0.029999999999998767,0.03999999999999915,last
2002-11-10,1,0.019999999999999574,0.019999999999999574,last
2002-11-11,2,0.04499999999999815,0.07000000000000028,last
2002-11-12,3,0.05999999999999991,0.09000000000000341,last
2002-12-03,1,0.09000000000000341,0.09000000000000341,last
2002-12-04,1,0.19000000000001194,0.19000000000001194,last
2002-12-06,1,0.28999999999999915,0.28999999999999915,last
2002-12-07,2,0.00999999999999801,0.00999999999999801,last
2002-12-08,1,0.03999999999999915,0.03999999999999915,last
2002-12-09,1,0.0800000000000054,0.0800000000000054,last
2002-12-11,2,0.03500000000000014,0.04999999999999716,last
2002-12-12,1,0.009999999999990905,0.009999999999990905,last
2003-01-04,5,0.09799999999999968,0.18999999999999773,last
2003-01-05,4,0.027499999999999858,0.04999999999999716,last
2003-01-07,4,0.06249999999999911,0.14999999999999858,last
2003-01-08,3,0.01666666666666335,0.01999999999999602,last
2003-01-10,2,0.03500000000000014,0.04999999999999716,last
2003-01-12,5,0.0319999999999979,0.09000000000000341,last
2003-02-04,4,0.03750000000000142,0.0799999999999983,last
2003-02-05,3,0.026666666666669652,0.05000000000001137,last
2003-02-06,4,0.08999999999999986,0.17999999999999972,last
2003-02-07,3,0.040000000000001514,0.05999999999999872,last
2003-02-09,2,0.019999999999999574,0.030000000000001137,last
2003-02-12,5,0.03799999999999883,0.04999999999999716,last
2003-03-01,4,0.03250000000000064,0.10000000000000142,last
2003-03-02,2,0.02999999999999403,0.04999999999999716,last
2003-03-03,2,0.02499999999999858,0.030000000000001137,last
2003-03-04,4,0.09999999999999876,0.17999999999999972,last
2003-03-06,1,0.019999999999999574,0.019999999999999574,last
2003-03-09,2,0.05999999999999872,0.10999999999999943,last
2003-03-10,1,0.05000000000000071,0.05000000000000071,last
2003-03-11,5,0.09999999999999787,0.2599999999999909,last
2003-03-12,6,0.04999999999999775,0.1599999999999966,last
2003-04-02,1,0.019999999999999574,0.019999999999999574,last
2003-04-03,4,0.08000000000000007,0.1599999999999966,last
2003-04-04,3,0.036666666666664106,0.04999999999999716,last
2003-04-06,2,0.12499999999999822,0.22000000000000242,last
2003-04-08,3,0.05999999999999991,0.07000000000000028,last
2003-04-09,1,0.06999999999999318,0.06999999999999318,last
2003-04-11,2,0.03500000000000014,0.05999999999999517,last
2003-04-12,4,0.059999999999996945,0.1799999999999926,last
2003-05-02,3,0.023333333333332245,0.030000000000001137,last
2003-05-03,4,0.03249999999999886,0.05999999999999872,last
2003-05-05,3,0.07000000000000384,0.12000000000000455,last
2003-05-06,5,0.1079999999999984,0.19999999999998863,last
2003-05-08,9,0.05222222222222525,0.15000000000000568,last
2003-05-09,4,0.10500000000000398,0.2700000000000031,last
2003-05-11,2,0.014999999999998792,0.019999999999999574,last
2003-05-12,1,0.01999999999999602,0.01999999999999602,last
2003-06-01,3,0.013333333333334233,0.019999999999999574,last
2003-06-02,1,0.09000000000000341,0.09000000000000341,last
2003-06-03,2,0.04499999999999993,0.0799999999999983,last
2003-06-05,7,0.0499999999999997,0.14000000000000057,last
2003-06-06,3,0.06333333333333731,0.1600000000000108,last
2003-06-08,1,0.03999999999999204,0.03999999999999204,last
2003-06-11,1,0.030000000000001137,0.030000000000001137,last
2003-07-01,4,0.04750000000000121,0.12000000000000455,last
2003-07-03,2,0.03999999999999915,0.05999999999999517,last
2003-07-04,3,0.040000000000000334,0.05999999999999872,last
2003-07-05,2,0.02500000000000213,0.03999999999999915,last
2003-07-07,5,0.04000000000000057,0.09000000000000341,last
2003-07-08,1,0.00999999999999801,0.00999999999999801,last
2003-07-10,3,0.016666666666669272,0.020000000000003126,last
2003-07-11,2,0.04499999999999815,0.04999999999999716,last
2003-08-01,3,0.06333333333333258,0.08999999999999986,last
2003-08-04,4,0.1849999999999996,0.35999999999999943,last
2003-08-05,6,0.04166666666666785,0.120000000000001,last
2003-08-07,3,0.18666666666666623,0.5,last
2003-08-08,3,0.026666666666668466,0.060000000000002274,last
2003-08-09,3,0.02333333333333461,0.030000000000001137,last
2003-08-10,3,0.01999999999999839,0.030000000000001137,last
2003-08-12,2,0.045000000000001705,0.060000000000002274,last
2003-09-01,2,0.03000000000000469,0.04000000000000625,last
2003-09-04,4,0.03999999999999648,0.06999999999999318,last
2003-09-05,2,0.03500000000000014,0.04000000000000625,last
2003-09-06,1,0.10000000000000142,0.10000000000000142,last
2003-09-07,3,0.049999999999998344,0.07000000000000028,last
2003-09-09,3,0.04666666666666922,0.07000000000000028,last
2003-09-10,2,0.14000000000000234,0.2699999999999996,last
2003-09-12,4,0.027500000000001634,0.0400000000000027,last
2003-10-01,2,0.134999999999998,0.21999999999999886,last
2003-10-02,4,0.05000000000000249,0.10000000000000142,last
2003-10-04,4,0.027499999999999858,0.07000000000000028,last
2003-10-06,2,0.05000000000000249,0.09000000000000341,last
2003-10-07,6,0.07500000000000047,0.19999999999999574,last
2003-10-09,7,0.03714285714285686,0.07000000000000028,last
2003-10-10,4,0.05749999999999744,0.0799999999999983,last
2003-10-11,1,0.00999999999999801,0.00999999999999801,last
2003-10-12,4,0.0224999999999973,0.05999999999999517,last
2003-11-02,3,0.13333333333333286,0.20000000000000284,last
2003-11-03,3,0.03666666666666529,0.07000000000000028,last
2003-11-04,2,0.024999999999995026,0.03999999999999915,last
2003-11-06,6,0.045000000000001115,0.0799999999999983,last
2003-11-07,5,0.2859999999999978,1.1999999999999957,last
2003-11-09,5,0.04600000000000222,0.09000000000000341,last
2003-11-11,1,0.00999999999999801,0.00999999999999801,last
2003-11-12,4,0.03249999999999709,0.0799999999999983,last
2003-12-03,3,0.07666666666666799,0.12000000000000455,last
2003-12-05,5,0.03799999999999883,0.09999999999999432,last
2003-12-06,4,0.055000000000000604,0.120000000000001,last
2003-12-08,3,0.036666666666668846,0.07000000000000028,last
2003-12-09,2,0.06499999999999417,0.0899999999999892,last
2003-12-11,3,0.026666666666668466,0.03999999999999915,last
2003-12-12,2,0.054999999999999716,0.060000000000002274,last
2004-01-03,6,0.05000000000000012,0.10000000000000142,last
2004-01-04,3,0.013333333333335418,0.01999999999999602,last
2004-01-06,3,0.05333333333332746,0.09999999999999432,last
2004-01-07,4,0.0600000000000005,0.1700000000000017,last
2004-01-09,2,0.024999999999996803,0.02999999999999403,last
2004-01-10,5,0.03800000000000168,0.120000000000001,last
2004-01-11,4,0.05250000000000199,0.07000000000000028,last
2004-01-12,3,0.0400000000000027,0.08000000000000185,last
2004-02-01,1,0.05000000000000426,0.05000000000000426,last
2004-02-02,1,0.060000000000002274,0.060000000000002274,last
2004-02-03,6,0.046666666666666266,0.16999999999999815,last
2004-02-04,6,0.029999999999998767,0.07000000000000028,last
2004-02-06,6,0.03166666666666629,0.129999999999999,last
2004-02-07,2,0.045000000000001705,0.060000000000002274,last
2004-02-08,3,0.03999999999999915,0.0799999999999983,last
2004-02-09,9,0.2444444444444432,1.5799999999999983,last
2004-02-11,1,0.03999999999999204,0.03999999999999204,last
2004-02-12,7,0.09857142857142824,0.4299999999999926,last
2004-03-02,5,0.12599999999999908,0.3400000000000034,last
2004-03-03,4,0.10749999999999993,0.3299999999999983,last
2004-03-05,4,0.16499999999999826,0.5500000000000007,last
2004-03-06,3,0.07666666666666562,0.14000000000000057,last
2004-03-08,3,0.02666666666666373,0.03999999999999204,last
2004-03-09,4,0.04499999999999993,0.0799999999999983,last
2004-03-11,3,0.03666666666666648,0.03999999999999915,last
2004-03-12,5,0.014000000000000058,0.020000000000003126,last
2004-04-02,5,0.045999999999999375,0.10999999999999943,last
2004-04-03,4,0.07249999999999979,0.19000000000000483,last
2004-04-05,2,0.030000000000001137,0.030000000000001137,last
2004-04-06,4,0.027500000000001634,0.04999999999999716,last
2004-04-08,2,0.019999999999999574,0.030000000000001137,last
2004-04-10,4,0.09249999999999758,0.12999999999999545,last
2004-04-11,5,0.0379999999999967,0.09999999999999432,last
2004-05-01,3,0.14666666666666353,0.4199999999999946,last
2004-05-02,4,0.06250000000000178,0.09999999999999432,last
2004-05-03,6,0.03666666666666707,0.09000000000000341,last
2004-05-04,4,0.02249999999999952,0.04999999999999716,last
2004-05-05,4,0.05500000000000149,0.14000000000000057,last
2004-05-08,4,0.03749999999999876,0.08999999999999986,last
2004-05-10,2,0.00999999999999801,0.00999999999999801,last
2004-05-11,1,0.01999999999999602,0.01999999999999602,last
2004-06-01,1,0.00999999999999801,0.00999999999999801,last
2004-06-02,3,0.036666666666664106,0.0899999999999963,last
2004-06-04,6,0.061666666666668014,0.12000000000000455,last
2004-06-05,4,0.027500000000001634,0.04999999999999716,last
2004-06-07,4,0.025000000000001243,0.07000000000000028,last
2004-06-08,5,0.046000000000001505,0.12000000000000455,last
2004-06-10,3,0.11333333333333447,0.2700000000000031,last
2004-06-12,2,0.01999999999999602,0.01999999999999602,last
2004-07-01,3,0.06333333333333376,0.120000000000001,last
2004-07-04,8,0.21749999999999914,0.48999999999999844,last
2004-07-05,3,0.043333333333331815,0.04999999999999716,last
2004-07-06,5,0.034000000000001765,0.060000000000002274,last
2004-07-07,8,0.18625000000000114,0.5999999999999943,last
2004-07-09,2,0.05500000000000327,0.07000000000000739,last
2004-07-10,6,0.046666666666666856,0.0799999999999983,last
2004-07-12,6,0.06500000000000128,0.21999999999999886,last
2004-08-01,4,0.025000000000000355,0.04999999999999716,last
2004-08-03,5,0.06800000000000139,0.17999999999999972,last
2004-08-04,1,0.00999999999999801,0.00999999999999801,last
2004-08-07,1,0.060000000000002274,0.060000000000002274,last
2004-08-09,2,0.04499999999999815,0.04999999999999716,last
2004-08-10,6,0.08999999999999986,0.3200000000000003,last
2004-08-11,1,0.020000000000010232,0.020000000000010232,last
2004-08-12,1,0.04000000000000625,0.04000000000000625,last
2004-09-01,6,0.053333333333334565,0.09000000000000341,last
2004-09-02,2,0.024999999999995026,0.03999999999999915,last
2004-09-03,4,0.052499999999999325,0.1600000000000037,last
2004-09-06,3,0.019999999999997204,0.029999999999997584,last
2004-09-07,1,0.01999999999999602,0.01999999999999602,last
2004-09-08,4,0.03750000000000142,0.0799999999999983,last
2004-09-09,1,0.25,0.25,last
2004-09-11,3,0.01666666666666809,0.030000000000001137,last
2004-09-12,3,0.07333333333333059,0.1599999999999966,last
2004-10-02,3,0.14666666666666708,0.370000000000001,last
2004-10-03,6,0.0316666666666651,0.0799999999999983,last
2004-10-05,1,0.10999999999999943,0.10999999999999943,last
2004-10-06,2,0.02499999999999858,0.03999999999999915,last
2004-10-08,7,0.11428571428571388,0.23000000000000398,last
2004-10-09,2,0.059999999999996945,0.09999999999999432,last
2004-10-11,3,0.049999999999999524,0.11999999999999744,last
2004-10-12,4,0.03500000000000014,0.07000000000000028,last
2004-11-02,3,0.06666666666666998,0.10999999999999943,last
2004-11-03,4,0.07250000000000068,0.08999999999999986,last
2004-11-05,4,0.06250000000000089,0.12000000000000455,last
2004-11-08,4,0.042500000000000426,0.0799999999999983,last
2004-11-10,3,0.03999999999999915,0.05999999999999517,last
2004-11-11,4,0.03999999999999915,0.07000000000000028,last
2004-12-01,5,0.0319999999999979,0.060000000000002274,last
2004-12-02,4,0.08499999999999996,0.18999999999999773,last
2004-12-03,6,0.09500000000000064,0.3100000000000023,last
2004-12-04,3,0.10666666666666202,0.28999999999999915,last
2004-12-05,2,0.22499999999999964,0.41999999999999815,last
2004-12-07,4,0.034999999999998366,0.06999999999999318,last
2004-12-08,5,0.08200000000000145,0.16000000000000014,last
2004-12-10,5,0.14200000000000088,0.3100000000000023,last
2004-12-11,3,0.01666666666666809,0.020000000000003126,last
2005-01-02,5,0.24199999999999947,0.8599999999999994,last
2005-01-03,2,0.08000000000000185,0.12000000000000455,last
2005-01-04,1,0.05000000000001137,0.05000000000001137,last
2005-01-06,6,0.07499999999999929,0.11999999999999744,last
2005-01-07,2,0.21000000000000085,0.28000000000000114,last
2005-01-08,2,0.03999999999999915,0.060000000000002274,last
2005-01-09,3,0.03999999999999915,0.07000000000000028,last
2005-01-11,1,0.10999999999999943,0.10999999999999943,last
2005-01-12,4,0.02500000000000213,0.030000000000001137,last
2005-02-02,4,0.41749999999999954,1.5,last
2005-02-03,1,0.010000000000005116,0.010000000000005116,last
2005-02-05,5,0.08800000000000026,0.28999999999999915,last
2005-02-06,5,0.06000000000000085,0.12999999999999545,last
2005-02-08,1,0.10000000000000142,0.10000000000000142,last
2005-02-09,2,0.054999999999999716,0.060000000000002274,last
2005-02-11,3,0.05666666666666487,0.10000000000000142,last
2005-02-12,2,0.015000000000002345,0.020000000000003126,last
2005-03-01,2,0.05000000000000071,0.060000000000002274,last
2005-03-02,1,0.23999999999999488,0.23999999999999488,last
2005-03-03,1,0.00999999999999801,0.00999999999999801,last
2005-03-05,4,0.11999999999999922,0.1600000000000037,last
2005-03-06,5,0.08199999999999932,0.19000000000000483,last
2005-03-10,3,0.06333333333333258,0.15000000000000568,last
2005-03-11,2,0.1999999999999993,0.3299999999999983,last
2005-04-01,4,0.022499999999999076,0.030000000000001137,last
2005-04-02,2,0.014999999999998792,0.01999999999999602,last
2005-04-03,7,0.04857142857142703,0.10000000000000142,last
2005-04-04,5,0.12199999999999847,0.28000000000000114,last
2005-04-05,3,0.3333333333333333,0.6299999999999955,last
2005-04-08,3,0.09333333333333609,0.20000000000000284,last
2005-04-10,4,0.05250000000000199,0.13000000000000256,last
2005-04-11,3,0.03333333333332907,0.05999999999999517,last
2005-05-01,2,0.09500000000000242,0.1700000000000017,last
2005-05-04,2,0.03500000000000014,0.05000000000000426,last
2005-05-05,5,0.0539999999999992,0.09999999999999432,last
2005-05-07,4,0.03000000000000025,0.0800000000000054,last
2005-05-08,3,0.049999999999999524,0.09000000000000341,last
2005-05-10,6,0.03500000000000073,0.04999999999999716,last
2005-05-12,7,0.07285714285714155,0.25,last
2005-06-01,2,0.015000000000000568,0.020000000000003126,last
2005-06-04,4,0.03750000000000053,0.10000000000000142,last
2005-06-05,4,0.09250000000000114,0.22999999999999687,last
2005-06-06,1,0.01999999999999602,0.01999999999999602,last
2005-06-07,5,0.054000000000002754,0.11000000000000654,last
2005-06-09,3,0.06333333333333495,0.10000000000000142,last
2005-06-10,4,0.134999999999998,0.25,last
2005-06-12,2,0.1999999999999993,0.38000000000000256,last
2005-07-01,4,0.03999999999999915,0.0799999999999983,last
2005-07-02,5,0.039999999999997725,0.08999999999999986,last
2005-07-03,1,0.10999999999999943,0.10999999999999943,last
2005-07-04,7,0.14285714285714285,0.4399999999999977,last
2005-07-06,3,0.10333333333333646,0.2700000000000031,last
2005-07-07,7,0.05285714285714503,0.0800000000000054,last
2005-07-09,3,0.09333333333333609,0.12000000000000455,last
2005-07-10,4,0.0625,0.13000000000000256,last
2005-07-11,4,0.040000000000000924,0.09000000000000341,last
2005-07-12,3,0.043333333333333,0.10000000000000142,last
2005-08-02,3,0.033333333333332625,0.04999999999999716,last
2005-08-04,4,0.17499999999999893,0.3400000000000034,last
2005-08-06,4,0.029999999999997584,0.04999999999999716,last
2005-08-07,4,0.09999999999999964,0.3200000000000003,last
2005-08-08,4,0.0699999999999994,0.13000000000000256,last
2005-08-09,2,0.08500000000000085,0.13000000000000256,last
2005-08-11,4,0.05750000000000011,0.1700000000000017,last
2005-08-12,5,0.06600000000000036,0.12000000000000455,last
2005-09-02,5,0.026000000000001224,0.0400000000000027,last
2005-09-03,3,0.10666666666666913,0.23000000000000398,last
2005-09-05,2,0.019999999999999574,0.030000000000001137,last
2005-09-06,4,0.08249999999999869,0.269999999999996,last
2005-09-08,2,0.23499999999999943,0.4299999999999997,last
2005-09-09,2,0.0849999999999973,0.1599999999999966,last
2005-09-11,2,0.010000000000001563,0.010000000000005116,last
2005-09-12,2,0.029999999999997584,0.04999999999999716,last
2005-10-01,3,0.03333333333333144,0.07000000000000028,last
2005-10-02,1,0.01999999999999602,0.01999999999999602,last
2005-10-03,2,0.060000000000002274,0.09000000000000341,last
2005-10-05,5,0.06200000000000187,0.1600000000000108,last
2005-10-06,4,0.057500000000000995,0.10000000000000142,last
2005-10-08,4,0.02499999999999858,0.04999999999999716,last
2005-10-10,4,0.04499999999999904,0.07000000000000028,last
2005-10-11,4,0.027500000000001634,0.05999999999999517,last
2005-11-01,3,0.1266666666666699,0.3400000000000034,last
2005-11-02,4,0.05749999999999922,0.10999999999999943,last
2005-11-03,1,0.060000000000002274,0.060000000000002274,last
2005-11-04,6,0.07666666666666562,0.3499999999999943,last
2005-11-05,3,0.020000000000001943,0.03999999999999915,last
2005-11-07,3,0.13333333333333522,0.21000000000000085,last
2005-11-08,3,0.03333333333333736,0.05999999999999872,last
2005-11-10,3,0.1033333333333341,0.1700000000000017,last
2005-11-11,2,0.024999999999995026,0.02999999999999403,last
2005-12-01,5,0.044000000000004036,0.0800000000000125,last
2005-12-04,6,0.10666666666666676,0.269999999999996,last
2005-12-05,3,0.07999999999999356,0.14999999999999147,last
2005-12-07,3,0.07333333333333296,0.10000000000000142,last
2005-12-09,2,0.08500000000000085,0.09000000000000341,last
2005-12-10,3,0.03333333333333618,0.04000000000000625,last
2005-12-12,2,0.0400000000000027,0.07000000000000028,last
2006-01-02,5,0.2119999999999976,0.5600000000000023,last
2006-01-03,4,0.16249999999999964,0.539999999999992,last
2006-01-05,2,0.05000000000000071,0.060000000000002274,last
2006-01-06,4,0.024999999999995026,0.05999999999999517,last
2006-01-08,1,0.10999999999999943,0.10999999999999943,last
2006-01-09,1,0.020000000000010232,0.020000000000010232,last
2006-01-11,4,0.01749999999999563,0.020000000000003126,last
2006-01-12,5,0.08399999999999892,0.28999999999999915,last
2006-02-02,3,0.05333333333333101,0.09000000000000341,last
2006-02-03,5,0.03000000000000256,0.060000000000002274,last
2006-02-05,2,0.00999999999999801,0.00999999999999801,last
2006-02-06,1,0.010000000000005116,0.010000000000005116,last
2006-02-08,6,0.07333333333333177,0.1700000000000017,last
2006-02-10,5,0.0579999999999977,0.120000000000001,last
2006-02-11,1,0.18999999999999773,0.18999999999999773,last
2006-03-01,2,0.019999999999999574,0.030000000000001137,last
2006-03-02,4,0.02749999999999897,0.05999999999999517,last
2006-03-03,6,0.05000000000000071,0.12000000000000455,last
2006-03-04,1,0.03999999999999915,0.03999999999999915,last
2006-03-05,2,0.039999999999995595,0.07000000000000028,last
2006-03-08,3,0.04333333333333419,0.07000000000000028,last
2006-03-10,2,0.03500000000000014,0.060000000000002274,last
2006-03-11,2,0.015000000000004121,0.020000000000010232,last
2006-04-01,5,0.0779999999999994,0.17999999999999972,last
2006-04-04,1,0.009999999999990905,0.009999999999990905,last
2006-04-05,1,0.01999999999999602,0.01999999999999602,last
2006-04-08,2,0.015000000000000568,0.01999999999999602,last
2006-04-10,3,0.023333333333335798,0.05000000000000426,last
2006-05-01,4,0.08500000000000085,0.3100000000000023,last
2006-05-04,3,0.010000000000001563,0.010000000000005116,last
2006-05-05,1,0.00999999999999801,0.00999999999999801,last
2006-05-06,5,0.06400000000000076,0.12000000000000455,last
2006-05-09,3,0.049999999999999524,0.06999999999999318,last
2006-05-10,3,0.06000000000000109,0.1599999999999966,last
2006-05-12,2,0.05499999999999261,0.06999999999999318,last
2006-06-01,5,0.034000000000001765,0.10000000000000142,last
2006-06-02,5,0.14399999999999907,0.43000000000000327,last
2006-06-03,2,0.08000000000000185,0.12000000000000455,last
2006-06-04,2,0.02499999999999858,0.03999999999999915,last
2006-06-06,3,0.09666666666666639,0.1600000000000037,last
2006-06-07,3,0.07333333333333059,0.14000000000000057,last
2006-06-09,3,0.033333333333333805,0.07000000000000028,last
2006-06-10,2,0.07000000000000028,0.10000000000000142,last
2006-06-11,3,0.013333333333335418,0.020000000000010232,last
2006-06-12,1,0.4299999999999997,0.4299999999999997,last
2006-07-02,6,0.13333333333333228,0.3099999999999987,last
2006-07-03,2,0.019999999999992468,0.02999999999999403,last
2006-07-04,6,0.13500000000000037,0.5600000000000023,last
2006-07-06,3,0.03333333333333618,0.05000000000001137,last
2006-07-07,2,0.12500000000000178,0.240000000000002,last
2006-07-09,2,0.040000000000009805,0.0700000000000216,last
2006-07-11,3,0.07000000000000266,0.10000000000002274,last
2006-08-02,6,0.0416666666666643,0.14999999999999858,last
2006-08-03,1,0.020000000000003126,0.020000000000003126,last
2006-08-05,3,0.05999999999999872,0.08999999999999986,last
2006-08-06,6,0.04833333333333556,0.09000000000000341,last
2006-08-08,3,0.10999999999999943,0.1700000000000017,last
2006-08-09,1,0.3999999999999986,0.3999999999999986,last
2006-08-11,4,0.20000000000000107,0.39000000000000057,last
2006-08-12,2,0.12500000000000355,0.2400000000000091,last
2006-09-01,4,0.07000000000000028,0.13000000000000256,last
2006-09-02,6,0.06500000000000068,0.129999999999999,last
2006-09-03,1,0.02999999999999403,0.02999999999999403,last
2006-09-05,3,0.1300000000000061,0.3099999999999987,last
2006-09-06,1,0.00999999999999801,0.00999999999999801,last
2006-09-08,5,0.192000000000003,0.8500000000000014,last
2006-09-10,1,0.05000000000000426,0.05000000000000426,last
2006-09-11,7,0.12857142857142634,0.28999999999999204,last
2006-10-01,2,0.02499999999999858,0.03999999999999915,last
2006-10-02,3,0.046666666666666856,0.060000000000002274,last
2006-10-03,2,0.02500000000000213,0.03999999999999915,last
2006-10-04,1,0.0800000000000054,0.0800000000000054,last
2006-10-05,2,0.049999999999998934,0.0899999999999963,last
2006-10-07,1,0.1700000000000017,0.1700000000000017,last
2006-10-08,1,0.8399999999999999,0.8399999999999999,last
2006-10-10,7,0.14714285714286035,0.36000000000001364,last
2006-10-11,6,0.620000000000001,3.3999999999999915,last
2006-11-01,4,0.14249999999999652,0.45999999999999375,last
2006-11-04,1,0.029999999999997584,0.029999999999997584,last
2006-11-05,2,0.010000000000012221,0.010000000000019327,last
2006-11-07,2,0.01999999999999602,0.02999999999999403,last
2006-11-08,1,0.04999999999999716,0.04999999999999716,last
2006-11-09,1,0.14000000000001478,0.14000000000001478,last
2006-11-10,1,0.00999999999999801,0.00999999999999801,last
2006-11-12,4,0.24999999999999645,0.75,last
2006-12-01,3,0.0633333333333302,0.1599999999999966,last
2006-12-04,3,0.08333333333333688,0.10999999999999943,last
2006-12-05,2,0.03999999999999915,0.04999999999999716,last
2006-12-06,1,0.2699999999999818,0.2699999999999818,last
2006-12-07,4,0.12249999999999872,0.3100000000000023,last
2006-12-09,3,0.03333333333333025,0.04999999999998295,last
2006-12-10,3,0.05666666666667434,0.14999999999999858,last
2006-12-12,5,0.02599999999999909,0.03999999999999204,last
2007-01-02,2,0.014999999999993463,0.01999999999999602,last
2007-01-03,5,0.0759999999999991,0.1599999999999966,last
2007-01-05,3,0.06666666666666761,0.15000000000000568,last
2007-01-06,3,0.09333333333333134,0.1599999999999966,last
2007-01-08,7,0.08857142857142566,0.2599999999999909,last
2007-01-10,3,0.020000000000003126,0.020000000000003126,last
2007-01-11,7,0.09285714285714215,0.28999999999999915,last
2007-02-02,1,0.01999999999999602,0.01999999999999602,last
2007-02-03,6,0.07500000000000107,0.17999999999999972,last
2007-02-04,2,0.5650000000000048,1.0400000000000063,last
2007-02-05,2,0.009999999999994458,0.00999999999999801,last
2007-02-07,6,0.045000000000001115,0.06999999999999318,last
2007-02-08,2,0.5749999999999993,1.1200000000000045,last
2007-02-10,2,0.050000000000007816,0.05999999999999517,last
2007-02-11,4,0.3025000000000073,1.1000000000000014,last
2007-03-01,3,0.45666666666666816,1.2700000000000102,last
2007-03-04,3,0.06333333333333495,0.10000000000000142,last
2007-03-05,1,0.04999999999999716,0.04999999999999716,last
2007-03-07,6,0.0566666666666625,0.10999999999999943,last
2007-03-08,7,0.042857142857148034,0.10000000000002274,last
2007-03-10,3,0.07333333333333059,0.12000000000000455,last
2007-03-12,4,0.014999999999998792,0.020000000000003126,last
2007-04-01,2,0.06500000000000661,0.0800000000000125,last
2007-04-04,3,0.023333333333329875,0.03999999999999915,last
2007-04-05,1,0.010000000000019327,0.010000000000019327,last
2007-04-06,9,0.06888888888889097,0.20000000000001705,last
2007-04-09,3,0.05666666666667197,0.10000000000000142,last
2007-04-12,8,0.08000000000000096,0.21000000000000796,last
2007-05-01,1,0.0700000000000216,0.0700000000000216,last
2007-05-02,2,0.09500000000001307,0.15000000000000568,last
2007-05-03,13,0.22846153846154002,0.9200000000000017,last
2007-05-04,4,0.04999999999999538,0.11999999999997613,last
2007-05-06,3,0.04666666666667396,0.10000000000002274,last
2007-05-07,1,0.12000000000000455,0.12000000000000455,last
2007-05-09,3,0.07000000000000266,0.09999999999999432,last
2007-05-10,3,0.06999999999999791,0.09999999999999432,last
2007-05-11,5,0.2420000000000016,0.6899999999999977,last
2007-05-12,8,0.39124999999999766,1.4799999999999898,last
2007-06-02,2,0.0899999999999963,0.12999999999999545,last
2007-06-03,6,0.06333333333333613,0.11000000000001364,last
2007-06-06,3,0.05666666666667434,0.10999999999999943,last
2007-06-07,2,0.05499999999999616,0.0799999999999983,last
2007-06-08,5,0.037999999999998126,0.10999999999999943,last
2007-06-09,1,0.01999999999999602,0.01999999999999602,last
2007-06-11,6,0.16666666666666666,0.25,last
2007-06-12,4,0.02000000000000668,0.030000000000001137,last
2007-07-02,4,0.16749999999999687,0.6099999999999994,last
2007-07-03,5,0.1259999999999998,0.269999999999996,last
2007-07-05,6,0.053333333333334565,0.22999999999999687,last
2007-07-06,3,0.03666666666666648,0.09000000000000341,last
2007-07-08,2,0.02499999999999858,0.03999999999999915,last
2007-07-09,3,0.043333333333331815,0.0899999999999963,last
2007-07-11,6,0.41333333333333044,1.0300000000000011,last
2007-07-12,2,0.08499999999999908,0.1599999999999966,last
2007-08-01,3,0.04000000000000625,0.10000000000002274,last
2007-08-02,5,0.2980000000000004,0.9500000000000028,last
2007-08-03,6,0.05166666666666823,0.15000000000000568,last
2007-08-05,4,0.22999999999999687,0.6499999999999986,last
2007-08-06,2,0.1950000000000145,0.3800000000000239,last
2007-08-08,5,0.12999999999999545,0.28999999999999204,last
2007-08-10,6,0.036666666666660554,0.11999999999997613,last
2007-08-11,4,0.03749999999999876,0.0799999999999983,last
2007-09-01,2,0.05500000000000327,0.07000000000000028,last
2007-09-02,3,0.18333333333333712,0.4099999999999966,last
2007-09-03,6,0.1483333333333358,0.75,last
2007-09-04,2,0.05000000000000426,0.0800000000000054,last
2007-09-05,4,0.025000000000000355,0.05000000000000426,last
2007-09-07,2,0.04999999999999716,0.09000000000000341,last
2007-09-08,10,0.2849999999999994,1.240000000000009,last
2007-09-10,4,0.7824999999999989,1.8100000000000023,last
2007-09-11,5,0.15999999999999445,0.45999999999997954,last
2007-10-01,3,0.09333333333333134,0.13999999999998636,last
2007-10-04,3,0.05666666666666723,0.10999999999999943,last
2007-10-05,5,0.11400000000000432,0.20000000000001705,last
2007-10-07,5,0.035999999999997104,0.0899999999999892,last
2007-10-08,3,0.15666666666667103,0.2300000000000182,last
2007-10-09,6,0.05500000000000268,0.12000000000000455,last
2007-10-10,2,0.15500000000000114,0.20000000000000284,last
2007-10-12,2,0.05999999999999517,0.10999999999999943,last
2007-11-01,4,0.02500000000000213,0.05000000000001137,last
2007-11-04,4,0.12750000000000128,0.45000000000000284,last
2007-11-05,4,0.17999999999999794,0.46999999999999886,last
2007-11-06,1,0.040000000000020464,0.040000000000020464,last
2007-11-07,3,0.06333333333333613,0.09000000000000341,last
2007-11-09,3,0.036666666666664106,0.07999999999998408,last
2007-11-10,5,0.14600000000000507,0.45000000000000284,last
2007-11-12,11,0.2545454545454533,1.0999999999999943,last
2007-12-01,6,0.09166666666666383,0.22999999999999687,last
2007-12-02,2,0.030000000000008242,0.04999999999999716,last
2007-12-03,5,0.022000000000000595,0.04999999999999716,last
2007-12-04,6,0.09666666666666639,0.19999999999999574,last
2007-12-06,3,0.09333333333333609,0.18000000000000682,last
2007-12-07,4,0.060000000000001386,0.13000000000000256,last
2007-12-10,6,0.21499999999999986,0.9600000000000009,last
2007-12-11,7,0.08428571428571832,0.25,last
2007-12-12,5,0.05200000000000386,0.13000000000000256,last
2008-01-02,8,0.08874999999999966,0.33999999999999986,last
2008-01-04,5,0.17400000000000232,0.5300000000000011,last
2008-01-05,6,0.06333333333332902,0.13000000000000256,last
2008-01-07,6,0.08333333333333097,0.19999999999998863,last
2008-01-08,6,0.03999999999999915,0.07000000000000028,last
2008-01-10,9,0.2066666666666674,0.6299999999999955,last
2008-01-12,9,0.06555555555555613,0.08999999999999986,last
2008-02-01,5,0.09200000000000016,0.2400000000000091,last
2008-02-04,8,0.053749999999996856,0.10999999999999943,last
2008-02-05,6,0.06999999999999969,0.120000000000001,last
2008-02-06,3,0.2200000000000036,0.5700000000000074,last
2008-02-07,4,0.08499999999999819,0.11999999999999034,last
2008-02-09,3,0.02666666666666373,0.03999999999999915,last
2008-02-10,4,0.03750000000000142,0.0899999999999963,last
2008-02-12,6,0.039999999999999446,0.08999999999999986,last
2008-03-01,4,0.24749999999999872,0.8499999999999943,last
2008-03-03,1,0.09000000000000341,0.09000000000000341,last
2008-03-04,2,0.22000000000000064,0.4200000000000017,last
2008-03-06,2,0.03000000000000469,0.05000000000001137,last
2008-03-07,3,0.016666666666664536,0.019999999999999574,last
2008-03-10,9,0.0699999999999987,0.1799999999999926,last
2008-03-11,6,2.1016666666666666,10.710000000000008,last
2008-03-12,11,0.0772727272727287,0.23000000000000398,last
2008-04-01,6,0.04999999999999538,0.11999999999997613,last
2008-04-02,8,0.10249999999999959,0.48999999999999844,last
2008-04-03,4,0.08750000000000302,0.13000000000000256,last
2008-04-04,4,0.18499999999999783,0.3199999999999932,last
2008-04-06,4,0.07250000000000423,0.18000000000000682,last
2008-04-08,4,0.08250000000000224,0.20000000000000284,last
2008-04-09,3,0.196666666666669,0.5100000000000051,last
2008-04-11,8,0.06999999999999917,0.2700000000000031,last
2008-04-12,6,0.07833333333333137,0.11999999999999744,last
2008-05-02,9,0.21111111111111017,1.4799999999999969,last
2008-05-03,2,0.08000000000000185,0.12000000000000455,last
2008-05-05,6,0.06833333333332862,0.12999999999999545,last
2008-05-08,1,0.00999999999999801,0.00999999999999801,last
2008-05-09,12,0.6416666666666672,1.9799999999999898,last
2008-05-11,5,0.7300000000000001,1.3799999999999955,last
2008-05-12,4,0.05499999999999883,0.14999999999999858,last
2008-06-02,5,0.44400000000000406,0.960000000000008,last
2008-06-03,4,0.04750000000000032,0.10999999999999943,last
2008-06-05,2,0.5249999999999986,0.8299999999999983,last
2008-06-06,2,0.02000000000000135,0.030000000000001137,last
2008-06-08,11,0.28545454545454746,1.0,last
2008-06-11,9,0.33888888888888935,1.3400000000000034,last
2008-07-01,5,0.0599999999999973,0.1599999999999966,last
2008-07-02,4,0.16249999999999876,0.23999999999999488,last
2008-07-03,2,0.045000000000001705,0.060000000000002274,last
2008-07-04,4,0.19249999999999545,0.4899999999999807,last
2008-07-05,8,0.09875000000000211,0.30999999999999517,last
2008-07-07,6,0.09166666666666501,0.29999999999998295,last
2008-07-11,3,0.10666666666666913,0.18000000000000682,last
2008-08-01,7,0.05285714285714401,0.15000000000000213,last
2008-08-02,5,0.11400000000000148,0.3100000000000023,last
2008-08-04,11,0.2672727272727284,0.8499999999999943,last
2008-08-05,7,0.09857142857142571,0.3299999999999841,last
2008-08-07,9,0.07777777777776665,0.32999999999992724,last
2008-08-08,4,0.022500000000000853,0.03999999999999204,last
2008-08-10,7,0.1457142857142864,0.20000000000000107,last
2008-08-12,7,0.15857142857142822,0.35999999999999943,last
2008-09-01,5,0.1139999999999958,0.4199999999999875,last
2008-09-04,6,0.03000000000000173,0.04999999999999716,last
2008-09-06,6,0.16833333333333478,0.8100000000000023,last
2008-09-07,10,0.16900000000000012,0.8300000000000018,last
2008-09-09,8,0.11749999999999883,0.3199999999999932,last
2008-09-10,3,0.43666666666666626,0.5899999999999999,last
2008-09-12,7,0.08571428571428592,0.28999999999999915,last
2008-10-01,7,0.8000000000000013,5.090000000000003,last
2008-10-03,4,0.9375,3.6300000000000026,last
2008-10-04,8,0.202500000000001,0.8400000000000034,last
2008-10-06,3,0.08999999999999393,0.1599999999999966,last
2008-10-07,3,3.279999999999992,9.769999999999982,last
2008-10-09,6,0.19166666666666524,0.6599999999999966,last
2008-10-11,7,0.08857142857142744,0.2599999999999909,last
2008-10-12,7,0.10857142857142575,0.19999999999998863,last
2008-11-01,7,0.10999999999999689,0.25,last
2008-11-02,2,0.09000000000000341,0.12000000000000455,last
2008-11-03,7,0.4128571428571434,1.8100000000000023,last
2008-11-04,7,0.0999999999999999,0.3400000000000034,last
2008-11-07,8,0.044999999999999485,0.12000000000000455,last
2008-11-08,5,0.13799999999999954,0.3500000000000014,last
2008-11-09,7,0.2914285714285713,1.0300000000000011,last
2008-11-11,8,0.07749999999999968,0.35999999999999943,last
2008-11-12,13,0.344615384615385,1.5600000000000023,last
2008-12-02,6,0.168333333333333,0.28000000000000114,last
2008-12-03,7,0.16142857142858144,0.39000000000000057,last
2008-12-05,3,0.29999999999999716,0.5099999999999909,last
2008-12-08,5,0.3399999999999956,0.8799999999999955,last
2008-12-09,6,0.08499999999999967,0.2700000000000031,last
2008-12-11,12,0.46166666666666795,2.469999999999999,last
2008-12-12,11,0.10999999999999927,0.35999999999999943,last
2009-02-01,2,0.1599999999999948,0.2599999999999909,last
2009-02-12,1,0.1700000000000017,0.1700000000000017,last
2009-04-12,1,0.010000000000001563,0.010000000000001563,last
2009-05-01,4,0.11249999999999627,0.21999999999999886,last
2009-06-01,2,0.07000000000000028,0.120000000000001,last
2009-06-02,7,0.27000000000000146,1.1000000000000085,last
2009-07-01,7,0.08714285714285694,0.35999999999999943,last
2009-08-01,1,0.6400000000000006,0.6400000000000006,last
2009-09-01,7,0.06999999999999991,0.33999999999999986,last
2009-09-02,3,0.20999999999999966,0.35999999999999943,last
2009-09-12,2,0.009999999999998899,0.009999999999999787,last
2009-12-01,7,0.07142857142857117,0.14999999999999858,last
,5669,0.220426771035456,24.41,last
2010-06-05,1,0.009999999999990905,0.009999999999990905,1pm
2012-03-07,2,0.014999999999998792,0.01999999999999602,1pm
,12,0.012499999999999881,0.030000000000001137,1pm
2009-02-07,1,0.00999999999999801,0.00999999999999801,c1
2009-03-08,1,0.010000000000001563,0.010000000000001563,c1
2010-07-01,1,0.04999999999998295,0.04999999999998295,c1
2010-07-05,1,0.05999999999997385,0.05999999999997385,c1
2010-09-07,1,0.00999999999999801,0.00999999999999801,c1
2010-10-11,1,0.030000000000001137,0.030000000000001137,c1
2010-11-10,10,0.03999999999999844,0.1599999999999966,c1
2010-12-02,2,0.019999999999999574,0.020000000000003126,c1
2011-04-08,1,0.009999999999990905,0.009999999999990905,c1
2011-08-08,7,0.4542857142857107,1.25,c1
2011-10-10,1,0.05000000000001137,0.05000000000001137,c1
2011-10-11,1,0.010000000000005116,0.010000000000005116,c1
2011-11-08,1,0.010000000000005116,0.010000000000005116,c1
2012-10-05,1,0.05999999999994543,0.05999999999994543,c1
,21,0.04523809523809622,0.6299999999999955,c1
2009-01-04,3,0.016666666666669272,0.030000000000001137,4pm
2009-01-05,1,0.009999999999990905,0.009999999999990905,4pm
2009-01-06,1,0.14999999999999147,0.14999999999999147,4pm
2009-01-07,1,0.010000000000001563,0.010000000000001563,4pm
2009-01-12,1,0.00999999999999801,0.00999999999999801,4pm
2009-02-10,1,0.010000000000005116,0.010000000000005116,4pm
2009-02-11,1,0.010000000000005116,0.010000000000005116,4pm
2009-03-02,1,0.009999999999990905,0.009999999999990905,4pm
2009-03-04,1,0.010000000000001563,0.010000000000001563,4pm
2009-03-08,2,0.02000000000000135,0.030000000000001137,4pm
2009-03-09,1,0.04000000000000625,0.04000000000000625,4pm
2009-03-11,1,0.00999999999999801,0.00999999999999801,4pm
2009-04-02,2,0.00999999999999801,0.00999999999999801,4pm
2009-05-02,1,0.019999999999999574,0.019999999999999574,4pm
2009-05-05,1,0.010000000000005116,0.010000000000005116,4pm
2009-05-06,2,0.024999999999995026,0.03999999999999204,4pm
2009-06-03,1,0.009999999999999787,0.009999999999999787,4pm
2009-06-04,1,0.009999999999990905,0.009999999999990905,4pm
2009-06-07,1,0.01999999999999602,0.01999999999999602,4pm
2009-07-01,2,0.029999999999995808,0.03999999999999204,4pm
2009-07-07,1,0.029999999999997584,0.029999999999997584,4pm
2009-08-01,2,0.014999999999997016,0.01999999999999602,4pm
2009-08-06,1,0.060000000000002274,0.060000000000002274,4pm
2009-08-07,2,0.019999999999999574,0.030000000000001137,4pm
2009-08-09,2,0.010000000000001563,0.010000000000005116,4pm
2009-09-01,1,0.010000000000005116,0.010000000000005116,4pm
2009-09-02,1,0.00999999999999801,0.00999999999999801,4pm
2009-09-03,1,0.010000000000005116,0.010000000000005116,4pm
2009-10-02,4,0.01750000000000096,0.04000000000000625,4pm
2009-10-07,1,0.010000000000005116,0.010000000000005116,4pm
2009-10-08,1,0.00999999999999801,0.00999999999999801,4pm
2009-10-09,1,0.009999999999990905,0.009999999999990905,4pm
2009-10-12,1,0.00999999999999801,0.00999999999999801,4pm
2009-11-02,1,0.009999999999990905,0.009999999999990905,4pm
2009-11-09,1,0.019999999999999574,0.019999999999999574,4pm
2009-12-06,2,0.014999999999998792,0.01999999999999602,4pm
2009-12-11,1,0.00999999999999801,0.00999999999999801,4pm
2010-01-03,1,0.010000000000019327,0.010000000000019327,4pm
2010-01-10,1,0.020000000000010232,0.020000000000010232,4pm
2010-01-11,1,0.00999999999999801,0.00999999999999801,4pm
2010-02-02,1,0.020000000000010232,0.020000000000010232,4pm
2010-02-06,2,0.010000000000002451,0.010000000000005116,4pm
2010-02-07,3,0.029999999999999954,0.04999999999999716,4pm
2010-02-11,1,0.010000000000005116,0.010000000000005116,4pm
2010-02-12,1,0.00999999999999801,0.00999999999999801,4pm
2010-03-02,3,0.00999999999999801,0.010000000000001563,4pm
2010-03-06,3,0.010000000000002748,0.010000000000005116,4pm
2010-03-09,3,0.013333333333334826,0.02000000000000135,4pm
2010-03-11,2,0.015000000000000568,0.01999999999999602,4pm
2010-04-01,1,0.010000000000001563,0.010000000000001563,4pm
2010-04-02,2,0.030000000000002913,0.04000000000000625,4pm
2010-04-03,1,0.04999999999998295,0.04999999999998295,4pm
2010-04-05,2,0.009999999999994458,0.00999999999999801,4pm
2010-04-06,1,0.009999999999990905,0.009999999999990905,4pm
2010-04-08,1,0.010000000000005116,0.010000000000005116,4pm
2010-04-10,2,0.015000000000000568,0.020000000000003126,4pm
2010-05-01,2,0.025000000000011013,0.040000000000020464,4pm
2010-05-02,1,0.030000000000001137,0.030000000000001137,4pm
2010-05-03,1,0.01999999999999602,0.01999999999999602,4pm
2010-05-04,1,0.00999999999999801,0.00999999999999801,4pm
2010-05-05,2,0.03000000000000469,0.05000000000000426,4pm
2010-05-08,2,0.019999999999999574,0.030000000000001137,4pm
2010-05-10,1,0.010000000000005116,0.010000000000005116,4pm
2010-05-11,1,0.010000000000001563,0.010000000000001563,4pm
2010-06-04,3,0.01333333333333068,0.01999999999999602,4pm
2010-06-05,2,0.019999999999999574,0.030000000000001137,4pm
2010-07-05,1,0.09999999999999432,0.09999999999999432,4pm
2010-07-06,1,0.040000000000020464,0.040000000000020464,4pm
2010-07-07,2,0.025000000000000355,0.030000000000001137,4pm
2010-08-01,3,0.01333333333333068,0.020000000000003126,4pm
2010-08-06,2,0.13500000000000512,0.21000000000000796,4pm
2010-08-07,2,0.014999999999993463,0.01999999999999602,4pm
2010-08-10,1,0.00999999999999801,0.00999999999999801,4pm
2010-08-11,3,0.033333333333333805,0.04000000000000625,4pm
2010-09-02,2,0.010000000000001563,0.010000000000005116,4pm
2010-09-07,1,0.030000000000001137,0.030000000000001137,4pm
2010-09-11,1,0.010000000000001563,0.010000000000001563,4pm
2010-10-03,4,0.03999999999999826,0.07999999999998408,4pm
2010-10-05,3,0.016666666666666902,0.030000000000001137,4pm
2010-10-06,1,0.030000000000001137,0.030000000000001137,4pm
2010-10-11,2,0.025000000000005684,0.030000000000001137,4pm
2010-11-02,3,0.013333333333336602,0.020000000000010232,4pm
2010-11-10,12,0.02583333333333278,0.09000000000000341,4pm
2010-12-01,3,0.020000000000000757,0.03999999999999915,4pm
2010-12-02,1,0.020000000000003126,0.020000000000003126,4pm
2010-12-04,1,0.010000000000001563,0.010000000000001563,4pm
2010-12-07,1,0.009999999999999787,0.009999999999999787,4pm
2010-12-08,2,0.010000000000005116,0.010000000000005116,4pm
2010-12-11,2,0.01499999999999524,0.019999999999999574,4pm
2011-01-04,1,0.01999999999999602,0.01999999999999602,4pm
2011-01-06,1,0.00999999999999801,0.00999999999999801,4pm
2011-01-07,2,0.00999999999999801,0.00999999999999801,4pm
2011-01-08,2,0.010000000000001563,0.010000000000005116,4pm
2011-01-09,1,0.00999999999999801,0.00999999999999801,4pm
2011-01-11,3,0.009999999999999195,0.010000000000001563,4pm
2011-01-12,3,0.00999999999999801,0.00999999999999801,4pm
2011-02-02,2,0.029999999999986926,0.04999999999998295,4pm
2011-02-05,3,0.013333333333331865,0.020000000000003126,4pm
2011-02-06,1,0.00999999999999801,0.00999999999999801,4pm
2011-02-08,3,0.009999999999999195,0.010000000000001563,4pm
2011-02-09,2,0.014999999999998792,0.019999999999999574,4pm
2011-02-11,2,0.015000000000005898,0.020000000000010232,4pm
2011-02-12,2,0.014999999999998792,0.019999999999999574,4pm
2011-03-06,1,0.020000000000003126,0.020000000000003126,4pm
2011-03-08,1,0.01999999999999602,0.01999999999999602,4pm
2011-03-10,2,0.015000000000001457,0.02000000000000135,4pm
2011-04-05,1,0.00999999999999801,0.00999999999999801,4pm
2011-04-08,3,0.009999999999998602,0.009999999999999787,4pm
2011-04-10,4,0.02249999999999952,0.03999999999999915,4pm
2011-04-11,3,0.013333333333331865,0.01999999999999602,4pm
2011-05-04,2,0.009999999999996234,0.010000000000001563,4pm
2011-05-05,1,0.010000000000005116,0.010000000000005116,4pm
2011-05-07,3,0.016666666666659797,0.019999999999999574,4pm
2011-05-10,1,0.010000000000001563,0.010000000000001563,4pm
2011-06-04,3,0.0399999999999873,0.0999999999999659,4pm
2011-06-05,2,0.00999999999999801,0.00999999999999801,4pm
2011-06-07,1,0.010000000000001563,0.010000000000001563,4pm
2011-06-10,4,0.010000000000000231,0.010000000000005116,4pm
2011-06-12,4,0.009999999999998899,0.010000000000001563,4pm
2011-07-02,4,0.01249999999999929,0.020000000000003126,4pm
2011-07-03,1,0.01999999999999602,0.01999999999999602,4pm
2011-07-04,1,0.00999999999999801,0.00999999999999801,4pm
2011-07-06,4,0.01249999999999929,0.01999999999999602,4pm
2011-07-07,2,0.010000000000002451,0.010000000000005116,4pm
2011-07-09,1,0.00999999999999801,0.00999999999999801,4pm
2011-07-10,4,0.009999999999996678,0.009999999999999787,4pm
2011-07-11,2,0.009999999999998899,0.009999999999999787,4pm
2011-07-12,2,0.010000000000000675,0.010000000000001563,4pm
2011-08-04,1,0.00999999999999801,0.00999999999999801,4pm
2011-08-06,1,0.010000000000005116,0.010000000000005116,4pm
2011-08-08,10,0.08799999999999386,0.38000000000000256,4pm
2011-08-11,2,0.015000000000000568,0.020000000000003126,4pm
2011-08-12,4,0.009999999999998899,0.010000000000001563,4pm
2011-09-02,1,0.01999999999999602,0.01999999999999602,4pm
2011-09-03,1,0.009999999999990905,0.009999999999990905,4pm
2011-09-06,4,0.01499999999999968,0.020000000000003126,4pm
2011-09-08,4,0.2099999999999973,0.6299999999999955,4pm
2011-09-09,1,0.03999999999999204,0.03999999999999204,4pm
2011-09-11,3,0.009999999999997419,0.010000000000001563,4pm
2011-09-12,6,0.009999999999998307,0.010000000000005116,4pm
2011-10-01,1,0.010000000000005116,0.010000000000005116,4pm
2011-10-03,1,0.020000000000003126,0.020000000000003126,4pm
2011-10-06,1,0.009999999999990905,0.009999999999990905,4pm
2011-10-08,2,0.044999999999996376,0.06999999999999318,4pm
2011-10-10,2,0.009999999999999787,0.010000000000001563,4pm
2011-11-08,1,0.009999999999990905,0.009999999999990905,4pm
2011-11-10,2,0.015000000000000568,0.019999999999999574,4pm
2011-11-11,6,0.009999999999997419,0.010000000000001563,4pm
2011-12-04,3,0.009999999999999195,0.010000000000001563,4pm
2011-12-07,2,0.010000000000002451,0.010000000000005116,4pm
2011-12-09,1,0.00999999999999801,0.00999999999999801,4pm
2011-12-10,1,0.00999999999999801,0.00999999999999801,4pm
2011-12-12,2,0.010000000000001563,0.010000000000001563,4pm
2012-01-02,1,0.060000000000002274,0.060000000000002274,4pm
2012-01-03,6,0.01166666666666553,0.020000000000003126,4pm
2012-01-05,1,0.00999999999999801,0.00999999999999801,4pm
2012-01-06,3,0.010000000000000378,0.010000000000001563,4pm
2012-01-08,1,0.020000000000010232,0.020000000000010232,4pm
2012-01-11,1,0.01999999999998181,0.01999999999998181,4pm
2012-02-02,4,0.012499999999995737,0.01999999999999602,4pm
2012-02-03,2,0.045000000000001705,0.0799999999999983,4pm
2012-02-04,3,0.010000000000002748,0.010000000000005116,4pm
2012-02-05,1,0.009999999999999787,0.009999999999999787,4pm
2012-02-07,2,0.009999999999998899,0.009999999999999787,4pm
2012-03-01,1,0.010000000000001563,0.010000000000001563,4pm
2012-03-02,5,0.012000000000000099,0.019999999999999574,4pm
2012-03-04,3,0.01666666666666572,0.030000000000001137,4pm
2012-03-05,1,0.010000000000001563,0.010000000000001563,4pm
2012-03-08,1,0.00999999999999801,0.00999999999999801,4pm
2012-03-12,1,0.010000000000005116,0.010000000000005116,4pm
2012-04-01,2,0.009999999999994458,0.00999999999999801,4pm
2012-04-04,2,0.010000000000010445,0.010000000000019327,4pm
2012-04-05,2,0.010000000000001563,0.010000000000005116,4pm
2012-04-06,2,0.009999999999999787,0.010000000000001563,4pm
2012-05-01,2,0.01000000000000334,0.010000000000005116,4pm
2012-05-03,2,0.015000000000000568,0.01999999999999602,4pm
2012-05-04,2,0.010000000000001563,0.010000000000005116,4pm
2012-05-06,2,0.010000000000001563,0.010000000000001563,4pm
2012-06-01,10,0.015000000000001101,0.030000000000001137,4pm
2012-06-02,3,0.009999999999999195,0.010000000000001563,4pm
2012-06-03,3,0.009999999999995643,0.00999999999999801,4pm
2012-06-06,2,0.01000000000000334,0.010000000000005116,4pm
2012-06-09,1,0.010000000000001563,0.010000000000001563,4pm
2012-07-03,3,0.010000000000005116,0.010000000000019327,4pm
2012-07-05,3,0.009999999999996826,0.010000000000001563,4pm
2012-07-06,1,0.00999999999999801,0.00999999999999801,4pm
2012-07-08,1,0.010000000000001563,0.010000000000001563,4pm
2012-07-09,1,0.009999999999999787,0.009999999999999787,4pm
2012-08-02,3,0.010000000000002748,0.010000000000005116,4pm
2012-08-05,1,0.010000000000001563,0.010000000000001563,4pm
2012-08-08,1,0.009999999999999787,0.009999999999999787,4pm
2012-08-11,1,0.00999999999999801,0.00999999999999801,4pm
2012-09-01,7,0.01142857142857423,0.020000000000010232,4pm
2012-09-02,3,0.013333333333331865,0.01999999999999602,4pm
2012-09-03,1,0.00999999999999801,0.00999999999999801,4pm
2012-09-05,3,0.02666666666667202,0.05000000000001137,4pm
2012-09-11,1,0.020000000000003126,0.020000000000003126,4pm
2012-10-01,4,0.010000000000004228,0.010000000000019327,4pm
2012-10-02,6,0.009999999999998602,0.010000000000005116,4pm
2012-10-07,1,0.010000000000005116,0.010000000000005116,4pm
2012-10-08,1,0.010000000000001563,0.010000000000001563,4pm
2012-11-01,4,0.009999999999997566,0.010000000000001563,4pm
2012-11-04,1,0.009999999999990905,0.009999999999990905,4pm
2012-11-06,1,0.010000000000001563,0.010000000000001563,4pm
2012-11-12,1,0.00999999999999801,0.00999999999999801,4pm
2012-12-01,2,0.010000000000001563,0.010000000000005116,4pm
2012-12-03,2,0.010000000000001563,0.010000000000005116,4pm
2012-12-04,1,0.010000000000001563,0.010000000000001563,4pm
2012-12-06,4,0.022499999999999964,0.04999999999999716,4pm
2012-12-07,1,0.010000000000005116,0.010000000000005116,4pm
,662,0.018459214501510546,0.2699999999999818,4pm
2009-02-01,1,0.030000000000001137,0.030000000000001137,last
2009-04-02,1,2.769999999999996,2.769999999999996,last
2009-05-01,2,0.034999999999998366,0.05999999999999517,last
2009-06-01,1,0.029999999999997584,0.029999999999997584,last
2009-08-01,1,0.13000000000000256,0.13000000000000256,last
2009-09-01,1,0.030000000000001137,0.030000000000001137,last
2009-09-02,1,0.030000000000001137,0.030000000000001137,last
2009-12-01,3,0.03666666666666766,0.05000000000000071,last
2010-01-02,1,0.010000000000001563,0.010000000000001563,last
2010-01-03,3,0.06666666666666288,0.14999999999999147,last
2010-01-06,6,0.046666666666668334,0.07000000000000739,last
2010-01-07,1,0.04999999999999716,0.04999999999999716,last
2010-01-09,3,0.07333333333332466,0.11999999999999034,last
2010-02-02,5,0.2620000000000037,1.0500000000000114,last
2010-02-03,4,0.23000000000000487,0.7700000000000102,last
2010-02-06,4,0.05249999999999977,0.10999999999999943,last
2010-02-07,6,0.10166666666666895,0.35000000000002274,last
2010-02-08,2,0.030000000000001137,0.030000000000001137,last
2010-03-02,9,0.647777777777774,3.4299999999999784,last
2010-03-03,2,0.125,0.14000000000000057,last
2010-03-06,2,0.0899999999999963,0.14000000000000057,last
2010-03-08,1,0.009999999999990905,0.009999999999990905,last
2010-03-09,4,0.04999999999999627,0.06999999999999318,last
2010-04-01,1,0.029999999999997584,0.029999999999997584,last
2010-04-02,3,0.04333333333333774,0.060000000000002274,last
2010-04-06,7,0.03285714285714165,0.08000000000000185,last
2010-04-08,1,0.21000000000000796,0.21000000000000796,last
2010-04-10,3,0.02333333333333461,0.03999999999999915,last
2010-05-01,3,0.06333333333332902,0.1699999999999875,last
2010-05-02,7,0.08285714285714033,0.22999999999998977,last
2010-05-03,1,0.03999999999999915,0.03999999999999915,last
2010-05-04,1,0.03999999999999915,0.03999999999999915,last
2010-05-05,4,0.03249999999999975,0.060000000000002274,last
2010-05-08,2,0.09000000000001407,0.160000000000025,last
2010-05-10,3,0.02333333333333461,0.04000000000000625,last
2010-06-04,1,0.030000000000001137,0.030000000000001137,last
2010-06-05,8,0.581249999999998,2.869999999999976,last
2010-06-07,3,0.030000000000000544,0.06999999999999851,last
2010-06-10,1,0.03999999999999915,0.03999999999999915,last
2010-07-01,3,0.0533333333333322,0.10999999999999943,last
2010-07-04,2,0.05500000000000327,0.0800000000000054,last
2010-07-05,2,0.05500000000000149,0.10000000000000142,last
2010-07-06,6,0.05333333333333486,0.120000000000001,last
2010-07-07,2,0.08999999999999986,0.13000000000000256,last
2010-07-09,3,0.1533333333333348,0.4300000000000068,last
2010-07-10,1,0.019999999999999574,0.019999999999999574,last
2010-08-01,5,0.07199999999999988,0.12999999999999545,last
2010-08-02,3,0.07333333333333354,0.1599999999999966,last
2010-08-03,3,0.03999999999999796,0.09999999999999432,last
2010-08-04,4,0.10750000000000437,0.14999999999999147,last
2010-08-07,3,0.06333333333333317,0.13000000000000256,last
2010-08-09,4,0.0375000000000032,0.060000000000002274,last
2010-08-10,1,0.009999999999999787,0.009999999999999787,last
2010-09-02,2,0.04499999999999815,0.0799999999999983,last
2010-09-03,4,0.04249999999999954,0.11999999999999744,last
2010-09-04,3,0.03666666666666648,0.07000000000000028,last
2010-09-06,2,0.040000000000009805,0.040000000000020464,last
2010-09-07,1,0.010000000000005116,0.010000000000005116,last
2010-09-08,5,0.03999999999999808,0.07000000000000028,last
2010-09-09,5,0.06999999999999922,0.12999999999999545,last
2010-10-02,3,0.04333333333333359,0.10999999999999943,last
2010-10-03,1,0.010000000000005116,0.010000000000005116,last
2010-10-05,4,0.1174999999999975,0.38999999999998636,last
2010-10-06,1,0.10000000000000142,0.10000000000000142,last
2010-10-08,1,0.05000000000000071,0.05000000000000071,last
2010-10-09,1,0.00999999999999801,0.00999999999999801,last
2010-11-01,2,0.36000000000000654,0.6700000000000017,last
2010-11-02,4,0.042499999999998206,0.09999999999999787,last
2010-11-03,1,0.05999999999999872,0.05999999999999872,last
2010-11-05,5,0.08799999999999741,0.21000000000000796,last
2010-11-08,15,0.22533333333333128,1.1799999999999784,last
2010-11-10,2,0.045000000000001705,0.0799999999999983,last
2010-12-01,1,0.030000000000001137,0.030000000000001137,last
2010-12-03,1,0.09000000000000341,0.09000000000000341,last
2010-12-04,3,0.013333333333329497,0.01999999999999602,last
2010-12-07,8,0.2024999999999999,0.39000000000000057,last
2010-12-08,2,0.04499999999999904,0.0799999999999983,last
2010-12-10,2,0.10499999999999687,0.19999999999999574,last
2011-06-06,1,0.12999999999999545,0.12999999999999545,last
,454,0.11610132158590354,6.710000000000008,last
